timestamp,date,time,day_of_week,is_weekend,hour,solar_irradiance_wm2,temperature_c,panel_capacity_kw,panel_efficiency,solar_generation_kw,total_consumption_kw,num_households,battery_capacity_kwh,battery_soc_percent,battery_charging,battery_charge_rate_kw,battery_efficiency,grid_price_per_kwh,grid_import_kw,grid_export_kw,grid_cost_inr,grid_revenue_inr
2023-12-31T19:00:00.000Z,1/1/2024,12:30 AM,Mon,0,0,0,20,50,0.2,0,73.34,20,50,0,0,10,0.95,5.36,73.34,0,393.1,0
2023-12-31T20:00:00.000Z,1/1/2024,01:30 AM,Mon,0,1,0,20.2,50,0.199,0,72.77,20,50,0,0,10,0.95,5.58,72.77,0,406.09,0
2023-12-31T21:00:00.000Z,1/1/2024,02:30 AM,Mon,0,2,0,20.7,50,0.197,0,99.34,20,50,0,0,10,0.95,5.41,99.34,0,537.28,0
2023-12-31T22:00:00.000Z,1/1/2024,03:30 AM,Mon,0,3,0,21.5,50,0.194,0,82.77,20,50,0,0,10,0.95,5.28,82.77,0,437,0
2023-12-31T23:00:00.000Z,1/1/2024,04:30 AM,Mon,0,4,0,22.5,50,0.19,0,105.49,20,50,0,0,10,0.95,5.77,105.49,0,608.77,0
2024-01-01T00:00:00.000Z,1/1/2024,05:30 AM,Mon,0,5,0,23.7,50,0.185,0,118.49,20,50,0,0,10,0.95,6.51,118.49,0,771.71,0
2024-01-01T01:00:00.000Z,1/1/2024,06:30 AM,Mon,0,6,0,25,50,0.18,0,229.76,20,50,0,0,10,0.95,8.89,229.76,0,2043.33,0
2024-01-01T02:00:00.000Z,1/1/2024,07:30 AM,Mon,0,7,232,26.3,50,0.175,2.03,154.02,20,50,0,0,10,0.95,9.28,151.99,0,1409.82,0
2024-01-01T03:00:00.000Z,1/1/2024,08:30 AM,Mon,0,8,342,27.5,50,0.17,2.91,177.57,20,50,0,0,10,0.95,8.93,174.66,0,1560.06,0
2024-01-01T04:00:00.000Z,1/1/2024,09:30 AM,Mon,0,9,577,28.5,50,0.166,4.79,181,20,50,0,0,10,0.95,9.77,176.21,0,1720.88,0
2024-01-01T05:00:00.000Z,1/1/2024,10:30 AM,Mon,0,10,737,29.3,50,0.163,6,36.38,20,50,0,0,10,0.95,8.3,30.38,0,252.15,0
2024-01-01T06:00:00.000Z,1/1/2024,11:30 AM,Mon,0,11,732,29.8,50,0.161,5.89,37.54,20,50,0,0,10,0.95,5.99,31.65,0,189.68,0
2024-01-01T07:00:00.000Z,1/1/2024,12:30 PM,Mon,0,12,915,30,50,0.16,7.32,33.08,20,50,0,0,10,0.95,6.56,25.76,0,169.05,0
2024-01-01T08:00:00.000Z,1/1/2024,01:30 PM,Mon,0,13,709,29.8,50,0.161,5.7,36.59,20,50,0,0,10,0.95,5.54,30.89,0,171.23,0
2024-01-01T09:00:00.000Z,1/1/2024,02:30 PM,Mon,0,14,775,29.3,50,0.163,6.31,36.66,20,50,0,0,10,0.95,6.26,30.35,0,190.12,0
2024-01-01T10:00:00.000Z,1/1/2024,03:30 PM,Mon,0,15,639,28.5,50,0.166,5.3,37.96,20,50,0,0,10,0.95,6.7,32.66,0,218.91,0
2024-01-01T11:00:00.000Z,1/1/2024,04:30 PM,Mon,0,16,382,27.5,50,0.17,3.25,32.64,20,50,0,0,10,0.95,5.38,29.39,0,158.24,0
2024-01-01T12:00:00.000Z,1/1/2024,05:30 PM,Mon,0,17,182,26.3,50,0.175,1.59,38.69,20,50,0,0,10,0.95,5.07,37.1,0,188.05,0
2024-01-01T13:00:00.000Z,1/1/2024,06:30 PM,Mon,0,18,0,25,50,0.18,0,269.53,20,50,0,0,10,0.95,8.97,269.53,0,2417.9,0
2024-01-01T14:00:00.000Z,1/1/2024,07:30 PM,Mon,0,19,0,23.7,50,0.185,0,233.73,20,50,0,0,10,0.95,8.11,233.73,0,1894.61,0
2024-01-01T15:00:00.000Z,1/1/2024,08:30 PM,Mon,0,20,0,22.5,50,0.19,0,251.43,20,50,0,0,10,0.95,8.93,251.43,0,2246.11,0
2024-01-01T16:00:00.000Z,1/1/2024,09:30 PM,Mon,0,21,0,21.5,50,0.194,0,239.17,20,50,0,0,10,0.95,8.9,239.17,0,2129.56,0
2024-01-01T17:00:00.000Z,1/1/2024,10:30 PM,Mon,0,22,0,20.7,50,0.197,0,306.85,20,50,0,0,10,0.95,9.95,306.85,0,3052.7,0
2024-01-01T18:00:00.000Z,1/1/2024,11:30 PM,Mon,0,23,0,20.2,50,0.199,0,331.25,20,50,0,0,10,0.95,5.67,331.25,0,1878.29,0
2024-01-01T19:00:00.000Z,2/1/2024,12:30 AM,Tue,0,0,0,20.2,50,0.199,0,79.14,20,50,0,0,10,0.95,5.59,79.14,0,442.37,0
2024-01-01T20:00:00.000Z,2/1/2024,01:30 AM,Tue,0,1,0,20.3,50,0.199,0,71.88,20,50,0,0,10,0.95,5.64,71.88,0,405.49,0
2024-01-01T21:00:00.000Z,2/1/2024,02:30 AM,Tue,0,2,0,20.8,50,0.197,0,63.6,20,50,0,0,10,0.95,5.87,63.6,0,373.24,0
2024-01-01T22:00:00.000Z,2/1/2024,03:30 AM,Tue,0,3,0,21.6,50,0.194,0,80.05,20,50,0,0,10,0.95,6.67,80.05,0,533.68,0
2024-01-01T23:00:00.000Z,2/1/2024,04:30 AM,Tue,0,4,0,22.7,50,0.189,0,78.71,20,50,0,0,10,0.95,6.87,78.71,0,540.99,0
2024-01-02T00:00:00.000Z,2/1/2024,05:30 AM,Tue,0,5,0,23.9,50,0.184,0,85.99,20,50,0,0,10,0.95,5.33,85.99,0,458.05,0
2024-01-02T01:00:00.000Z,2/1/2024,06:30 AM,Tue,0,6,0,25.2,50,0.179,0,186.14,20,50,0,0,10,0.95,9.48,186.14,0,1764.66,0
2024-01-02T02:00:00.000Z,2/1/2024,07:30 AM,Tue,0,7,198,26.5,50,0.174,1.72,179.9,20,50,0,0,10,0.95,8.7,178.18,0,1549.26,0
2024-01-02T03:00:00.000Z,2/1/2024,08:30 AM,Tue,0,8,348,27.7,50,0.169,2.94,186.99,20,50,0,0,10,0.95,8.67,184.05,0,1596.36,0
2024-01-02T04:00:00.000Z,2/1/2024,09:30 AM,Tue,0,9,635,28.7,50,0.165,5.25,190.24,20,50,0,0,10,0.95,8.52,184.99,0,1575.91,0
2024-01-02T05:00:00.000Z,2/1/2024,10:30 AM,Tue,0,10,636,29.5,50,0.162,5.15,36.45,20,50,0,0,10,0.95,8.94,31.3,0,279.88,0
2024-01-02T06:00:00.000Z,2/1/2024,11:30 AM,Tue,0,11,764,30,50,0.16,6.11,36.73,20,50,0,0,10,0.95,5.96,30.62,0,182.44,0
2024-01-02T07:00:00.000Z,2/1/2024,12:30 PM,Tue,0,12,917,30.2,50,0.159,7.3,38.51,20,50,0,0,10,0.95,6.56,31.21,0,204.61,0
2024-01-02T08:00:00.000Z,2/1/2024,01:30 PM,Tue,0,13,668,30,50,0.16,5.34,34.5,20,50,0,0,10,0.95,5.7,29.16,0,166.25,0
2024-01-02T09:00:00.000Z,2/1/2024,02:30 PM,Tue,0,14,714,29.5,50,0.162,5.78,33.6,20,50,0,0,10,0.95,5.2,27.82,0,144.78,0
2024-01-02T10:00:00.000Z,2/1/2024,03:30 PM,Tue,0,15,563,28.7,50,0.165,4.65,31.84,20,50,0,0,10,0.95,6.02,27.19,0,163.7,0
2024-01-02T11:00:00.000Z,2/1/2024,04:30 PM,Tue,0,16,387,27.7,50,0.169,3.27,35.35,20,50,0,0,10,0.95,5.23,32.08,0,167.77,0
2024-01-02T12:00:00.000Z,2/1/2024,05:30 PM,Tue,0,17,224,26.5,50,0.174,1.95,36.82,20,50,0,0,10,0.95,6.63,34.87,0,231.24,0
2024-01-02T13:00:00.000Z,2/1/2024,06:30 PM,Tue,0,18,0,25.2,50,0.179,0,222.96,20,50,0,0,10,0.95,9.4,222.96,0,2095.26,0
2024-01-02T14:00:00.000Z,2/1/2024,07:30 PM,Tue,0,19,0,23.9,50,0.184,0,257.29,20,50,0,0,10,0.95,8.83,257.29,0,2271.24,0
2024-01-02T15:00:00.000Z,2/1/2024,08:30 PM,Tue,0,20,0,22.7,50,0.189,0,250.86,20,50,0,0,10,0.95,8.39,250.86,0,2104.99,0
2024-01-02T16:00:00.000Z,2/1/2024,09:30 PM,Tue,0,21,0,21.6,50,0.194,0,240.86,20,50,0,0,10,0.95,9.94,240.86,0,2394.95,0
2024-01-02T17:00:00.000Z,2/1/2024,10:30 PM,Tue,0,22,0,20.8,50,0.197,0,241.04,20,50,0,0,10,0.95,9.35,241.04,0,2253.71,0
2024-01-02T18:00:00.000Z,2/1/2024,11:30 PM,Tue,0,23,0,20.3,50,0.199,0,293.45,20,50,0,0,10,0.95,5.41,293.45,0,1587.41,0
2024-01-02T19:00:00.000Z,3/1/2024,12:30 AM,Wed,0,0,0,20.3,50,0.199,0,109.96,20,50,0,0,10,0.95,5.76,109.96,0,633.06,0
2024-01-02T20:00:00.000Z,3/1/2024,01:30 AM,Wed,0,1,0,20.5,50,0.198,0,109.8,20,50,0,0,10,0.95,6.29,109.8,0,690.16,0
2024-01-02T21:00:00.000Z,3/1/2024,02:30 AM,Wed,0,2,0,21,50,0.196,0,71.83,20,50,0,0,10,0.95,6.92,71.83,0,497.36,0
2024-01-02T22:00:00.000Z,3/1/2024,03:30 AM,Wed,0,3,0,21.8,50,0.193,0,93.2,20,50,0,0,10,0.95,5.65,93.2,0,526.78,0
2024-01-02T23:00:00.000Z,3/1/2024,04:30 AM,Wed,0,4,0,22.8,50,0.189,0,74.76,20,50,0,0,10,0.95,6.96,74.76,0,520.02,0
2024-01-03T00:00:00.000Z,3/1/2024,05:30 AM,Wed,0,5,0,24.1,50,0.184,0,92.95,20,50,0,0,10,0.95,5.54,92.95,0,515,0
2024-01-03T01:00:00.000Z,3/1/2024,06:30 AM,Wed,0,6,0,25.3,50,0.179,0,236.43,20,50,0,0,10,0.95,9.2,236.43,0,2175.26,0
2024-01-03T02:00:00.000Z,3/1/2024,07:30 AM,Wed,0,7,216,26.6,50,0.174,1.87,164,20,50,0,0,10,0.95,9.7,162.13,0,1572.34,0
2024-01-03T03:00:00.000Z,3/1/2024,08:30 AM,Wed,0,8,449,27.8,50,0.169,3.79,163.39,20,50,0,0,10,0.95,9.83,159.6,0,1568.68,0
2024-01-03T04:00:00.000Z,3/1/2024,09:30 AM,Wed,0,9,599,28.9,50,0.164,4.92,196.59,20,50,0,0,10,0.95,8.51,191.67,0,1631.16,0
2024-01-03T05:00:00.000Z,3/1/2024,10:30 AM,Wed,0,10,769,29.7,50,0.161,6.2,32.77,20,50,0,0,10,0.95,8.27,26.57,0,219.76,0
2024-01-03T06:00:00.000Z,3/1/2024,11:30 AM,Wed,0,11,833,30.2,50,0.159,6.63,33.01,20,50,0,0,10,0.95,5.18,26.38,0,136.54,0
2024-01-03T07:00:00.000Z,3/1/2024,12:30 PM,Wed,0,12,931,30.3,50,0.159,7.39,33.92,20,50,0,0,10,0.95,5.85,26.53,0,155.09,0
2024-01-03T08:00:00.000Z,3/1/2024,01:30 PM,Wed,0,13,848,30.2,50,0.159,6.75,31.27,20,50,0,0,10,0.95,5.4,24.52,0,132.38,0
2024-01-03T09:00:00.000Z,3/1/2024,02:30 PM,Wed,0,14,800,29.7,50,0.161,6.45,31.83,20,50,0,0,10,0.95,5.12,25.38,0,130.02,0
2024-01-03T10:00:00.000Z,3/1/2024,03:30 PM,Wed,0,15,491,28.9,50,0.164,4.04,36.37,20,50,0,0,10,0.95,5.89,32.33,0,190.55,0
2024-01-03T11:00:00.000Z,3/1/2024,04:30 PM,Wed,0,16,379,27.8,50,0.169,3.2,37.12,20,50,0,0,10,0.95,5.17,33.92,0,175.24,0
2024-01-03T12:00:00.000Z,3/1/2024,05:30 PM,Wed,0,17,238,26.6,50,0.174,2.07,36.68,20,50,0,0,10,0.95,6.52,34.61,0,225.53,0
2024-01-03T13:00:00.000Z,3/1/2024,06:30 PM,Wed,0,18,0,25.3,50,0.179,0,235.98,20,50,0,0,10,0.95,9.54,235.98,0,2251.15,0
2024-01-03T14:00:00.000Z,3/1/2024,07:30 PM,Wed,0,19,0,24.1,50,0.184,0,249.15,20,50,0,0,10,0.95,9.56,249.15,0,2381.83,0
2024-01-03T15:00:00.000Z,3/1/2024,08:30 PM,Wed,0,20,0,22.8,50,0.189,0,224.74,20,50,0,0,10,0.95,9.72,224.74,0,2183.97,0
2024-01-03T16:00:00.000Z,3/1/2024,09:30 PM,Wed,0,21,0,21.8,50,0.193,0,221.11,20,50,0,0,10,0.95,8.36,221.11,0,1848.25,0
2024-01-03T17:00:00.000Z,3/1/2024,10:30 PM,Wed,0,22,0,21,50,0.196,0,241.25,20,50,0,0,10,0.95,9.42,241.25,0,2271.92,0
2024-01-03T18:00:00.000Z,3/1/2024,11:30 PM,Wed,0,23,0,20.5,50,0.198,0,270.08,20,50,0,0,10,0.95,5.68,270.08,0,1532.92,0
2024-01-03T19:00:00.000Z,4/1/2024,12:30 AM,Thu,0,0,0,20.5,50,0.198,0,109.67,20,50,0,0,10,0.95,6.58,109.67,0,721.43,0
2024-01-03T20:00:00.000Z,4/1/2024,01:30 AM,Thu,0,1,0,20.7,50,0.197,0,135.81,20,50,0,0,10,0.95,6.05,135.81,0,821.28,0
2024-01-03T21:00:00.000Z,4/1/2024,02:30 AM,Thu,0,2,0,21.2,50,0.195,0,73.48,20,50,0,0,10,0.95,7,73.48,0,514.18,0
2024-01-03T22:00:00.000Z,4/1/2024,03:30 AM,Thu,0,3,0,22,50,0.192,0,82.78,20,50,0,0,10,0.95,6.59,82.78,0,545.34,0
2024-01-03T23:00:00.000Z,4/1/2024,04:30 AM,Thu,0,4,0,23,50,0.188,0,87.4,20,50,0,0,10,0.95,5.48,87.4,0,479.13,0
2024-01-04T00:00:00.000Z,4/1/2024,05:30 AM,Thu,0,5,0,24.2,50,0.183,0,111.91,20,50,0,0,10,0.95,6.96,111.91,0,778.54,0
2024-01-04T01:00:00.000Z,4/1/2024,06:30 AM,Thu,0,6,0,25.5,50,0.178,0,186.36,20,50,0,0,10,0.95,9.89,186.36,0,1843.22,0
2024-01-04T02:00:00.000Z,4/1/2024,07:30 AM,Thu,0,7,189,26.8,50,0.173,1.63,169.94,20,50,0,0,10,0.95,8.53,168.31,0,1435.51,0
2024-01-04T03:00:00.000Z,4/1/2024,08:30 AM,Thu,0,8,351,28,50,0.168,2.95,193.74,20,50,0,0,10,0.95,9.62,190.79,0,1834.86,0
2024-01-04T04:00:00.000Z,4/1/2024,09:30 AM,Thu,0,9,561,29.1,50,0.164,4.59,167.75,20,50,0,0,10,0.95,9.72,163.16,0,1585.19,0
2024-01-04T05:00:00.000Z,4/1/2024,10:30 AM,Thu,0,10,761,29.8,50,0.161,6.12,35.13,20,50,0,0,10,0.95,9.6,29.01,0,278.62,0
2024-01-04T06:00:00.000Z,4/1/2024,11:30 AM,Thu,0,11,691,30.3,50,0.159,5.49,33.03,20,50,0,0,10,0.95,6.67,27.54,0,183.65,0
2024-01-04T07:00:00.000Z,4/1/2024,12:30 PM,Thu,0,12,732,30.5,50,0.158,5.78,33.39,20,50,0,0,10,0.95,6.68,27.61,0,184.51,0
2024-01-04T08:00:00.000Z,4/1/2024,01:30 PM,Thu,0,13,705,30.3,50,0.159,5.6,32.88,20,50,0,0,10,0.95,6.86,27.28,0,187.26,0
2024-01-04T09:00:00.000Z,4/1/2024,02:30 PM,Thu,0,14,711,29.8,50,0.161,5.72,36.69,20,50,0,0,10,0.95,6.27,30.97,0,194.07,0
2024-01-04T10:00:00.000Z,4/1/2024,03:30 PM,Thu,0,15,617,29.1,50,0.164,5.05,33.71,20,50,0,0,10,0.95,5.4,28.66,0,154.7,0
2024-01-04T11:00:00.000Z,4/1/2024,04:30 PM,Thu,0,16,398,28,50,0.168,3.34,38.59,20,50,0,0,10,0.95,5.74,35.25,0,202.4,0
2024-01-04T12:00:00.000Z,4/1/2024,05:30 PM,Thu,0,17,196,26.8,50,0.173,1.69,39.46,20,50,0,0,10,0.95,5.77,37.77,0,217.93,0
2024-01-04T13:00:00.000Z,4/1/2024,06:30 PM,Thu,0,18,0,25.5,50,0.178,0,250.84,20,50,0,0,10,0.95,9.02,250.84,0,2262.36,0
2024-01-04T14:00:00.000Z,4/1/2024,07:30 PM,Thu,0,19,0,24.2,50,0.183,0,251.03,20,50,0,0,10,0.95,9.08,251.03,0,2279.73,0
2024-01-04T15:00:00.000Z,4/1/2024,08:30 PM,Thu,0,20,0,23,50,0.188,0,282.71,20,50,0,0,10,0.95,9.15,282.71,0,2587.83,0
2024-01-04T16:00:00.000Z,4/1/2024,09:30 PM,Thu,0,21,0,22,50,0.192,0,250.11,20,50,0,0,10,0.95,8.26,250.11,0,2065.81,0
2024-01-04T17:00:00.000Z,4/1/2024,10:30 PM,Thu,0,22,0,21.2,50,0.195,0,327.51,20,50,0,0,10,0.95,8.01,327.51,0,2622.93,0
2024-01-04T18:00:00.000Z,4/1/2024,11:30 PM,Thu,0,23,0,20.7,50,0.197,0,291.88,20,50,0,0,10,0.95,5.27,291.88,0,1538.1,0
2024-01-04T19:00:00.000Z,5/1/2024,12:30 AM,Fri,0,0,0,20.7,50,0.197,0,91.48,20,50,0,0,10,0.95,6.81,91.48,0,623.34,0
2024-01-04T20:00:00.000Z,5/1/2024,01:30 AM,Fri,0,1,0,20.9,50,0.196,0,77,20,50,0,0,10,0.95,5.77,77,0,444.52,0
2024-01-04T21:00:00.000Z,5/1/2024,02:30 AM,Fri,0,2,0,21.4,50,0.194,0,63.78,20,50,0,0,10,0.95,5.34,63.78,0,340.88,0
2024-01-04T22:00:00.000Z,5/1/2024,03:30 AM,Fri,0,3,0,22.2,50,0.191,0,116.49,20,50,0,0,10,0.95,6.35,116.49,0,739.5,0
2024-01-04T23:00:00.000Z,5/1/2024,04:30 AM,Fri,0,4,0,23.2,50,0.187,0,78.07,20,50,0,0,10,0.95,5.71,78.07,0,446.09,0
2024-01-05T00:00:00.000Z,5/1/2024,05:30 AM,Fri,0,5,0,24.4,50,0.182,0,102.35,20,50,0,0,10,0.95,6.41,102.35,0,655.61,0
2024-01-05T01:00:00.000Z,5/1/2024,06:30 AM,Fri,0,6,0,25.7,50,0.177,0,210.61,20,50,0,0,10,0.95,9.59,210.61,0,2018.82,0
2024-01-05T02:00:00.000Z,5/1/2024,07:30 AM,Fri,0,7,239,27,50,0.172,2.06,181.12,20,50,0,0,10,0.95,9.27,179.06,0,1659.44,0
2024-01-05T03:00:00.000Z,5/1/2024,08:30 AM,Fri,0,8,366,28.2,50,0.167,3.06,192.57,20,50,0,0,10,0.95,8.82,189.51,0,1670.99,0
2024-01-05T04:00:00.000Z,5/1/2024,09:30 AM,Fri,0,9,605,29.2,50,0.163,4.94,193.03,20,50,0,0,10,0.95,8.69,188.09,0,1634.32,0
2024-01-05T05:00:00.000Z,5/1/2024,10:30 AM,Fri,0,10,793,30,50,0.16,6.34,38.02,20,50,0,0,10,0.95,8.73,31.68,0,276.58,0
2024-01-05T06:00:00.000Z,5/1/2024,11:30 AM,Fri,0,11,699,30.5,50,0.158,5.52,37.08,20,50,0,0,10,0.95,5.6,31.56,0,176.81,0
2024-01-05T07:00:00.000Z,5/1/2024,12:30 PM,Fri,0,12,878,30.7,50,0.157,6.9,36.64,20,50,0,0,10,0.95,6.51,29.74,0,193.68,0
2024-01-05T08:00:00.000Z,5/1/2024,01:30 PM,Fri,0,13,805,30.5,50,0.158,6.36,33.06,20,50,0,0,10,0.95,5.43,26.7,0,145.08,0
2024-01-05T09:00:00.000Z,5/1/2024,02:30 PM,Fri,0,14,803,30,50,0.16,6.42,33.8,20,50,0,0,10,0.95,5.84,27.38,0,159.95,0
2024-01-05T10:00:00.000Z,5/1/2024,03:30 PM,Fri,0,15,591,29.2,50,0.163,4.82,31.96,20,50,0,0,10,0.95,5.73,27.14,0,155.63,0
2024-01-05T11:00:00.000Z,5/1/2024,04:30 PM,Fri,0,16,382,28.2,50,0.167,3.19,34.33,20,50,0,0,10,0.95,5.64,31.14,0,175.51,0
2024-01-05T12:00:00.000Z,5/1/2024,05:30 PM,Fri,0,17,212,27,50,0.172,1.82,35.57,20,50,0,0,10,0.95,6.67,33.75,0,225,0
2024-01-05T13:00:00.000Z,5/1/2024,06:30 PM,Fri,0,18,0,25.7,50,0.177,0,242.75,20,50,0,0,10,0.95,8.91,242.75,0,2162.06,0
2024-01-05T14:00:00.000Z,5/1/2024,07:30 PM,Fri,0,19,0,24.4,50,0.182,0,216.23,20,50,0,0,10,0.95,9.53,216.23,0,2059.67,0
2024-01-05T15:00:00.000Z,5/1/2024,08:30 PM,Fri,0,20,0,23.2,50,0.187,0,242.5,20,50,0,0,10,0.95,9.01,242.5,0,2185.53,0
2024-01-05T16:00:00.000Z,5/1/2024,09:30 PM,Fri,0,21,0,22.2,50,0.191,0,229.21,20,50,0,0,10,0.95,8.75,229.21,0,2006.31,0
2024-01-05T17:00:00.000Z,5/1/2024,10:30 PM,Fri,0,22,0,21.4,50,0.194,0,288.65,20,50,0,0,10,0.95,9.55,288.65,0,2756.11,0
2024-01-05T18:00:00.000Z,5/1/2024,11:30 PM,Fri,0,23,0,20.9,50,0.196,0,278.18,20,50,0,0,10,0.95,6.53,278.18,0,1816.55,0
2024-01-05T19:00:00.000Z,6/1/2024,12:30 AM,Sat,1,0,0,20.9,50,0.196,0,108.54,20,50,0,0,10,0.95,6.97,108.54,0,756.51,0
2024-01-05T20:00:00.000Z,6/1/2024,01:30 AM,Sat,1,1,0,21,50,0.196,0,92.11,20,50,0,0,10,0.95,5.05,92.11,0,465.26,0
2024-01-05T21:00:00.000Z,6/1/2024,02:30 AM,Sat,1,2,0,21.5,50,0.194,0,90.51,20,50,0,0,10,0.95,5.59,90.51,0,506.25,0
2024-01-05T22:00:00.000Z,6/1/2024,03:30 AM,Sat,1,3,0,22.3,50,0.191,0,93.94,20,50,0,0,10,0.95,6.4,93.94,0,601.13,0
2024-01-05T23:00:00.000Z,6/1/2024,04:30 AM,Sat,1,4,0,23.4,50,0.186,0,104.36,20,50,0,0,10,0.95,6.09,104.36,0,635.11,0
2024-01-06T00:00:00.000Z,6/1/2024,05:30 AM,Sat,1,5,0,24.6,50,0.182,0,103.56,20,50,0,0,10,0.95,6.54,103.56,0,676.88,0
2024-01-06T01:00:00.000Z,6/1/2024,06:30 AM,Sat,1,6,0,25.9,50,0.176,0,298.52,20,50,0,0,10,0.95,9.57,298.52,0,2855.48,0
2024-01-06T02:00:00.000Z,6/1/2024,07:30 AM,Sat,1,7,208,27.2,50,0.171,1.78,209.21,20,50,0,0,10,0.95,9.66,207.43,0,2004.51,0
2024-01-06T03:00:00.000Z,6/1/2024,08:30 AM,Sat,1,8,412,28.4,50,0.166,3.43,204.24,20,50,0,0,10,0.95,8.37,200.81,0,1681.23,0
2024-01-06T04:00:00.000Z,6/1/2024,09:30 AM,Sat,1,9,670,29.4,50,0.162,5.44,191.94,20,50,0,0,10,0.95,9.03,186.5,0,1683.22,0
2024-01-06T05:00:00.000Z,6/1/2024,10:30 AM,Sat,1,10,697,30.2,50,0.159,5.55,41.43,20,50,0,0,10,0.95,8.3,35.88,0,297.86,0
2024-01-06T06:00:00.000Z,6/1/2024,11:30 AM,Sat,1,11,901,30.7,50,0.157,7.08,36.79,20,50,0,0,10,0.95,6.77,29.71,0,201.17,0
2024-01-06T07:00:00.000Z,6/1/2024,12:30 PM,Sat,1,12,955,30.9,50,0.156,7.47,40.82,20,50,0,0,10,0.95,6.63,33.35,0,221.25,0
2024-01-06T08:00:00.000Z,6/1/2024,01:30 PM,Sat,1,13,830,30.7,50,0.157,6.52,44.93,20,50,0,0,10,0.95,5.37,38.41,0,206.24,0
2024-01-06T09:00:00.000Z,6/1/2024,02:30 PM,Sat,1,14,781,30.2,50,0.159,6.22,38.98,20,50,0,0,10,0.95,5.56,32.76,0,182.12,0
2024-01-06T10:00:00.000Z,6/1/2024,03:30 PM,Sat,1,15,505,29.4,50,0.162,4.1,42.43,20,50,0,0,10,0.95,6.41,38.33,0,245.54,0
2024-01-06T11:00:00.000Z,6/1/2024,04:30 PM,Sat,1,16,437,28.4,50,0.166,3.64,42.47,20,50,0,0,10,0.95,6.83,38.83,0,265.23,0
2024-01-06T12:00:00.000Z,6/1/2024,05:30 PM,Sat,1,17,235,27.2,50,0.171,2.01,40.21,20,50,0,0,10,0.95,5.81,38.2,0,221.97,0
2024-01-06T13:00:00.000Z,6/1/2024,06:30 PM,Sat,1,18,0,25.9,50,0.176,0,264.58,20,50,0,0,10,0.95,8.2,264.58,0,2170.55,0
2024-01-06T14:00:00.000Z,6/1/2024,07:30 PM,Sat,1,19,0,24.6,50,0.182,0,313.47,20,50,0,0,10,0.95,8.27,313.47,0,2592.34,0
2024-01-06T15:00:00.000Z,6/1/2024,08:30 PM,Sat,1,20,0,23.4,50,0.186,0,279.96,20,50,0,0,10,0.95,9.71,279.96,0,2717.39,0
2024-01-06T16:00:00.000Z,6/1/2024,09:30 PM,Sat,1,21,0,22.3,50,0.191,0,305.31,20,50,0,0,10,0.95,8.01,305.31,0,2445.58,0
2024-01-06T17:00:00.000Z,6/1/2024,10:30 PM,Sat,1,22,0,21.5,50,0.194,0,347.8,20,50,0,0,10,0.95,8.41,347.8,0,2924.55,0
2024-01-06T18:00:00.000Z,6/1/2024,11:30 PM,Sat,1,23,0,21,50,0.196,0,347.99,20,50,0,0,10,0.95,5.3,347.99,0,1843.93,0
2024-01-06T19:00:00.000Z,7/1/2024,12:30 AM,Sun,1,0,0,21,50,0.196,0,89.06,20,50,0,0,10,0.95,6.56,89.06,0,583.9,0
2024-01-06T20:00:00.000Z,7/1/2024,01:30 AM,Sun,1,1,0,21.2,50,0.195,0,89.02,20,50,0,0,10,0.95,5.27,89.02,0,468.71,0
2024-01-06T21:00:00.000Z,7/1/2024,02:30 AM,Sun,1,2,0,21.7,50,0.193,0,89.56,20,50,0,0,10,0.95,5.18,89.56,0,464.06,0
2024-01-06T22:00:00.000Z,7/1/2024,03:30 AM,Sun,1,3,0,22.5,50,0.19,0,106.23,20,50,0,0,10,0.95,5.34,106.23,0,567.06,0
2024-01-06T23:00:00.000Z,7/1/2024,04:30 AM,Sun,1,4,0,23.5,50,0.186,0,122.16,20,50,0,0,10,0.95,6.95,122.16,0,848.49,0
2024-01-07T00:00:00.000Z,7/1/2024,05:30 AM,Sun,1,5,0,24.7,50,0.181,0,117.13,20,50,0,0,10,0.95,5.66,117.13,0,662.61,0
2024-01-07T01:00:00.000Z,7/1/2024,06:30 AM,Sun,1,6,0,26,50,0.176,0,242.16,20,50,0,0,10,0.95,9.99,242.16,0,2418.15,0
2024-01-07T02:00:00.000Z,7/1/2024,07:30 AM,Sun,1,7,225,27.3,50,0.171,1.92,208.78,20,50,0,0,10,0.95,8.37,206.86,0,1731.24,0
2024-01-07T03:00:00.000Z,7/1/2024,08:30 AM,Sun,1,8,437,28.5,50,0.166,3.63,213.17,20,50,0,0,10,0.95,8.35,209.54,0,1749.8,0
2024-01-07T04:00:00.000Z,7/1/2024,09:30 AM,Sun,1,9,607,29.6,50,0.162,4.9,243.62,20,50,0,0,10,0.95,8.84,238.72,0,2109.33,0
2024-01-07T05:00:00.000Z,7/1/2024,10:30 AM,Sun,1,10,719,30.4,50,0.158,5.69,48.78,20,50,0,0,10,0.95,8.46,43.09,0,364.58,0
2024-01-07T06:00:00.000Z,7/1/2024,11:30 AM,Sun,1,11,804,30.9,50,0.156,6.29,44.21,20,50,0,0,10,0.95,6.1,37.92,0,231.41,0
2024-01-07T07:00:00.000Z,7/1/2024,12:30 PM,Sun,1,12,835,31,50,0.156,6.51,39.06,20,50,0,0,10,0.95,5.18,32.55,0,168.73,0
2024-01-07T08:00:00.000Z,7/1/2024,01:30 PM,Sun,1,13,785,30.9,50,0.156,6.14,40.61,20,50,0,0,10,0.95,5.1,34.47,0,175.83,0
2024-01-07T09:00:00.000Z,7/1/2024,02:30 PM,Sun,1,14,819,30.4,50,0.158,6.49,50.29,20,50,0,0,10,0.95,6.22,43.8,0,272.53,0
2024-01-07T10:00:00.000Z,7/1/2024,03:30 PM,Sun,1,15,532,29.6,50,0.162,4.3,41.46,20,50,0,0,10,0.95,6.84,37.16,0,254.08,0
2024-01-07T11:00:00.000Z,7/1/2024,04:30 PM,Sun,1,16,369,28.5,50,0.166,3.06,43.85,20,50,0,0,10,0.95,5.9,40.79,0,240.73,0
2024-01-07T12:00:00.000Z,7/1/2024,05:30 PM,Sun,1,17,234,27.3,50,0.171,2,45.39,20,50,0,0,10,0.95,5.23,43.39,0,227.05,0
2024-01-07T13:00:00.000Z,7/1/2024,06:30 PM,Sun,1,18,0,26,50,0.176,0,281.18,20,50,0,0,10,0.95,9.56,281.18,0,2688.97,0
2024-01-07T14:00:00.000Z,7/1/2024,07:30 PM,Sun,1,19,0,24.7,50,0.181,0,317.38,20,50,0,0,10,0.95,9.32,317.38,0,2959.03,0
2024-01-07T15:00:00.000Z,7/1/2024,08:30 PM,Sun,1,20,0,23.5,50,0.186,0,303.12,20,50,0,0,10,0.95,9.85,303.12,0,2985.9,0
2024-01-07T16:00:00.000Z,7/1/2024,09:30 PM,Sun,1,21,0,22.5,50,0.19,0,314.43,20,50,0,0,10,0.95,9.54,314.43,0,3000.4,0
2024-01-07T17:00:00.000Z,7/1/2024,10:30 PM,Sun,1,22,0,21.7,50,0.193,0,360.45,20,50,0,0,10,0.95,8.31,360.45,0,2994.13,0
2024-01-07T18:00:00.000Z,7/1/2024,11:30 PM,Sun,1,23,0,21.2,50,0.195,0,307.3,20,50,0,0,10,0.95,6.57,307.3,0,2019.88,0
2024-01-07T19:00:00.000Z,8/1/2024,12:30 AM,Mon,0,0,0,21.2,50,0.195,0,73.2,20,50,0,0,10,0.95,6.98,73.2,0,510.98,0
2024-01-07T20:00:00.000Z,8/1/2024,01:30 AM,Mon,0,1,0,21.4,50,0.194,0,108.58,20,50,0,0,10,0.95,6.4,108.58,0,694.49,0
2024-01-07T21:00:00.000Z,8/1/2024,02:30 AM,Mon,0,2,0,21.9,50,0.192,0,111.05,20,50,0,0,10,0.95,6.34,111.05,0,703.83,0
2024-01-07T22:00:00.000Z,8/1/2024,03:30 AM,Mon,0,3,0,22.7,50,0.189,0,72.08,20,50,0,0,10,0.95,6.58,72.08,0,474.45,0
2024-01-07T23:00:00.000Z,8/1/2024,04:30 AM,Mon,0,4,0,23.7,50,0.185,0,99.77,20,50,0,0,10,0.95,6.32,99.77,0,630.99,0
2024-01-08T00:00:00.000Z,8/1/2024,05:30 AM,Mon,0,5,0,24.9,50,0.18,0,95.79,20,50,0,0,10,0.95,6.82,95.79,0,653.29,0
2024-01-08T01:00:00.000Z,8/1/2024,06:30 AM,Mon,0,6,0,26.2,50,0.175,0,231.15,20,50,0,0,10,0.95,8.32,231.15,0,1923.39,0
2024-01-08T02:00:00.000Z,8/1/2024,07:30 AM,Mon,0,7,192,27.5,50,0.17,1.63,170.28,20,50,0,0,10,0.95,9.98,168.65,0,1682.51,0
2024-01-08T03:00:00.000Z,8/1/2024,08:30 AM,Mon,0,8,482,28.7,50,0.165,3.98,150.27,20,50,0,0,10,0.95,9.11,146.29,0,1333.23,0
2024-01-08T04:00:00.000Z,8/1/2024,09:30 AM,Mon,0,9,553,29.7,50,0.161,4.46,175.66,20,50,0,0,10,0.95,9.52,171.2,0,1629.82,0
2024-01-08T05:00:00.000Z,8/1/2024,10:30 AM,Mon,0,10,683,30.5,50,0.158,5.4,36.83,20,50,0,0,10,0.95,9.19,31.43,0,288.76,0
2024-01-08T06:00:00.000Z,8/1/2024,11:30 AM,Mon,0,11,783,31,50,0.156,6.11,37.63,20,50,0,0,10,0.95,6.01,31.52,0,189.47,0
2024-01-08T07:00:00.000Z,8/1/2024,12:30 PM,Mon,0,12,894,31.2,50,0.155,6.94,34.76,20,50,0,0,10,0.95,6.2,27.82,0,172.61,0
2024-01-08T08:00:00.000Z,8/1/2024,01:30 PM,Mon,0,13,734,31,50,0.156,5.73,33.25,20,50,0,0,10,0.95,7,27.52,0,192.64,0
2024-01-08T09:00:00.000Z,8/1/2024,02:30 PM,Mon,0,14,691,30.5,50,0.158,5.46,33.03,20,50,0,0,10,0.95,6.11,27.57,0,168.52,0
2024-01-08T10:00:00.000Z,8/1/2024,03:30 PM,Mon,0,15,565,29.7,50,0.161,4.55,33.5,20,50,0,0,10,0.95,5.03,28.95,0,145.59,0
2024-01-08T11:00:00.000Z,8/1/2024,04:30 PM,Mon,0,16,460,28.7,50,0.165,3.8,41.46,20,50,0,0,10,0.95,5.65,37.66,0,212.67,0
2024-01-08T12:00:00.000Z,8/1/2024,05:30 PM,Mon,0,17,193,27.5,50,0.17,1.64,35.88,20,50,0,0,10,0.95,6.49,34.24,0,222.18,0
2024-01-08T13:00:00.000Z,8/1/2024,06:30 PM,Mon,0,18,0,26.2,50,0.175,0,246,20,50,0,0,10,0.95,8.54,246,0,2100.67,0
2024-01-08T14:00:00.000Z,8/1/2024,07:30 PM,Mon,0,19,0,24.9,50,0.18,0,242.6,20,50,0,0,10,0.95,9.53,242.6,0,2312.88,0
2024-01-08T15:00:00.000Z,8/1/2024,08:30 PM,Mon,0,20,0,23.7,50,0.185,0,223.41,20,50,0,0,10,0.95,8.37,223.41,0,1870.37,0
2024-01-08T16:00:00.000Z,8/1/2024,09:30 PM,Mon,0,21,0,22.7,50,0.189,0,237.91,20,50,0,0,10,0.95,9.1,237.91,0,2164.02,0
2024-01-08T17:00:00.000Z,8/1/2024,10:30 PM,Mon,0,22,0,21.9,50,0.192,0,317.54,20,50,0,0,10,0.95,9.01,317.54,0,2860.92,0
2024-01-08T18:00:00.000Z,8/1/2024,11:30 PM,Mon,0,23,0,21.4,50,0.194,0,286.55,20,50,0,0,10,0.95,6.71,286.55,0,1923.21,0
2024-01-08T19:00:00.000Z,9/1/2024,12:30 AM,Tue,0,0,0,21.4,50,0.194,0,87.31,20,50,0,0,10,0.95,5.79,87.31,0,505.71,0
2024-01-08T20:00:00.000Z,9/1/2024,01:30 AM,Tue,0,1,0,21.5,50,0.194,0,97.6,20,50,0,0,10,0.95,5.93,97.6,0,578.43,0
2024-01-08T21:00:00.000Z,9/1/2024,02:30 AM,Tue,0,2,0,22,50,0.192,0,79.41,20,50,0,0,10,0.95,6.65,79.41,0,527.7,0
2024-01-08T22:00:00.000Z,9/1/2024,03:30 AM,Tue,0,3,0,22.8,50,0.189,0,80.46,20,50,0,0,10,0.95,6.27,80.46,0,504.41,0
2024-01-08T23:00:00.000Z,9/1/2024,04:30 AM,Tue,0,4,0,23.9,50,0.184,0,92.99,20,50,0,0,10,0.95,6.79,92.99,0,631.81,0
2024-01-09T00:00:00.000Z,9/1/2024,05:30 AM,Tue,0,5,0,25.1,50,0.18,0,107.03,20,50,0,0,10,0.95,6.4,107.03,0,685.45,0
2024-01-09T01:00:00.000Z,9/1/2024,06:30 AM,Tue,0,6,0,26.4,50,0.174,0,235.26,20,50,0,0,10,0.95,8.3,235.26,0,1952.63,0
2024-01-09T02:00:00.000Z,9/1/2024,07:30 AM,Tue,0,7,248,27.7,50,0.169,2.1,180.07,20,50,0,0,10,0.95,8.29,177.97,0,1475.19,0
2024-01-09T03:00:00.000Z,9/1/2024,08:30 AM,Tue,0,8,426,28.9,50,0.164,3.5,183.19,20,50,0,0,10,0.95,8.4,179.69,0,1508.9,0
2024-01-09T04:00:00.000Z,9/1/2024,09:30 AM,Tue,0,9,677,29.9,50,0.16,5.43,170.96,20,50,0,0,10,0.95,8.29,165.53,0,1373.04,0
2024-01-09T05:00:00.000Z,9/1/2024,10:30 AM,Tue,0,10,652,30.7,50,0.157,5.12,35.97,20,50,0,0,10,0.95,8.59,30.85,0,264.83,0
2024-01-09T06:00:00.000Z,9/1/2024,11:30 AM,Tue,0,11,925,31.2,50,0.155,7.18,31.62,20,50,0,0,10,0.95,6.31,24.44,0,154.21,0
2024-01-09T07:00:00.000Z,9/1/2024,12:30 PM,Tue,0,12,764,31.4,50,0.154,5.9,38.68,20,50,0,0,10,0.95,5.63,32.78,0,184.58,0
2024-01-09T08:00:00.000Z,9/1/2024,01:30 PM,Tue,0,13,945,31.2,50,0.155,7.33,37.91,20,50,0,0,10,0.95,5.17,30.58,0,158.15,0
2024-01-09T09:00:00.000Z,9/1/2024,02:30 PM,Tue,0,14,785,30.7,50,0.157,6.17,35.24,20,50,0,0,10,0.95,6.67,29.07,0,193.97,0
2024-01-09T10:00:00.000Z,9/1/2024,03:30 PM,Tue,0,15,664,29.9,50,0.16,5.33,29.97,20,50,0,0,10,0.95,5.44,24.64,0,134.12,0
2024-01-09T11:00:00.000Z,9/1/2024,04:30 PM,Tue,0,16,378,28.9,50,0.164,3.11,36.86,20,50,0,0,10,0.95,5.82,33.75,0,196.43,0
2024-01-09T12:00:00.000Z,9/1/2024,05:30 PM,Tue,0,17,244,27.7,50,0.169,2.06,35.92,20,50,0,0,10,0.95,5.16,33.86,0,174.84,0
2024-01-09T13:00:00.000Z,9/1/2024,06:30 PM,Tue,0,18,0,26.4,50,0.174,0,275.4,20,50,0,0,10,0.95,9.55,275.4,0,2629.87,0
2024-01-09T14:00:00.000Z,9/1/2024,07:30 PM,Tue,0,19,0,25.1,50,0.18,0,237.16,20,50,0,0,10,0.95,8.2,237.16,0,1943.75,0
2024-01-09T15:00:00.000Z,9/1/2024,08:30 PM,Tue,0,20,0,23.9,50,0.184,0,251.29,20,50,0,0,10,0.95,9.3,251.29,0,2336.23,0
2024-01-09T16:00:00.000Z,9/1/2024,09:30 PM,Tue,0,21,0,22.8,50,0.189,0,243.83,20,50,0,0,10,0.95,8.4,243.83,0,2047.48,0
2024-01-09T17:00:00.000Z,9/1/2024,10:30 PM,Tue,0,22,0,22,50,0.192,0,284.85,20,50,0,0,10,0.95,8.27,284.85,0,2354.63,0
2024-01-09T18:00:00.000Z,9/1/2024,11:30 PM,Tue,0,23,0,21.5,50,0.194,0,258.86,20,50,0,0,10,0.95,5,258.86,0,1295.41,0
2024-01-09T19:00:00.000Z,10/1/2024,12:30 AM,Wed,0,0,0,21.5,50,0.194,0,89.82,20,50,0,0,10,0.95,6.37,89.82,0,571.91,0
2024-01-09T20:00:00.000Z,10/1/2024,01:30 AM,Wed,0,1,0,21.7,50,0.193,0,87.83,20,50,0,0,10,0.95,5.66,87.83,0,496.9,0
2024-01-09T21:00:00.000Z,10/1/2024,02:30 AM,Wed,0,2,0,22.2,50,0.191,0,77.35,20,50,0,0,10,0.95,5.38,77.35,0,416.49,0
2024-01-09T22:00:00.000Z,10/1/2024,03:30 AM,Wed,0,3,0,23,50,0.188,0,91.4,20,50,0,0,10,0.95,5.78,91.4,0,528.75,0
2024-01-09T23:00:00.000Z,10/1/2024,04:30 AM,Wed,0,4,0,24,50,0.184,0,115.12,20,50,0,0,10,0.95,6.13,115.12,0,705.48,0
2024-01-10T00:00:00.000Z,10/1/2024,05:30 AM,Wed,0,5,0,25.2,50,0.179,0,85.62,20,50,0,0,10,0.95,5.85,85.62,0,501.13,0
2024-01-10T01:00:00.000Z,10/1/2024,06:30 AM,Wed,0,6,0,26.5,50,0.174,0,222.2,20,50,0,0,10,0.95,8.07,222.2,0,1792.13,0
2024-01-10T02:00:00.000Z,10/1/2024,07:30 AM,Wed,0,7,241,27.8,50,0.169,2.03,182.74,20,50,0,0,10,0.95,9.41,180.71,0,1701.31,0
2024-01-10T03:00:00.000Z,10/1/2024,08:30 AM,Wed,0,8,383,29,50,0.164,3.14,151.23,20,50,0,0,10,0.95,9.31,148.09,0,1378.49,0
2024-01-10T04:00:00.000Z,10/1/2024,09:30 AM,Wed,0,9,679,30.1,50,0.16,5.42,148.38,20,50,0,0,10,0.95,9.82,142.96,0,1403.49,0
2024-01-10T05:00:00.000Z,10/1/2024,10:30 AM,Wed,0,10,855,30.9,50,0.156,6.69,32.71,20,50,0,0,10,0.95,9.58,26.02,0,249.31,0
2024-01-10T06:00:00.000Z,10/1/2024,11:30 AM,Wed,0,11,752,31.4,50,0.154,5.81,33.74,20,50,0,0,10,0.95,5.14,27.93,0,143.48,0
2024-01-10T07:00:00.000Z,10/1/2024,12:30 PM,Wed,0,12,934,31.5,50,0.154,7.19,34.57,20,50,0,0,10,0.95,5.19,27.38,0,142.18,0
2024-01-10T08:00:00.000Z,10/1/2024,01:30 PM,Wed,0,13,759,31.4,50,0.154,5.86,34.64,20,50,0,0,10,0.95,5.49,28.78,0,157.96,0
2024-01-10T09:00:00.000Z,10/1/2024,02:30 PM,Wed,0,14,773,30.9,50,0.156,6.04,33.8,20,50,0,0,10,0.95,5.71,27.76,0,158.48,0
2024-01-10T10:00:00.000Z,10/1/2024,03:30 PM,Wed,0,15,642,30.1,50,0.16,5.12,34.08,20,50,0,0,10,0.95,6.79,28.96,0,196.72,0
2024-01-10T11:00:00.000Z,10/1/2024,04:30 PM,Wed,0,16,383,29,50,0.164,3.14,32.29,20,50,0,0,10,0.95,6.55,29.15,0,190.83,0
2024-01-10T12:00:00.000Z,10/1/2024,05:30 PM,Wed,0,17,234,27.8,50,0.169,1.97,31.37,20,50,0,0,10,0.95,6.63,29.4,0,195.02,0
2024-01-10T13:00:00.000Z,10/1/2024,06:30 PM,Wed,0,18,0,26.5,50,0.174,0,209.33,20,50,0,0,10,0.95,8.98,209.33,0,1879.76,0
2024-01-10T14:00:00.000Z,10/1/2024,07:30 PM,Wed,0,19,0,25.2,50,0.179,0,255.99,20,50,0,0,10,0.95,8.05,255.99,0,2059.81,0
2024-01-10T15:00:00.000Z,10/1/2024,08:30 PM,Wed,0,20,0,24,50,0.184,0,241.48,20,50,0,0,10,0.95,9.08,241.48,0,2193.43,0
2024-01-10T16:00:00.000Z,10/1/2024,09:30 PM,Wed,0,21,0,23,50,0.188,0,243.17,20,50,0,0,10,0.95,9.05,243.17,0,2199.95,0
2024-01-10T17:00:00.000Z,10/1/2024,10:30 PM,Wed,0,22,0,22.2,50,0.191,0,256.75,20,50,0,0,10,0.95,9.22,256.75,0,2367.09,0
2024-01-10T18:00:00.000Z,10/1/2024,11:30 PM,Wed,0,23,0,21.7,50,0.193,0,280.66,20,50,0,0,10,0.95,5.55,280.66,0,1556.91,0
2024-01-10T19:00:00.000Z,11/1/2024,12:30 AM,Thu,0,0,0,21.7,50,0.193,0,101.92,20,50,0,0,10,0.95,6.38,101.92,0,650.52,0
2024-01-10T20:00:00.000Z,11/1/2024,01:30 AM,Thu,0,1,0,21.9,50,0.192,0,82.82,20,50,0,0,10,0.95,6.53,82.82,0,540.54,0
2024-01-10T21:00:00.000Z,11/1/2024,02:30 AM,Thu,0,2,0,22.4,50,0.19,0,93.33,20,50,0,0,10,0.95,5.01,93.33,0,467.33,0
2024-01-10T22:00:00.000Z,11/1/2024,03:30 AM,Thu,0,3,0,23.2,50,0.187,0,94.21,20,50,0,0,10,0.95,5.47,94.21,0,514.88,0
2024-01-10T23:00:00.000Z,11/1/2024,04:30 AM,Thu,0,4,0,24.2,50,0.183,0,88.79,20,50,0,0,10,0.95,6.33,88.79,0,561.76,0
2024-01-11T00:00:00.000Z,11/1/2024,05:30 AM,Thu,0,5,0,25.4,50,0.178,0,86.78,20,50,0,0,10,0.95,5.72,86.78,0,496.1,0
2024-01-11T01:00:00.000Z,11/1/2024,06:30 AM,Thu,0,6,0,26.7,50,0.173,0,212.91,20,50,0,0,10,0.95,8.19,212.91,0,1744.44,0
2024-01-11T02:00:00.000Z,11/1/2024,07:30 AM,Thu,0,7,254,28,50,0.168,2.13,179.8,20,50,0,0,10,0.95,8.38,177.67,0,1488.65,0
2024-01-11T03:00:00.000Z,11/1/2024,08:30 AM,Thu,0,8,473,29.2,50,0.163,3.86,192.94,20,50,0,0,10,0.95,8.55,189.08,0,1616.06,0
2024-01-11T04:00:00.000Z,11/1/2024,09:30 AM,Thu,0,9,617,30.2,50,0.159,4.91,184.86,20,50,0,0,10,0.95,9.06,179.95,0,1630.78,0
2024-01-11T05:00:00.000Z,11/1/2024,10:30 AM,Thu,0,10,710,31,50,0.156,5.54,36.08,20,50,0,0,10,0.95,9.74,30.54,0,297.42,0
2024-01-11T06:00:00.000Z,11/1/2024,11:30 AM,Thu,0,11,793,31.5,50,0.154,6.11,36.37,20,50,0,0,10,0.95,5.15,30.26,0,155.84,0
2024-01-11T07:00:00.000Z,11/1/2024,12:30 PM,Thu,0,12,810,31.7,50,0.153,6.2,33.93,20,50,0,0,10,0.95,5.46,27.73,0,151.46,0
2024-01-11T08:00:00.000Z,11/1/2024,01:30 PM,Thu,0,13,724,31.5,50,0.154,5.57,34.08,20,50,0,0,10,0.95,6.57,28.51,0,187.34,0
2024-01-11T09:00:00.000Z,11/1/2024,02:30 PM,Thu,0,14,850,31,50,0.156,6.63,32.57,20,50,0,0,10,0.95,5.46,25.94,0,141.67,0
2024-01-11T10:00:00.000Z,11/1/2024,03:30 PM,Thu,0,15,638,30.2,50,0.159,5.08,34.23,20,50,0,0,10,0.95,6.6,29.15,0,192.29,0
2024-01-11T11:00:00.000Z,11/1/2024,04:30 PM,Thu,0,16,416,29.2,50,0.163,3.39,32.08,20,50,0,0,10,0.95,5.54,28.69,0,159.02,0
2024-01-11T12:00:00.000Z,11/1/2024,05:30 PM,Thu,0,17,221,28,50,0.168,1.86,40.26,20,50,0,0,10,0.95,6.49,38.4,0,249.39,0
2024-01-11T13:00:00.000Z,11/1/2024,06:30 PM,Thu,0,18,0,26.7,50,0.173,0,244.01,20,50,0,0,10,0.95,9.09,244.01,0,2218.19,0
2024-01-11T14:00:00.000Z,11/1/2024,07:30 PM,Thu,0,19,0,25.4,50,0.178,0,240.95,20,50,0,0,10,0.95,8.8,240.95,0,2120.76,0
2024-01-11T15:00:00.000Z,11/1/2024,08:30 PM,Thu,0,20,0,24.2,50,0.183,0,275.54,20,50,0,0,10,0.95,8.35,275.54,0,2300.98,0
2024-01-11T16:00:00.000Z,11/1/2024,09:30 PM,Thu,0,21,0,23.2,50,0.187,0,214.5,20,50,0,0,10,0.95,8.1,214.5,0,1738.06,0
2024-01-11T17:00:00.000Z,11/1/2024,10:30 PM,Thu,0,22,0,22.4,50,0.19,0,279.02,20,50,0,0,10,0.95,8.49,279.02,0,2369.29,0
2024-01-11T18:00:00.000Z,11/1/2024,11:30 PM,Thu,0,23,0,21.9,50,0.192,0,295.94,20,50,0,0,10,0.95,5.47,295.94,0,1619.4,0
2024-01-11T19:00:00.000Z,12/1/2024,12:30 AM,Fri,0,0,0,21.9,50,0.192,0,86.52,20,50,0,0,10,0.95,5.99,86.52,0,518.52,0
2024-01-11T20:00:00.000Z,12/1/2024,01:30 AM,Fri,0,1,0,22.1,50,0.192,0,107.58,20,50,0,0,10,0.95,5.35,107.58,0,575.67,0
2024-01-11T21:00:00.000Z,12/1/2024,02:30 AM,Fri,0,2,0,22.6,50,0.19,0,80.1,20,50,0,0,10,0.95,5.24,80.1,0,419.58,0
2024-01-11T22:00:00.000Z,12/1/2024,03:30 AM,Fri,0,3,0,23.3,50,0.187,0,74.13,20,50,0,0,10,0.95,5.46,74.13,0,404.91,0
2024-01-11T23:00:00.000Z,12/1/2024,04:30 AM,Fri,0,4,0,24.4,50,0.182,0,109.34,20,50,0,0,10,0.95,5.19,109.34,0,567.56,0
2024-01-12T00:00:00.000Z,12/1/2024,05:30 AM,Fri,0,5,0,25.6,50,0.178,0,69.4,20,50,0,0,10,0.95,6.81,69.4,0,472.72,0
2024-01-12T01:00:00.000Z,12/1/2024,06:30 AM,Fri,0,6,0,26.9,50,0.172,0,217.85,20,50,0,0,10,0.95,9.48,217.85,0,2064.73,0
2024-01-12T02:00:00.000Z,12/1/2024,07:30 AM,Fri,0,7,236,28.2,50,0.167,1.97,176.98,20,50,0,0,10,0.95,9.44,175.01,0,1652.1,0
2024-01-12T03:00:00.000Z,12/1/2024,08:30 AM,Fri,0,8,421,29.4,50,0.162,3.42,170.94,20,50,0,0,10,0.95,9.97,167.52,0,1670.07,0
2024-01-12T04:00:00.000Z,12/1/2024,09:30 AM,Fri,0,9,541,30.4,50,0.158,4.28,186.01,20,50,0,0,10,0.95,8.9,181.73,0,1616.49,0
2024-01-12T05:00:00.000Z,12/1/2024,10:30 AM,Fri,0,10,777,31.2,50,0.155,6.03,38.32,20,50,0,0,10,0.95,9.28,32.29,0,299.72,0
2024-01-12T06:00:00.000Z,12/1/2024,11:30 AM,Fri,0,11,840,31.7,50,0.153,6.43,34.62,20,50,0,0,10,0.95,6.38,28.19,0,179.95,0
2024-01-12T07:00:00.000Z,12/1/2024,12:30 PM,Fri,0,12,870,31.9,50,0.152,6.63,35.21,20,50,0,0,10,0.95,5.86,28.58,0,167.53,0
2024-01-12T08:00:00.000Z,12/1/2024,01:30 PM,Fri,0,13,719,31.7,50,0.153,5.51,29.92,20,50,0,0,10,0.95,6.67,24.41,0,162.82,0
2024-01-12T09:00:00.000Z,12/1/2024,02:30 PM,Fri,0,14,688,31.2,50,0.155,5.34,33.37,20,50,0,0,10,0.95,6.39,28.03,0,179.09,0
2024-01-12T10:00:00.000Z,12/1/2024,03:30 PM,Fri,0,15,558,30.4,50,0.158,4.42,34.6,20,50,0,0,10,0.95,5.18,30.18,0,156.41,0
2024-01-12T11:00:00.000Z,12/1/2024,04:30 PM,Fri,0,16,425,29.4,50,0.162,3.45,33.63,20,50,0,0,10,0.95,6.1,30.18,0,184.07,0
2024-01-12T12:00:00.000Z,12/1/2024,05:30 PM,Fri,0,17,194,28.2,50,0.167,1.62,33.29,20,50,0,0,10,0.95,6.57,31.67,0,208.05,0
2024-01-12T13:00:00.000Z,12/1/2024,06:30 PM,Fri,0,18,0,26.9,50,0.172,0,248.74,20,50,0,0,10,0.95,9.99,248.74,0,2483.87,0
2024-01-12T14:00:00.000Z,12/1/2024,07:30 PM,Fri,0,19,0,25.6,50,0.178,0,248.24,20,50,0,0,10,0.95,9.7,248.24,0,2407.03,0
2024-01-12T15:00:00.000Z,12/1/2024,08:30 PM,Fri,0,20,0,24.4,50,0.182,0,243.46,20,50,0,0,10,0.95,9.8,243.46,0,2385.62,0
2024-01-12T16:00:00.000Z,12/1/2024,09:30 PM,Fri,0,21,0,23.3,50,0.187,0,246.07,20,50,0,0,10,0.95,8.59,246.07,0,2114.96,0
2024-01-12T17:00:00.000Z,12/1/2024,10:30 PM,Fri,0,22,0,22.6,50,0.19,0,290.14,20,50,0,0,10,0.95,8.22,290.14,0,2384.98,0
2024-01-12T18:00:00.000Z,12/1/2024,11:30 PM,Fri,0,23,0,22.1,50,0.192,0,278.53,20,50,0,0,10,0.95,5.46,278.53,0,1521.34,0
2024-01-12T19:00:00.000Z,13/1/2024,12:30 AM,Sat,1,0,0,22.1,50,0.192,0,105.24,20,50,0,0,10,0.95,5.75,105.24,0,605.42,0
2024-01-12T20:00:00.000Z,13/1/2024,01:30 AM,Sat,1,1,0,22.2,50,0.191,0,97.97,20,50,0,0,10,0.95,5.42,97.97,0,531.08,0
2024-01-12T21:00:00.000Z,13/1/2024,02:30 AM,Sat,1,2,0,22.7,50,0.189,0,97.1,20,50,0,0,10,0.95,6.85,97.1,0,664.68,0
2024-01-12T22:00:00.000Z,13/1/2024,03:30 AM,Sat,1,3,0,23.5,50,0.186,0,102.15,20,50,0,0,10,0.95,6.51,102.15,0,664.73,0
2024-01-12T23:00:00.000Z,13/1/2024,04:30 AM,Sat,1,4,0,24.6,50,0.182,0,94.77,20,50,0,0,10,0.95,6.95,94.77,0,658.69,0
2024-01-13T00:00:00.000Z,13/1/2024,05:30 AM,Sat,1,5,0,25.8,50,0.177,0,105.3,20,50,0,0,10,0.95,6.12,105.3,0,644.08,0
2024-01-13T01:00:00.000Z,13/1/2024,06:30 AM,Sat,1,6,0,27.1,50,0.172,0,321.89,20,50,0,0,10,0.95,9.93,321.89,0,3195.03,0
2024-01-13T02:00:00.000Z,13/1/2024,07:30 AM,Sat,1,7,259,28.3,50,0.167,2.16,219.24,20,50,0,0,10,0.95,8.82,217.08,0,1915.7,0
2024-01-13T03:00:00.000Z,13/1/2024,08:30 AM,Sat,1,8,389,29.6,50,0.162,3.14,195.43,20,50,0,0,10,0.95,8.76,192.29,0,1684.23,0
2024-01-13T04:00:00.000Z,13/1/2024,09:30 AM,Sat,1,9,613,30.6,50,0.158,4.83,204.57,20,50,0,0,10,0.95,9.6,199.74,0,1918.3,0
2024-01-13T05:00:00.000Z,13/1/2024,10:30 AM,Sat,1,10,733,31.4,50,0.154,5.66,39.13,20,50,0,0,10,0.95,8.88,33.47,0,297.31,0
2024-01-13T06:00:00.000Z,13/1/2024,11:30 AM,Sat,1,11,874,31.9,50,0.152,6.66,38.62,20,50,0,0,10,0.95,6.09,31.96,0,194.72,0
2024-01-13T07:00:00.000Z,13/1/2024,12:30 PM,Sat,1,12,875,32.1,50,0.152,6.63,48.54,20,50,0,0,10,0.95,6.07,41.91,0,254.28,0
2024-01-13T08:00:00.000Z,13/1/2024,01:30 PM,Sat,1,13,939,31.9,50,0.152,7.16,42.53,20,50,0,0,10,0.95,6.41,35.37,0,226.81,0
2024-01-13T09:00:00.000Z,13/1/2024,02:30 PM,Sat,1,14,857,31.4,50,0.154,6.62,39.54,20,50,0,0,10,0.95,5.68,32.92,0,186.85,0
2024-01-13T10:00:00.000Z,13/1/2024,03:30 PM,Sat,1,15,638,30.6,50,0.158,5.03,47.17,20,50,0,0,10,0.95,6.04,42.14,0,254.35,0
2024-01-13T11:00:00.000Z,13/1/2024,04:30 PM,Sat,1,16,485,29.6,50,0.162,3.92,38.12,20,50,0,0,10,0.95,5.65,34.2,0,193.36,0
2024-01-13T12:00:00.000Z,13/1/2024,05:30 PM,Sat,1,17,246,28.3,50,0.167,2.05,42.38,20,50,0,0,10,0.95,5.33,40.33,0,215.03,0
2024-01-13T13:00:00.000Z,13/1/2024,06:30 PM,Sat,1,18,0,27.1,50,0.172,0,301.25,20,50,0,0,10,0.95,8.12,301.25,0,2446.97,0
2024-01-13T14:00:00.000Z,13/1/2024,07:30 PM,Sat,1,19,0,25.8,50,0.177,0,288.96,20,50,0,0,10,0.95,9.66,288.96,0,2791.97,0
2024-01-13T15:00:00.000Z,13/1/2024,08:30 PM,Sat,1,20,0,24.6,50,0.182,0,269.57,20,50,0,0,10,0.95,9.37,269.57,0,2524.53,0
2024-01-13T16:00:00.000Z,13/1/2024,09:30 PM,Sat,1,21,0,23.5,50,0.186,0,273.25,20,50,0,0,10,0.95,9.74,273.25,0,2661.87,0
2024-01-13T17:00:00.000Z,13/1/2024,10:30 PM,Sat,1,22,0,22.7,50,0.189,0,364.49,20,50,0,0,10,0.95,9.19,364.49,0,3348.98,0
2024-01-13T18:00:00.000Z,13/1/2024,11:30 PM,Sat,1,23,0,22.2,50,0.191,0,339.53,20,50,0,0,10,0.95,6.81,339.53,0,2310.95,0
2024-01-13T19:00:00.000Z,14/1/2024,12:30 AM,Sun,1,0,0,22.2,50,0.191,0,113.19,20,50,0,0,10,0.95,6.81,113.19,0,770.33,0
2024-01-13T20:00:00.000Z,14/1/2024,01:30 AM,Sun,1,1,0,22.4,50,0.19,0,102.43,20,50,0,0,10,0.95,5.38,102.43,0,550.88,0
2024-01-13T21:00:00.000Z,14/1/2024,02:30 AM,Sun,1,2,0,22.9,50,0.188,0,107.05,20,50,0,0,10,0.95,6.73,107.05,0,720.5,0
2024-01-13T22:00:00.000Z,14/1/2024,03:30 AM,Sun,1,3,0,23.7,50,0.185,0,88.92,20,50,0,0,10,0.95,5.55,88.92,0,493.43,0
2024-01-13T23:00:00.000Z,14/1/2024,04:30 AM,Sun,1,4,0,24.7,50,0.181,0,93.96,20,50,0,0,10,0.95,5.62,93.96,0,527.71,0
2024-01-14T00:00:00.000Z,14/1/2024,05:30 AM,Sun,1,5,0,25.9,50,0.176,0,117.39,20,50,0,0,10,0.95,6.47,117.39,0,759.93,0
2024-01-14T01:00:00.000Z,14/1/2024,06:30 AM,Sun,1,6,0,27.2,50,0.171,0,252.8,20,50,0,0,10,0.95,8.45,252.8,0,2136.5,0
2024-01-14T02:00:00.000Z,14/1/2024,07:30 AM,Sun,1,7,240,28.5,50,0.166,1.99,203.5,20,50,0,0,10,0.95,8.74,201.51,0,1762.07,0
2024-01-14T03:00:00.000Z,14/1/2024,08:30 AM,Sun,1,8,403,29.7,50,0.161,3.25,211.03,20,50,0,0,10,0.95,9.66,207.78,0,2006.5,0
2024-01-14T04:00:00.000Z,14/1/2024,09:30 AM,Sun,1,9,711,30.8,50,0.157,5.57,219.74,20,50,0,0,10,0.95,9.78,214.17,0,2094.57,0
2024-01-14T05:00:00.000Z,14/1/2024,10:30 AM,Sun,1,10,855,31.5,50,0.154,6.58,40.49,20,50,0,0,10,0.95,8.11,33.91,0,275.09,0
2024-01-14T06:00:00.000Z,14/1/2024,11:30 AM,Sun,1,11,953,32,50,0.152,7.24,42.92,20,50,0,0,10,0.95,5.14,35.68,0,183.22,0
2024-01-14T07:00:00.000Z,14/1/2024,12:30 PM,Sun,1,12,958,32.2,50,0.151,7.24,49.27,20,50,0,0,10,0.95,6.6,42.03,0,277.22,0
2024-01-14T08:00:00.000Z,14/1/2024,01:30 PM,Sun,1,13,772,32,50,0.152,5.87,45.11,20,50,0,0,10,0.95,5.11,39.24,0,200.38,0
2024-01-14T09:00:00.000Z,14/1/2024,02:30 PM,Sun,1,14,715,31.5,50,0.154,5.51,40.04,20,50,0,0,10,0.95,6.41,34.53,0,221.35,0
2024-01-14T10:00:00.000Z,14/1/2024,03:30 PM,Sun,1,15,693,30.8,50,0.157,5.43,43.8,20,50,0,0,10,0.95,6.62,38.37,0,254,0
2024-01-14T11:00:00.000Z,14/1/2024,04:30 PM,Sun,1,16,456,29.7,50,0.161,3.68,42.26,20,50,0,0,10,0.95,5.29,38.58,0,204.27,0
2024-01-14T12:00:00.000Z,14/1/2024,05:30 PM,Sun,1,17,212,28.5,50,0.166,1.76,40.59,20,50,0,0,10,0.95,5.06,38.83,0,196.59,0
2024-01-14T13:00:00.000Z,14/1/2024,06:30 PM,Sun,1,18,0,27.2,50,0.171,0,297.07,20,50,0,0,10,0.95,8.72,297.07,0,2591.74,0
2024-01-14T14:00:00.000Z,14/1/2024,07:30 PM,Sun,1,19,0,25.9,50,0.176,0,328.67,20,50,0,0,10,0.95,8.42,328.67,0,2767.42,0
2024-01-14T15:00:00.000Z,14/1/2024,08:30 PM,Sun,1,20,0,24.7,50,0.181,0,297.2,20,50,0,0,10,0.95,8.57,297.2,0,2546.39,0
2024-01-14T16:00:00.000Z,14/1/2024,09:30 PM,Sun,1,21,0,23.7,50,0.185,0,297.38,20,50,0,0,10,0.95,8.73,297.38,0,2596.13,0
2024-01-14T17:00:00.000Z,14/1/2024,10:30 PM,Sun,1,22,0,22.9,50,0.188,0,334.89,20,50,0,0,10,0.95,9.88,334.89,0,3308.46,0
2024-01-14T18:00:00.000Z,14/1/2024,11:30 PM,Sun,1,23,0,22.4,50,0.19,0,391.11,20,50,0,0,10,0.95,5.02,391.11,0,1964.54,0
2024-01-14T19:00:00.000Z,15/1/2024,12:30 AM,Mon,0,0,0,22.4,50,0.19,0,87.09,20,50,0,0,10,0.95,6.62,87.09,0,576.48,0
2024-01-14T20:00:00.000Z,15/1/2024,01:30 AM,Mon,0,1,0,22.6,50,0.19,0,75.67,20,50,0,0,10,0.95,5.59,75.67,0,422.82,0
2024-01-14T21:00:00.000Z,15/1/2024,02:30 AM,Mon,0,2,0,23.1,50,0.188,0,67.83,20,50,0,0,10,0.95,6.24,67.83,0,423.2,0
2024-01-14T22:00:00.000Z,15/1/2024,03:30 AM,Mon,0,3,0,23.9,50,0.184,0,124.48,20,50,0,0,10,0.95,6.29,124.48,0,782.61,0
2024-01-14T23:00:00.000Z,15/1/2024,04:30 AM,Mon,0,4,0,24.9,50,0.18,0,99.91,20,50,0,0,10,0.95,6.11,99.91,0,610.3,0
2024-01-15T00:00:00.000Z,15/1/2024,05:30 AM,Mon,0,5,0,26.1,50,0.176,0,119.75,20,50,0,0,10,0.95,5.09,119.75,0,610.08,0
2024-01-15T01:00:00.000Z,15/1/2024,06:30 AM,Mon,0,6,0,27.4,50,0.17,0,204.61,20,50,0,0,10,0.95,9.8,204.61,0,2005.54,0
2024-01-15T02:00:00.000Z,15/1/2024,07:30 AM,Mon,0,7,236,28.7,50,0.165,1.95,171.44,20,50,0,0,10,0.95,8.66,169.49,0,1467.87,0
2024-01-15T03:00:00.000Z,15/1/2024,08:30 AM,Mon,0,8,421,29.9,50,0.16,3.38,150.27,20,50,0,0,10,0.95,9.01,146.89,0,1323.29,0
2024-01-15T04:00:00.000Z,15/1/2024,09:30 AM,Mon,0,9,699,30.9,50,0.156,5.47,207.67,20,50,0,0,10,0.95,9.88,202.2,0,1997.65,0
2024-01-15T05:00:00.000Z,15/1/2024,10:30 AM,Mon,0,10,783,31.7,50,0.153,6,33.55,20,50,0,0,10,0.95,9.5,27.55,0,261.87,0
2024-01-15T06:00:00.000Z,15/1/2024,11:30 AM,Mon,0,11,937,32.2,50,0.151,7.08,37.05,20,50,0,0,10,0.95,6.28,29.97,0,188.16,0
2024-01-15T07:00:00.000Z,15/1/2024,12:30 PM,Mon,0,12,993,32.4,50,0.15,7.47,35.38,20,50,0,0,10,0.95,6.31,27.91,0,176.2,0
2024-01-15T08:00:00.000Z,15/1/2024,01:30 PM,Mon,0,13,791,32.2,50,0.151,5.98,36.2,20,50,0,0,10,0.95,5.15,30.22,0,155.66,0
2024-01-15T09:00:00.000Z,15/1/2024,02:30 PM,Mon,0,14,846,31.7,50,0.153,6.48,32.36,20,50,0,0,10,0.95,6.23,25.88,0,161.21,0
2024-01-15T10:00:00.000Z,15/1/2024,03:30 PM,Mon,0,15,616,30.9,50,0.156,4.82,32.87,20,50,0,0,10,0.95,5.46,28.05,0,153.03,0
2024-01-15T11:00:00.000Z,15/1/2024,04:30 PM,Mon,0,16,468,29.9,50,0.16,3.75,37.57,20,50,0,0,10,0.95,5.03,33.82,0,169.99,0
2024-01-15T12:00:00.000Z,15/1/2024,05:30 PM,Mon,0,17,246,28.7,50,0.165,2.03,30.52,20,50,0,0,10,0.95,5.47,28.49,0,155.86,0
2024-01-15T13:00:00.000Z,15/1/2024,06:30 PM,Mon,0,18,0,27.4,50,0.17,0,243.9,20,50,0,0,10,0.95,8.68,243.9,0,2117.32,0
2024-01-15T14:00:00.000Z,15/1/2024,07:30 PM,Mon,0,19,0,26.1,50,0.176,0,262.06,20,50,0,0,10,0.95,9.24,262.06,0,2420.48,0
2024-01-15T15:00:00.000Z,15/1/2024,08:30 PM,Mon,0,20,0,24.9,50,0.18,0,220.48,20,50,0,0,10,0.95,9.41,220.48,0,2075.22,0
2024-01-15T16:00:00.000Z,15/1/2024,09:30 PM,Mon,0,21,0,23.9,50,0.184,0,213.19,20,50,0,0,10,0.95,9.48,213.19,0,2021.58,0
2024-01-15T17:00:00.000Z,15/1/2024,10:30 PM,Mon,0,22,0,23.1,50,0.188,0,282.81,20,50,0,0,10,0.95,9.47,282.81,0,2678.16,0
2024-01-15T18:00:00.000Z,15/1/2024,11:30 PM,Mon,0,23,0,22.6,50,0.19,0,326.84,20,50,0,0,10,0.95,6.17,326.84,0,2015.45,0
2024-01-15T19:00:00.000Z,16/1/2024,12:30 AM,Tue,0,0,0,22.6,50,0.19,0,75.68,20,50,0,0,10,0.95,6.16,75.68,0,466.27,0
2024-01-15T20:00:00.000Z,16/1/2024,01:30 AM,Tue,0,1,0,22.7,50,0.189,0,85.46,20,50,0,0,10,0.95,6.93,85.46,0,591.97,0
2024-01-15T21:00:00.000Z,16/1/2024,02:30 AM,Tue,0,2,0,23.2,50,0.187,0,95.66,20,50,0,0,10,0.95,5.87,95.66,0,561.39,0
2024-01-15T22:00:00.000Z,16/1/2024,03:30 AM,Tue,0,3,0,24,50,0.184,0,89.59,20,50,0,0,10,0.95,5.26,89.59,0,471.14,0
2024-01-15T23:00:00.000Z,16/1/2024,04:30 AM,Tue,0,4,0,25.1,50,0.18,0,96.45,20,50,0,0,10,0.95,6.02,96.45,0,581.07,0
2024-01-16T00:00:00.000Z,16/1/2024,05:30 AM,Tue,0,5,0,26.3,50,0.175,0,114.65,20,50,0,0,10,0.95,6.16,114.65,0,705.96,0
2024-01-16T01:00:00.000Z,16/1/2024,06:30 AM,Tue,0,6,0,27.6,50,0.17,0,266.87,20,50,0,0,10,0.95,8.61,266.87,0,2298.45,0
2024-01-16T02:00:00.000Z,16/1/2024,07:30 AM,Tue,0,7,200,28.8,50,0.165,1.65,174.39,20,50,0,0,10,0.95,8.79,172.74,0,1517.66,0
2024-01-16T03:00:00.000Z,16/1/2024,08:30 AM,Tue,0,8,406,30.1,50,0.16,3.24,178.14,20,50,0,0,10,0.95,9.5,174.9,0,1660.7,0
2024-01-16T04:00:00.000Z,16/1/2024,09:30 AM,Tue,0,9,637,31.1,50,0.156,4.96,163.94,20,50,0,0,10,0.95,9.05,158.98,0,1439.36,0
2024-01-16T05:00:00.000Z,16/1/2024,10:30 AM,Tue,0,10,875,31.9,50,0.152,6.67,38.1,20,50,0,0,10,0.95,8.36,31.43,0,262.84,0
2024-01-16T06:00:00.000Z,16/1/2024,11:30 AM,Tue,0,11,940,32.4,50,0.15,7.07,36.1,20,50,0,0,10,0.95,5.36,29.03,0,155.49,0
2024-01-16T07:00:00.000Z,16/1/2024,12:30 PM,Tue,0,12,1021,32.6,50,0.15,7.64,36.49,20,50,0,0,10,0.95,5.74,28.85,0,165.72,0
2024-01-16T08:00:00.000Z,16/1/2024,01:30 PM,Tue,0,13,935,32.4,50,0.15,7.03,35.23,20,50,0,0,10,0.95,5.3,28.2,0,149.53,0
2024-01-16T09:00:00.000Z,16/1/2024,02:30 PM,Tue,0,14,761,31.9,50,0.152,5.8,35.14,20,50,0,0,10,0.95,5.48,29.34,0,160.86,0
2024-01-16T10:00:00.000Z,16/1/2024,03:30 PM,Tue,0,15,635,31.1,50,0.156,4.94,32.72,20,50,0,0,10,0.95,5.98,27.78,0,166.14,0
2024-01-16T11:00:00.000Z,16/1/2024,04:30 PM,Tue,0,16,398,30.1,50,0.16,3.18,31.24,20,50,0,0,10,0.95,5.51,28.06,0,154.57,0
2024-01-16T12:00:00.000Z,16/1/2024,05:30 PM,Tue,0,17,262,28.8,50,0.165,2.16,41.85,20,50,0,0,10,0.95,5.43,39.69,0,215.59,0
2024-01-16T13:00:00.000Z,16/1/2024,06:30 PM,Tue,0,18,0,27.6,50,0.17,0,235.61,20,50,0,0,10,0.95,8.01,235.61,0,1887.8,0
2024-01-16T14:00:00.000Z,16/1/2024,07:30 PM,Tue,0,19,0,26.3,50,0.175,0,254.68,20,50,0,0,10,0.95,9.23,254.68,0,2349.99,0
2024-01-16T15:00:00.000Z,16/1/2024,08:30 PM,Tue,0,20,0,25.1,50,0.18,0,230.07,20,50,0,0,10,0.95,9.03,230.07,0,2077.13,0
2024-01-16T16:00:00.000Z,16/1/2024,09:30 PM,Tue,0,21,0,24,50,0.184,0,278.15,20,50,0,0,10,0.95,8.96,278.15,0,2492.32,0
2024-01-16T17:00:00.000Z,16/1/2024,10:30 PM,Tue,0,22,0,23.2,50,0.187,0,283.75,20,50,0,0,10,0.95,9.95,283.75,0,2822.58,0
2024-01-16T18:00:00.000Z,16/1/2024,11:30 PM,Tue,0,23,0,22.7,50,0.189,0,292.42,20,50,0,0,10,0.95,5.06,292.42,0,1480.44,0
2024-01-16T19:00:00.000Z,17/1/2024,12:30 AM,Wed,0,0,0,22.7,50,0.189,0,103.88,20,50,0,0,10,0.95,6.76,103.88,0,701.82,0
2024-01-16T20:00:00.000Z,17/1/2024,01:30 AM,Wed,0,1,0,22.9,50,0.188,0,82.09,20,50,0,0,10,0.95,5.32,82.09,0,437.12,0
2024-01-16T21:00:00.000Z,17/1/2024,02:30 AM,Wed,0,2,0,23.4,50,0.186,0,100.89,20,50,0,0,10,0.95,6.31,100.89,0,636.44,0
2024-01-16T22:00:00.000Z,17/1/2024,03:30 AM,Wed,0,3,0,24.2,50,0.183,0,92,20,50,0,0,10,0.95,5.83,92,0,536.61,0
2024-01-16T23:00:00.000Z,17/1/2024,04:30 AM,Wed,0,4,0,25.2,50,0.179,0,70.37,20,50,0,0,10,0.95,5.24,70.37,0,368.67,0
2024-01-17T00:00:00.000Z,17/1/2024,05:30 AM,Wed,0,5,0,26.4,50,0.174,0,74.5,20,50,0,0,10,0.95,6.8,74.5,0,506.91,0
2024-01-17T01:00:00.000Z,17/1/2024,06:30 AM,Wed,0,6,0,27.7,50,0.169,0,213.92,20,50,0,0,10,0.95,8.99,213.92,0,1922.89,0
2024-01-17T02:00:00.000Z,17/1/2024,07:30 AM,Wed,0,7,204,29,50,0.164,1.67,161.05,20,50,0,0,10,0.95,8.51,159.38,0,1356.85,0
2024-01-17T03:00:00.000Z,17/1/2024,08:30 AM,Wed,0,8,396,30.2,50,0.159,3.15,160.34,20,50,0,0,10,0.95,9.16,157.19,0,1440.5,0
2024-01-17T04:00:00.000Z,17/1/2024,09:30 AM,Wed,0,9,647,31.3,50,0.155,5.01,185.41,20,50,0,0,10,0.95,8.46,180.4,0,1526.61,0
2024-01-17T05:00:00.000Z,17/1/2024,10:30 AM,Wed,0,10,752,32,50,0.152,5.72,31.77,20,50,0,0,10,0.95,8.69,26.05,0,226.46,0
2024-01-17T06:00:00.000Z,17/1/2024,11:30 AM,Wed,0,11,955,32.5,50,0.15,7.16,35.49,20,50,0,0,10,0.95,5.37,28.33,0,152.17,0
2024-01-17T07:00:00.000Z,17/1/2024,12:30 PM,Wed,0,12,843,32.7,50,0.149,6.29,32.64,20,50,0,0,10,0.95,6.8,26.35,0,179.12,0
2024-01-17T08:00:00.000Z,17/1/2024,01:30 PM,Wed,0,13,754,32.5,50,0.15,5.66,34.55,20,50,0,0,10,0.95,6.13,28.89,0,177.19,0
2024-01-17T09:00:00.000Z,17/1/2024,02:30 PM,Wed,0,14,822,32,50,0.152,6.25,36.3,20,50,0,0,10,0.95,6.86,30.05,0,206.15,0
2024-01-17T10:00:00.000Z,17/1/2024,03:30 PM,Wed,0,15,603,31.3,50,0.155,4.67,41.73,20,50,0,0,10,0.95,5.24,37.06,0,194.19,0
2024-01-17T11:00:00.000Z,17/1/2024,04:30 PM,Wed,0,16,436,30.2,50,0.159,3.47,37.85,20,50,0,0,10,0.95,6.37,34.38,0,219,0
2024-01-17T12:00:00.000Z,17/1/2024,05:30 PM,Wed,0,17,226,29,50,0.164,1.85,31.06,20,50,0,0,10,0.95,6.07,29.21,0,177.31,0
2024-01-17T13:00:00.000Z,17/1/2024,06:30 PM,Wed,0,18,0,27.7,50,0.169,0,236.3,20,50,0,0,10,0.95,9.23,236.3,0,2181.7,0
2024-01-17T14:00:00.000Z,17/1/2024,07:30 PM,Wed,0,19,0,26.4,50,0.174,0,246.17,20,50,0,0,10,0.95,8.49,246.17,0,2088.95,0
2024-01-17T15:00:00.000Z,17/1/2024,08:30 PM,Wed,0,20,0,25.2,50,0.179,0,255.01,20,50,0,0,10,0.95,9.56,255.01,0,2437.32,0
2024-01-17T16:00:00.000Z,17/1/2024,09:30 PM,Wed,0,21,0,24.2,50,0.183,0,253.27,20,50,0,0,10,0.95,8.39,253.27,0,2124.95,0
2024-01-17T17:00:00.000Z,17/1/2024,10:30 PM,Wed,0,22,0,23.4,50,0.186,0,235.97,20,50,0,0,10,0.95,8.47,235.97,0,1997.85,0
2024-01-17T18:00:00.000Z,17/1/2024,11:30 PM,Wed,0,23,0,22.9,50,0.188,0,282.39,20,50,0,0,10,0.95,5.04,282.39,0,1423.24,0
2024-01-17T19:00:00.000Z,18/1/2024,12:30 AM,Thu,0,0,0,22.9,50,0.188,0,113.46,20,50,0,0,10,0.95,6.75,113.46,0,766.17,0
2024-01-17T20:00:00.000Z,18/1/2024,01:30 AM,Thu,0,1,0,23.1,50,0.188,0,81.24,20,50,0,0,10,0.95,5.54,81.24,0,450.45,0
2024-01-17T21:00:00.000Z,18/1/2024,02:30 AM,Thu,0,2,0,23.6,50,0.186,0,91.44,20,50,0,0,10,0.95,6.99,91.44,0,639.12,0
2024-01-17T22:00:00.000Z,18/1/2024,03:30 AM,Thu,0,3,0,24.3,50,0.183,0,89.77,20,50,0,0,10,0.95,6.36,89.77,0,571.33,0
2024-01-17T23:00:00.000Z,18/1/2024,04:30 AM,Thu,0,4,0,25.4,50,0.178,0,73.13,20,50,0,0,10,0.95,6.75,73.13,0,493.41,0
2024-01-18T00:00:00.000Z,18/1/2024,05:30 AM,Thu,0,5,0,26.6,50,0.174,0,78.16,20,50,0,0,10,0.95,6.32,78.16,0,494.32,0
2024-01-18T01:00:00.000Z,18/1/2024,06:30 AM,Thu,0,6,0,27.9,50,0.168,0,260.78,20,50,0,0,10,0.95,9.41,260.78,0,2453.76,0
2024-01-18T02:00:00.000Z,18/1/2024,07:30 AM,Thu,0,7,237,29.2,50,0.163,1.93,175.57,20,50,0,0,10,0.95,8.71,173.64,0,1513.15,0
2024-01-18T03:00:00.000Z,18/1/2024,08:30 AM,Thu,0,8,423,30.4,50,0.158,3.35,180.26,20,50,0,0,10,0.95,8.4,176.91,0,1485.2,0
2024-01-18T04:00:00.000Z,18/1/2024,09:30 AM,Thu,0,9,635,31.4,50,0.154,4.9,178.23,20,50,0,0,10,0.95,8.81,173.33,0,1526.59,0
2024-01-18T05:00:00.000Z,18/1/2024,10:30 AM,Thu,0,10,685,32.2,50,0.151,5.18,30.41,20,50,0,0,10,0.95,9.13,25.23,0,230.4,0
2024-01-18T06:00:00.000Z,18/1/2024,11:30 AM,Thu,0,11,998,32.7,50,0.149,7.45,37.65,20,50,0,0,10,0.95,6.65,30.2,0,201.01,0
2024-01-18T07:00:00.000Z,18/1/2024,12:30 PM,Thu,0,12,800,32.9,50,0.148,5.94,40.53,20,50,0,0,10,0.95,5.72,34.59,0,197.73,0
2024-01-18T08:00:00.000Z,18/1/2024,01:30 PM,Thu,0,13,949,32.7,50,0.149,7.08,29.7,20,50,0,0,10,0.95,5.51,22.62,0,124.6,0
2024-01-18T09:00:00.000Z,18/1/2024,02:30 PM,Thu,0,14,768,32.2,50,0.151,5.81,34.11,20,50,0,0,10,0.95,6.86,28.3,0,194.13,0
2024-01-18T10:00:00.000Z,18/1/2024,03:30 PM,Thu,0,15,684,31.4,50,0.154,5.28,34,20,50,0,0,10,0.95,6.2,28.72,0,177.98,0
2024-01-18T11:00:00.000Z,18/1/2024,04:30 PM,Thu,0,16,513,30.4,50,0.158,4.06,34.7,20,50,0,0,10,0.95,6.73,30.64,0,206.33,0
2024-01-18T12:00:00.000Z,18/1/2024,05:30 PM,Thu,0,17,235,29.2,50,0.163,1.92,38.12,20,50,0,0,10,0.95,6.43,36.2,0,232.78,0
2024-01-18T13:00:00.000Z,18/1/2024,06:30 PM,Thu,0,18,0,27.9,50,0.168,0,239.81,20,50,0,0,10,0.95,8.11,239.81,0,1944.57,0
2024-01-18T14:00:00.000Z,18/1/2024,07:30 PM,Thu,0,19,0,26.6,50,0.174,0,249.49,20,50,0,0,10,0.95,8.27,249.49,0,2063.97,0
2024-01-18T15:00:00.000Z,18/1/2024,08:30 PM,Thu,0,20,0,25.4,50,0.178,0,247.51,20,50,0,0,10,0.95,9.38,247.51,0,2322.76,0
2024-01-18T16:00:00.000Z,18/1/2024,09:30 PM,Thu,0,21,0,24.3,50,0.183,0,272.2,20,50,0,0,10,0.95,8.11,272.2,0,2207.63,0
2024-01-18T17:00:00.000Z,18/1/2024,10:30 PM,Thu,0,22,0,23.6,50,0.186,0,251.56,20,50,0,0,10,0.95,9.33,251.56,0,2346.98,0
2024-01-18T18:00:00.000Z,18/1/2024,11:30 PM,Thu,0,23,0,23.1,50,0.188,0,250.48,20,50,0,0,10,0.95,5.97,250.48,0,1495.07,0
2024-01-18T19:00:00.000Z,19/1/2024,12:30 AM,Fri,0,0,0,23,50,0.188,0,93.05,20,50,0,0,10,0.95,5.97,93.05,0,555.07,0
2024-01-18T20:00:00.000Z,19/1/2024,01:30 AM,Fri,0,1,0,23.2,50,0.187,0,72.3,20,50,0,0,10,0.95,6.51,72.3,0,470.6,0
2024-01-18T21:00:00.000Z,19/1/2024,02:30 AM,Fri,0,2,0,23.7,50,0.185,0,133.74,20,50,0,0,10,0.95,5.07,133.74,0,677.53,0
2024-01-18T22:00:00.000Z,19/1/2024,03:30 AM,Fri,0,3,0,24.5,50,0.182,0,90.03,20,50,0,0,10,0.95,5.44,90.03,0,489.94,0
2024-01-18T23:00:00.000Z,19/1/2024,04:30 AM,Fri,0,4,0,25.5,50,0.178,0,67.5,20,50,0,0,10,0.95,5.96,67.5,0,402.02,0
2024-01-19T00:00:00.000Z,19/1/2024,05:30 AM,Fri,0,5,0,26.8,50,0.173,0,82.9,20,50,0,0,10,0.95,6.35,82.9,0,526.7,0
2024-01-19T01:00:00.000Z,19/1/2024,06:30 AM,Fri,0,6,0,28,50,0.168,0,230.55,20,50,0,0,10,0.95,8.17,230.55,0,1883.01,0
2024-01-19T02:00:00.000Z,19/1/2024,07:30 AM,Fri,0,7,204,29.3,50,0.163,1.66,197.08,20,50,0,0,10,0.95,8.74,195.42,0,1707.51,0
2024-01-19T03:00:00.000Z,19/1/2024,08:30 AM,Fri,0,8,404,30.5,50,0.158,3.19,171.52,20,50,0,0,10,0.95,8.03,168.33,0,1350.95,0
2024-01-19T04:00:00.000Z,19/1/2024,09:30 AM,Fri,0,9,723,31.6,50,0.154,5.55,159.67,20,50,0,0,10,0.95,9.51,154.12,0,1465.03,0
2024-01-19T05:00:00.000Z,19/1/2024,10:30 AM,Fri,0,10,820,32.4,50,0.15,6.17,34.45,20,50,0,0,10,0.95,8.05,28.28,0,227.6,0
2024-01-19T06:00:00.000Z,19/1/2024,11:30 AM,Fri,0,11,1017,32.9,50,0.148,7.55,35.95,20,50,0,0,10,0.95,6.38,28.4,0,181.27,0
2024-01-19T07:00:00.000Z,19/1/2024,12:30 PM,Fri,0,12,985,33,50,0.148,7.29,33.05,20,50,0,0,10,0.95,6.68,25.76,0,172.04,0
2024-01-19T08:00:00.000Z,19/1/2024,01:30 PM,Fri,0,13,859,32.9,50,0.148,6.37,35.91,20,50,0,0,10,0.95,6.79,29.54,0,200.65,0
2024-01-19T09:00:00.000Z,19/1/2024,02:30 PM,Fri,0,14,850,32.4,50,0.15,6.39,34.7,20,50,0,0,10,0.95,5.17,28.31,0,146.3,0
2024-01-19T10:00:00.000Z,19/1/2024,03:30 PM,Fri,0,15,701,31.6,50,0.154,5.38,35.51,20,50,0,0,10,0.95,5.67,30.13,0,170.89,0
2024-01-19T11:00:00.000Z,19/1/2024,04:30 PM,Fri,0,16,417,30.5,50,0.158,3.29,31.31,20,50,0,0,10,0.95,6.94,28.02,0,194.45,0
2024-01-19T12:00:00.000Z,19/1/2024,05:30 PM,Fri,0,17,269,29.3,50,0.163,2.19,34.32,20,50,0,0,10,0.95,5.17,32.13,0,165.96,0
2024-01-19T13:00:00.000Z,19/1/2024,06:30 PM,Fri,0,18,0,28,50,0.168,0,262.59,20,50,0,0,10,0.95,8.44,262.59,0,2215.79,0
2024-01-19T14:00:00.000Z,19/1/2024,07:30 PM,Fri,0,19,0,26.8,50,0.173,0,207.46,20,50,0,0,10,0.95,8.22,207.46,0,1706.05,0
2024-01-19T15:00:00.000Z,19/1/2024,08:30 PM,Fri,0,20,0,25.5,50,0.178,0,268.15,20,50,0,0,10,0.95,9.53,268.15,0,2556.24,0
2024-01-19T16:00:00.000Z,19/1/2024,09:30 PM,Fri,0,21,0,24.5,50,0.182,0,232.58,20,50,0,0,10,0.95,9.65,232.58,0,2244.34,0
2024-01-19T17:00:00.000Z,19/1/2024,10:30 PM,Fri,0,22,0,23.7,50,0.185,0,289.65,20,50,0,0,10,0.95,9.18,289.65,0,2657.58,0
2024-01-19T18:00:00.000Z,19/1/2024,11:30 PM,Fri,0,23,0,23.2,50,0.187,0,282.36,20,50,0,0,10,0.95,6.29,282.36,0,1777.1,0
2024-01-19T19:00:00.000Z,20/1/2024,12:30 AM,Sat,1,0,0,23.2,50,0.187,0,69.9,20,50,0,0,10,0.95,6.66,69.9,0,465.58,0
2024-01-19T20:00:00.000Z,20/1/2024,01:30 AM,Sat,1,1,0,23.4,50,0.186,0,104.1,20,50,0,0,10,0.95,6.96,104.1,0,724.58,0
2024-01-19T21:00:00.000Z,20/1/2024,02:30 AM,Sat,1,2,0,23.9,50,0.184,0,102.09,20,50,0,0,10,0.95,6.61,102.09,0,675,0
2024-01-19T22:00:00.000Z,20/1/2024,03:30 AM,Sat,1,3,0,24.7,50,0.181,0,94.84,20,50,0,0,10,0.95,6.89,94.84,0,653.73,0
2024-01-19T23:00:00.000Z,20/1/2024,04:30 AM,Sat,1,4,0,25.7,50,0.177,0,94.24,20,50,0,0,10,0.95,5.18,94.24,0,487.73,0
2024-01-20T00:00:00.000Z,20/1/2024,05:30 AM,Sat,1,5,0,26.9,50,0.172,0,81.18,20,50,0,0,10,0.95,6.82,81.18,0,554.03,0
2024-01-20T01:00:00.000Z,20/1/2024,06:30 AM,Sat,1,6,0,28.2,50,0.167,0,236.66,20,50,0,0,10,0.95,8.2,236.66,0,1939.9,0
2024-01-20T02:00:00.000Z,20/1/2024,07:30 AM,Sat,1,7,214,29.5,50,0.162,1.73,172.6,20,50,0,0,10,0.95,8.92,170.87,0,1523.46,0
2024-01-20T03:00:00.000Z,20/1/2024,08:30 AM,Sat,1,8,424,30.7,50,0.157,3.33,203.2,20,50,0,0,10,0.95,9.24,199.87,0,1847.24,0
2024-01-20T04:00:00.000Z,20/1/2024,09:30 AM,Sat,1,9,673,31.7,50,0.153,5.16,227.85,20,50,0,0,10,0.95,9.47,222.69,0,2109.38,0
2024-01-20T05:00:00.000Z,20/1/2024,10:30 AM,Sat,1,10,785,32.5,50,0.15,5.89,42.17,20,50,0,0,10,0.95,8.45,36.28,0,306.44,0
2024-01-20T06:00:00.000Z,20/1/2024,11:30 AM,Sat,1,11,1002,33,50,0.148,7.41,37.37,20,50,0,0,10,0.95,6.01,29.96,0,180.05,0
2024-01-20T07:00:00.000Z,20/1/2024,12:30 PM,Sat,1,12,1058,33.2,50,0.147,7.79,39.63,20,50,0,0,10,0.95,6.9,31.84,0,219.67,0
2024-01-20T08:00:00.000Z,20/1/2024,01:30 PM,Sat,1,13,830,33,50,0.148,6.14,41.1,20,50,0,0,10,0.95,5.53,34.96,0,193.35,0
2024-01-20T09:00:00.000Z,20/1/2024,02:30 PM,Sat,1,14,793,32.5,50,0.15,5.95,43.22,20,50,0,0,10,0.95,6.51,37.27,0,242.57,0
2024-01-20T10:00:00.000Z,20/1/2024,03:30 PM,Sat,1,15,593,31.7,50,0.153,4.54,42.22,20,50,0,0,10,0.95,5.66,37.68,0,213.43,0
2024-01-20T11:00:00.000Z,20/1/2024,04:30 PM,Sat,1,16,416,30.7,50,0.157,3.27,37.58,20,50,0,0,10,0.95,6.4,34.31,0,219.44,0
2024-01-20T12:00:00.000Z,20/1/2024,05:30 PM,Sat,1,17,229,29.5,50,0.162,1.85,44.07,20,50,0,0,10,0.95,6.41,42.22,0,270.4,0
2024-01-20T13:00:00.000Z,20/1/2024,06:30 PM,Sat,1,18,0,28.2,50,0.167,0,281.2,20,50,0,0,10,0.95,8.72,281.2,0,2451.24,0
2024-01-20T14:00:00.000Z,20/1/2024,07:30 PM,Sat,1,19,0,26.9,50,0.172,0,278.43,20,50,0,0,10,0.95,9.27,278.43,0,2582.35,0
2024-01-20T15:00:00.000Z,20/1/2024,08:30 PM,Sat,1,20,0,25.7,50,0.177,0,268.44,20,50,0,0,10,0.95,8.01,268.44,0,2150.24,0
2024-01-20T16:00:00.000Z,20/1/2024,09:30 PM,Sat,1,21,0,24.7,50,0.181,0,327.66,20,50,0,0,10,0.95,9.23,327.66,0,3023.41,0
2024-01-20T17:00:00.000Z,20/1/2024,10:30 PM,Sat,1,22,0,23.9,50,0.184,0,255.38,20,50,0,0,10,0.95,8.85,255.38,0,2260.58,0
2024-01-20T18:00:00.000Z,20/1/2024,11:30 PM,Sat,1,23,0,23.4,50,0.186,0,349.04,20,50,0,0,10,0.95,6.53,349.04,0,2278.38,0
2024-01-20T19:00:00.000Z,21/1/2024,12:30 AM,Sun,1,0,0,23.4,50,0.186,0,86.37,20,50,0,0,10,0.95,5.67,86.37,0,489.8,0
2024-01-20T20:00:00.000Z,21/1/2024,01:30 AM,Sun,1,1,0,23.5,50,0.186,0,118.97,20,50,0,0,10,0.95,6.39,118.97,0,760.35,0
2024-01-20T21:00:00.000Z,21/1/2024,02:30 AM,Sun,1,2,0,24,50,0.184,0,96.59,20,50,0,0,10,0.95,6.07,96.59,0,586.26,0
2024-01-20T22:00:00.000Z,21/1/2024,03:30 AM,Sun,1,3,0,24.8,50,0.181,0,99.6,20,50,0,0,10,0.95,6.37,99.6,0,634.75,0
2024-01-20T23:00:00.000Z,21/1/2024,04:30 AM,Sun,1,4,0,25.9,50,0.176,0,104.27,20,50,0,0,10,0.95,5.41,104.27,0,564.24,0
2024-01-21T00:00:00.000Z,21/1/2024,05:30 AM,Sun,1,5,0,27.1,50,0.172,0,108.21,20,50,0,0,10,0.95,5.17,108.21,0,559.19,0
2024-01-21T01:00:00.000Z,21/1/2024,06:30 AM,Sun,1,6,0,28.4,50,0.166,0,275.13,20,50,0,0,10,0.95,9.61,275.13,0,2645.11,0
2024-01-21T02:00:00.000Z,21/1/2024,07:30 AM,Sun,1,7,218,29.7,50,0.161,1.76,213.1,20,50,0,0,10,0.95,9.24,211.34,0,1952.74,0
2024-01-21T03:00:00.000Z,21/1/2024,08:30 AM,Sun,1,8,433,30.9,50,0.156,3.39,225.59,20,50,0,0,10,0.95,8.68,222.2,0,1928.37,0
2024-01-21T04:00:00.000Z,21/1/2024,09:30 AM,Sun,1,9,716,31.9,50,0.152,5.46,249.42,20,50,0,0,10,0.95,9.21,243.96,0,2246.62,0
2024-01-21T05:00:00.000Z,21/1/2024,10:30 AM,Sun,1,10,815,32.7,50,0.149,6.08,41.3,20,50,0,0,10,0.95,8.5,35.22,0,299.47,0
2024-01-21T06:00:00.000Z,21/1/2024,11:30 AM,Sun,1,11,941,33.2,50,0.147,6.93,45.06,20,50,0,0,10,0.95,5.06,38.13,0,193.14,0
2024-01-21T07:00:00.000Z,21/1/2024,12:30 PM,Sun,1,12,1074,33.4,50,0.146,7.86,39.81,20,50,0,0,10,0.95,5.58,31.95,0,178.15,0
2024-01-21T08:00:00.000Z,21/1/2024,01:30 PM,Sun,1,13,945,33.2,50,0.147,6.96,41.15,20,50,0,0,10,0.95,6.59,34.19,0,225.45,0
2024-01-21T09:00:00.000Z,21/1/2024,02:30 PM,Sun,1,14,716,32.7,50,0.149,5.34,45.61,20,50,0,0,10,0.95,5.19,40.27,0,208.84,0
2024-01-21T10:00:00.000Z,21/1/2024,03:30 PM,Sun,1,15,676,31.9,50,0.152,5.15,36.52,20,50,0,0,10,0.95,6.05,31.37,0,189.84,0
2024-01-21T11:00:00.000Z,21/1/2024,04:30 PM,Sun,1,16,518,30.9,50,0.156,4.05,41.93,20,50,0,0,10,0.95,6.01,37.88,0,227.76,0
2024-01-21T12:00:00.000Z,21/1/2024,05:30 PM,Sun,1,17,255,29.7,50,0.161,2.06,41.23,20,50,0,0,10,0.95,6.82,39.17,0,266.99,0
2024-01-21T13:00:00.000Z,21/1/2024,06:30 PM,Sun,1,18,0,28.4,50,0.166,0,289.98,20,50,0,0,10,0.95,9.26,289.98,0,2685.71,0
2024-01-21T14:00:00.000Z,21/1/2024,07:30 PM,Sun,1,19,0,27.1,50,0.172,0,308.47,20,50,0,0,10,0.95,9.77,308.47,0,3012.97,0
2024-01-21T15:00:00.000Z,21/1/2024,08:30 PM,Sun,1,20,0,25.9,50,0.176,0,311.95,20,50,0,0,10,0.95,8.45,311.95,0,2635.1,0
2024-01-21T16:00:00.000Z,21/1/2024,09:30 PM,Sun,1,21,0,24.8,50,0.181,0,323.59,20,50,0,0,10,0.95,9.78,323.59,0,3163.64,0
2024-01-21T17:00:00.000Z,21/1/2024,10:30 PM,Sun,1,22,0,24,50,0.184,0,337.69,20,50,0,0,10,0.95,9.2,337.69,0,3105.94,0
2024-01-21T18:00:00.000Z,21/1/2024,11:30 PM,Sun,1,23,0,23.5,50,0.186,0,298.71,20,50,0,0,10,0.95,5.42,298.71,0,1619.8,0
2024-01-21T19:00:00.000Z,22/1/2024,12:30 AM,Mon,0,0,0,23.5,50,0.186,0,80.3,20,50,0,0,10,0.95,5.34,80.3,0,429.01,0
2024-01-21T20:00:00.000Z,22/1/2024,01:30 AM,Mon,0,1,0,23.7,50,0.185,0,84.45,20,50,0,0,10,0.95,5.02,84.45,0,423.99,0
2024-01-21T21:00:00.000Z,22/1/2024,02:30 AM,Mon,0,2,0,24.2,50,0.183,0,127.86,20,50,0,0,10,0.95,5.39,127.86,0,689.68,0
2024-01-21T22:00:00.000Z,22/1/2024,03:30 AM,Mon,0,3,0,25,50,0.18,0,92.32,20,50,0,0,10,0.95,5.94,92.32,0,548.15,0
2024-01-21T23:00:00.000Z,22/1/2024,04:30 AM,Mon,0,4,0,26,50,0.176,0,95.38,20,50,0,0,10,0.95,6.13,95.38,0,584.72,0
2024-01-22T00:00:00.000Z,22/1/2024,05:30 AM,Mon,0,5,0,27.2,50,0.171,0,102.43,20,50,0,0,10,0.95,6.19,102.43,0,633.71,0
2024-01-22T01:00:00.000Z,22/1/2024,06:30 AM,Mon,0,6,0,28.5,50,0.166,0,228.09,20,50,0,0,10,0.95,8.3,228.09,0,1893.58,0
2024-01-22T02:00:00.000Z,22/1/2024,07:30 AM,Mon,0,7,222,29.8,50,0.161,1.78,168.4,20,50,0,0,10,0.95,8.48,166.62,0,1412.76,0
2024-01-22T03:00:00.000Z,22/1/2024,08:30 AM,Mon,0,8,474,31,50,0.156,3.7,177.01,20,50,0,0,10,0.95,9.57,173.31,0,1659.22,0
2024-01-22T04:00:00.000Z,22/1/2024,09:30 AM,Mon,0,9,729,32.1,50,0.152,5.53,182.43,20,50,0,0,10,0.95,8.51,176.9,0,1505.14,0
2024-01-22T05:00:00.000Z,22/1/2024,10:30 AM,Mon,0,10,833,32.9,50,0.148,6.18,29.78,20,50,0,0,10,0.95,8.94,23.6,0,210.96,0
2024-01-22T06:00:00.000Z,22/1/2024,11:30 AM,Mon,0,11,901,33.4,50,0.146,6.6,36.45,20,50,0,0,10,0.95,5.24,29.85,0,156.5,0
2024-01-22T07:00:00.000Z,22/1/2024,12:30 PM,Mon,0,12,993,33.5,50,0.146,7.25,33.85,20,50,0,0,10,0.95,6.03,26.6,0,160.53,0
2024-01-22T08:00:00.000Z,22/1/2024,01:30 PM,Mon,0,13,881,33.4,50,0.146,6.45,32.85,20,50,0,0,10,0.95,6.74,26.4,0,178.05,0
2024-01-22T09:00:00.000Z,22/1/2024,02:30 PM,Mon,0,14,921,32.9,50,0.148,6.83,35.62,20,50,0,0,10,0.95,6.13,28.79,0,176.41,0
2024-01-22T10:00:00.000Z,22/1/2024,03:30 PM,Mon,0,15,607,32.1,50,0.152,4.6,32.29,20,50,0,0,10,0.95,6.94,27.69,0,192.2,0
2024-01-22T11:00:00.000Z,22/1/2024,04:30 PM,Mon,0,16,526,31,50,0.156,4.1,30.87,20,50,0,0,10,0.95,5.74,26.77,0,153.61,0
2024-01-22T12:00:00.000Z,22/1/2024,05:30 PM,Mon,0,17,218,29.8,50,0.161,1.75,43.73,20,50,0,0,10,0.95,6.26,41.98,0,262.62,0
2024-01-22T13:00:00.000Z,22/1/2024,06:30 PM,Mon,0,18,0,28.5,50,0.166,0,255.42,20,50,0,0,10,0.95,9.85,255.42,0,2515.91,0
2024-01-22T14:00:00.000Z,22/1/2024,07:30 PM,Mon,0,19,0,27.2,50,0.171,0,264.29,20,50,0,0,10,0.95,9.15,264.29,0,2417.47,0
2024-01-22T15:00:00.000Z,22/1/2024,08:30 PM,Mon,0,20,0,26,50,0.176,0,280.16,20,50,0,0,10,0.95,9.13,280.16,0,2556.76,0
2024-01-22T16:00:00.000Z,22/1/2024,09:30 PM,Mon,0,21,0,25,50,0.18,0,253.41,20,50,0,0,10,0.95,8.94,253.41,0,2265.32,0
2024-01-22T17:00:00.000Z,22/1/2024,10:30 PM,Mon,0,22,0,24.2,50,0.183,0,265.59,20,50,0,0,10,0.95,9.27,265.59,0,2462.89,0
2024-01-22T18:00:00.000Z,22/1/2024,11:30 PM,Mon,0,23,0,23.7,50,0.185,0,301.29,20,50,0,0,10,0.95,6.94,301.29,0,2089.46,0
2024-01-22T19:00:00.000Z,23/1/2024,12:30 AM,Tue,0,0,0,23.7,50,0.185,0,108.68,20,50,0,0,10,0.95,5.15,108.68,0,559.81,0
2024-01-22T20:00:00.000Z,23/1/2024,01:30 AM,Tue,0,1,0,23.9,50,0.184,0,83.63,20,50,0,0,10,0.95,5.76,83.63,0,481.49,0
2024-01-22T21:00:00.000Z,23/1/2024,02:30 AM,Tue,0,2,0,24.4,50,0.182,0,66.17,20,50,0,0,10,0.95,6.6,66.17,0,436.78,0
2024-01-22T22:00:00.000Z,23/1/2024,03:30 AM,Tue,0,3,0,25.2,50,0.179,0,127.8,20,50,0,0,10,0.95,5.92,127.8,0,757.08,0
2024-01-22T23:00:00.000Z,23/1/2024,04:30 AM,Tue,0,4,0,26.2,50,0.175,0,87.27,20,50,0,0,10,0.95,6.91,87.27,0,602.9,0
2024-01-23T00:00:00.000Z,23/1/2024,05:30 AM,Tue,0,5,0,27.4,50,0.17,0,125.54,20,50,0,0,10,0.95,6.99,125.54,0,877.29,0
2024-01-23T01:00:00.000Z,23/1/2024,06:30 AM,Tue,0,6,0,28.7,50,0.165,0,224.31,20,50,0,0,10,0.95,8.16,224.31,0,1830.74,0
2024-01-23T02:00:00.000Z,23/1/2024,07:30 AM,Tue,0,7,236,30,50,0.16,1.89,193.9,20,50,0,0,10,0.95,8.62,192.01,0,1656.01,0
2024-01-23T03:00:00.000Z,23/1/2024,08:30 AM,Tue,0,8,481,31.2,50,0.155,3.73,177.37,20,50,0,0,10,0.95,9.39,173.64,0,1629.84,0
2024-01-23T04:00:00.000Z,23/1/2024,09:30 AM,Tue,0,9,575,32.2,50,0.151,4.35,188.91,20,50,0,0,10,0.95,8.21,184.56,0,1514.75,0
2024-01-23T05:00:00.000Z,23/1/2024,10:30 AM,Tue,0,10,829,33,50,0.148,6.13,35.34,20,50,0,0,10,0.95,9.15,29.21,0,267.24,0
2024-01-23T06:00:00.000Z,23/1/2024,11:30 AM,Tue,0,11,949,33.5,50,0.146,6.93,36.36,20,50,0,0,10,0.95,5.56,29.43,0,163.69,0
2024-01-23T07:00:00.000Z,23/1/2024,12:30 PM,Tue,0,12,1005,33.7,50,0.145,7.3,33.56,20,50,0,0,10,0.95,5.69,26.26,0,149.44,0
2024-01-23T08:00:00.000Z,23/1/2024,01:30 PM,Tue,0,13,1045,33.5,50,0.146,7.63,36.32,20,50,0,0,10,0.95,5.98,28.69,0,171.52,0
2024-01-23T09:00:00.000Z,23/1/2024,02:30 PM,Tue,0,14,808,33,50,0.148,5.98,32.96,20,50,0,0,10,0.95,5.35,26.98,0,144.26,0
2024-01-23T10:00:00.000Z,23/1/2024,03:30 PM,Tue,0,15,712,32.2,50,0.151,5.38,37.97,20,50,0,0,10,0.95,5.34,32.59,0,174.05,0
2024-01-23T11:00:00.000Z,23/1/2024,04:30 PM,Tue,0,16,477,31.2,50,0.155,3.7,34.71,20,50,0,0,10,0.95,6.35,31.01,0,197.05,0
2024-01-23T12:00:00.000Z,23/1/2024,05:30 PM,Tue,0,17,282,30,50,0.16,2.26,35.11,20,50,0,0,10,0.95,5.42,32.85,0,178.11,0
2024-01-23T13:00:00.000Z,23/1/2024,06:30 PM,Tue,0,18,0,28.7,50,0.165,0,234.25,20,50,0,0,10,0.95,8.19,234.25,0,1919.04,0
2024-01-23T14:00:00.000Z,23/1/2024,07:30 PM,Tue,0,19,0,27.4,50,0.17,0,224.36,20,50,0,0,10,0.95,9.15,224.36,0,2052.53,0
2024-01-23T15:00:00.000Z,23/1/2024,08:30 PM,Tue,0,20,0,26.2,50,0.175,0,255.82,20,50,0,0,10,0.95,9.23,255.82,0,2362.34,0
2024-01-23T16:00:00.000Z,23/1/2024,09:30 PM,Tue,0,21,0,25.2,50,0.179,0,233.45,20,50,0,0,10,0.95,9.86,233.45,0,2300.9,0
2024-01-23T17:00:00.000Z,23/1/2024,10:30 PM,Tue,0,22,0,24.4,50,0.182,0,287.25,20,50,0,0,10,0.95,8.01,287.25,0,2300.37,0
2024-01-23T18:00:00.000Z,23/1/2024,11:30 PM,Tue,0,23,0,23.9,50,0.184,0,287.31,20,50,0,0,10,0.95,6.68,287.31,0,1918.53,0
2024-01-23T19:00:00.000Z,24/1/2024,12:30 AM,Wed,0,0,0,23.9,50,0.184,0,81.56,20,50,0,0,10,0.95,6.06,81.56,0,494.15,0
2024-01-23T20:00:00.000Z,24/1/2024,01:30 AM,Wed,0,1,0,24,50,0.184,0,100.23,20,50,0,0,10,0.95,5.75,100.23,0,576.32,0
2024-01-23T21:00:00.000Z,24/1/2024,02:30 AM,Wed,0,2,0,24.5,50,0.182,0,67.35,20,50,0,0,10,0.95,5.25,67.35,0,353.49,0
2024-01-23T22:00:00.000Z,24/1/2024,03:30 AM,Wed,0,3,0,25.3,50,0.179,0,103,20,50,0,0,10,0.95,5.24,103,0,539.48,0
2024-01-23T23:00:00.000Z,24/1/2024,04:30 AM,Wed,0,4,0,26.4,50,0.174,0,100.72,20,50,0,0,10,0.95,6.82,100.72,0,686.79,0
2024-01-24T00:00:00.000Z,24/1/2024,05:30 AM,Wed,0,5,0,27.6,50,0.17,0,78.97,20,50,0,0,10,0.95,5.38,78.97,0,424.99,0
2024-01-24T01:00:00.000Z,24/1/2024,06:30 AM,Wed,0,6,0,28.9,50,0.164,0,250.39,20,50,0,0,10,0.95,8.24,250.39,0,2062.65,0
2024-01-24T02:00:00.000Z,24/1/2024,07:30 AM,Wed,0,7,230,30.2,50,0.159,1.83,170.6,20,50,0,0,10,0.95,8.26,168.77,0,1393.62,0
2024-01-24T03:00:00.000Z,24/1/2024,08:30 AM,Wed,0,8,537,31.4,50,0.154,4.15,177.39,20,50,0,0,10,0.95,9.27,173.24,0,1606.18,0
2024-01-24T04:00:00.000Z,24/1/2024,09:30 AM,Wed,0,9,748,32.4,50,0.15,5.62,172.22,20,50,0,0,10,0.95,9.39,166.6,0,1565,0
2024-01-24T05:00:00.000Z,24/1/2024,10:30 AM,Wed,0,10,773,33.2,50,0.147,5.69,35.36,20,50,0,0,10,0.95,8.38,29.67,0,248.58,0
2024-01-24T06:00:00.000Z,24/1/2024,11:30 AM,Wed,0,11,951,33.7,50,0.145,6.9,33.66,20,50,0,0,10,0.95,5.1,26.76,0,136.49,0
2024-01-24T07:00:00.000Z,24/1/2024,12:30 PM,Wed,0,12,1016,33.9,50,0.144,7.34,39.11,20,50,0,0,10,0.95,5.84,31.77,0,185.66,0
2024-01-24T08:00:00.000Z,24/1/2024,01:30 PM,Wed,0,13,901,33.7,50,0.145,6.54,37.25,20,50,0,0,10,0.95,6.56,30.71,0,201.37,0
2024-01-24T09:00:00.000Z,24/1/2024,02:30 PM,Wed,0,14,894,33.2,50,0.147,6.58,37.39,20,50,0,0,10,0.95,6.92,30.81,0,213.23,0
2024-01-24T10:00:00.000Z,24/1/2024,03:30 PM,Wed,0,15,594,32.4,50,0.15,4.47,33.99,20,50,0,0,10,0.95,6.46,29.52,0,190.85,0
2024-01-24T11:00:00.000Z,24/1/2024,04:30 PM,Wed,0,16,491,31.4,50,0.154,3.79,30.89,20,50,0,0,10,0.95,5.86,27.1,0,158.8,0
2024-01-24T12:00:00.000Z,24/1/2024,05:30 PM,Wed,0,17,267,30.2,50,0.159,2.13,35.72,20,50,0,0,10,0.95,5.75,33.59,0,193.12,0
2024-01-24T13:00:00.000Z,24/1/2024,06:30 PM,Wed,0,18,0,28.9,50,0.164,0,211.03,20,50,0,0,10,0.95,9.7,211.03,0,2045.95,0
2024-01-24T14:00:00.000Z,24/1/2024,07:30 PM,Wed,0,19,0,27.6,50,0.17,0,251.42,20,50,0,0,10,0.95,9.69,251.42,0,2437.02,0
2024-01-24T15:00:00.000Z,24/1/2024,08:30 PM,Wed,0,20,0,26.4,50,0.174,0,233.99,20,50,0,0,10,0.95,8.46,233.99,0,1979.82,0
2024-01-24T16:00:00.000Z,24/1/2024,09:30 PM,Wed,0,21,0,25.3,50,0.179,0,247.48,20,50,0,0,10,0.95,9.53,247.48,0,2359.16,0
2024-01-24T17:00:00.000Z,24/1/2024,10:30 PM,Wed,0,22,0,24.5,50,0.182,0,294.21,20,50,0,0,10,0.95,8.94,294.21,0,2631.69,0
2024-01-24T18:00:00.000Z,24/1/2024,11:30 PM,Wed,0,23,0,24,50,0.184,0,312.76,20,50,0,0,10,0.95,5.1,312.76,0,1594.41,0
2024-01-24T19:00:00.000Z,25/1/2024,12:30 AM,Thu,0,0,0,24,50,0.184,0,85.01,20,50,0,0,10,0.95,5.94,85.01,0,505.07,0
2024-01-24T20:00:00.000Z,25/1/2024,01:30 AM,Thu,0,1,0,24.2,50,0.183,0,101.09,20,50,0,0,10,0.95,6.75,101.09,0,682.12,0
2024-01-24T21:00:00.000Z,25/1/2024,02:30 AM,Thu,0,2,0,24.7,50,0.181,0,74.76,20,50,0,0,10,0.95,5.71,74.76,0,427.01,0
2024-01-24T22:00:00.000Z,25/1/2024,03:30 AM,Thu,0,3,0,25.5,50,0.178,0,102.57,20,50,0,0,10,0.95,6.63,102.57,0,679.56,0
2024-01-24T23:00:00.000Z,25/1/2024,04:30 AM,Thu,0,4,0,26.5,50,0.174,0,98.97,20,50,0,0,10,0.95,5.28,98.97,0,522.17,0
2024-01-25T00:00:00.000Z,25/1/2024,05:30 AM,Thu,0,5,0,27.7,50,0.169,0,71.57,20,50,0,0,10,0.95,6.02,71.57,0,430.56,0
2024-01-25T01:00:00.000Z,25/1/2024,06:30 AM,Thu,0,6,0,29,50,0.164,0,267.98,20,50,0,0,10,0.95,8.04,267.98,0,2155.38,0
2024-01-25T02:00:00.000Z,25/1/2024,07:30 AM,Thu,0,7,214,30.3,50,0.159,1.7,166.73,20,50,0,0,10,0.95,9.96,165.03,0,1643.6,0
2024-01-25T03:00:00.000Z,25/1/2024,08:30 AM,Thu,0,8,420,31.5,50,0.154,3.23,180.91,20,50,0,0,10,0.95,9.54,177.68,0,1694.99,0
2024-01-25T04:00:00.000Z,25/1/2024,09:30 AM,Thu,0,9,665,32.6,50,0.15,4.97,183.85,20,50,0,0,10,0.95,9.9,178.88,0,1770.6,0
2024-01-25T05:00:00.000Z,25/1/2024,10:30 AM,Thu,0,10,829,33.3,50,0.147,6.08,38.18,20,50,0,0,10,0.95,8.22,32.1,0,263.88,0
2024-01-25T06:00:00.000Z,25/1/2024,11:30 AM,Thu,0,11,1041,33.8,50,0.145,7.54,36.08,20,50,0,0,10,0.95,5.95,28.54,0,169.86,0
2024-01-25T07:00:00.000Z,25/1/2024,12:30 PM,Thu,0,12,861,34,50,0.144,6.2,37.05,20,50,0,0,10,0.95,5.83,30.85,0,180,0
2024-01-25T08:00:00.000Z,25/1/2024,01:30 PM,Thu,0,13,968,33.8,50,0.145,7.01,34.68,20,50,0,0,10,0.95,6.81,27.67,0,188.35,0
2024-01-25T09:00:00.000Z,25/1/2024,02:30 PM,Thu,0,14,842,33.3,50,0.147,6.18,33.66,20,50,0,0,10,0.95,5.4,27.48,0,148.4,0
2024-01-25T10:00:00.000Z,25/1/2024,03:30 PM,Thu,0,15,606,32.6,50,0.15,4.53,34.45,20,50,0,0,10,0.95,6.98,29.92,0,208.74,0
2024-01-25T11:00:00.000Z,25/1/2024,04:30 PM,Thu,0,16,460,31.5,50,0.154,3.54,40.95,20,50,0,0,10,0.95,5.35,37.41,0,200.26,0
2024-01-25T12:00:00.000Z,25/1/2024,05:30 PM,Thu,0,17,275,30.3,50,0.159,2.18,36.7,20,50,0,0,10,0.95,5.33,34.52,0,183.96,0
2024-01-25T13:00:00.000Z,25/1/2024,06:30 PM,Thu,0,18,0,29,50,0.164,0,229.02,20,50,0,0,10,0.95,8.88,229.02,0,2034.24,0
2024-01-25T14:00:00.000Z,25/1/2024,07:30 PM,Thu,0,19,0,27.7,50,0.169,0,256.22,20,50,0,0,10,0.95,9.17,256.22,0,2349.87,0
2024-01-25T15:00:00.000Z,25/1/2024,08:30 PM,Thu,0,20,0,26.5,50,0.174,0,264.29,20,50,0,0,10,0.95,8.84,264.29,0,2335.96,0
2024-01-25T16:00:00.000Z,25/1/2024,09:30 PM,Thu,0,21,0,25.5,50,0.178,0,230.89,20,50,0,0,10,0.95,8.85,230.89,0,2043.92,0
2024-01-25T17:00:00.000Z,25/1/2024,10:30 PM,Thu,0,22,0,24.7,50,0.181,0,261.88,20,50,0,0,10,0.95,9.17,261.88,0,2401.9,0
2024-01-25T18:00:00.000Z,25/1/2024,11:30 PM,Thu,0,23,0,24.2,50,0.183,0,287.4,20,50,0,0,10,0.95,6.15,287.4,0,1768.01,0
2024-01-25T19:00:00.000Z,26/1/2024,12:30 AM,Fri,0,0,0,24.2,50,0.183,0,80.59,20,50,0,0,10,0.95,5.07,80.59,0,408.92,0
2024-01-25T20:00:00.000Z,26/1/2024,01:30 AM,Fri,0,1,0,24.3,50,0.183,0,104.74,20,50,0,0,10,0.95,5.36,104.74,0,561.43,0
2024-01-25T21:00:00.000Z,26/1/2024,02:30 AM,Fri,0,2,0,24.8,50,0.181,0,80.94,20,50,0,0,10,0.95,6.09,80.94,0,493.26,0
2024-01-25T22:00:00.000Z,26/1/2024,03:30 AM,Fri,0,3,0,25.6,50,0.178,0,64.56,20,50,0,0,10,0.95,5.37,64.56,0,346.65,0
2024-01-25T23:00:00.000Z,26/1/2024,04:30 AM,Fri,0,4,0,26.7,50,0.173,0,115.94,20,50,0,0,10,0.95,6.21,115.94,0,719.96,0
2024-01-26T00:00:00.000Z,26/1/2024,05:30 AM,Fri,0,5,0,27.9,50,0.168,0,114.47,20,50,0,0,10,0.95,6.82,114.47,0,780.95,0
2024-01-26T01:00:00.000Z,26/1/2024,06:30 AM,Fri,0,6,0,29.2,50,0.163,0,238.96,20,50,0,0,10,0.95,8.77,238.96,0,2094.86,0
2024-01-26T02:00:00.000Z,26/1/2024,07:30 AM,Fri,0,7,236,30.5,50,0.158,1.86,152.16,20,50,0,0,10,0.95,8.09,150.3,0,1215.25,0
2024-01-26T03:00:00.000Z,26/1/2024,08:30 AM,Fri,0,8,464,31.7,50,0.153,3.55,171.81,20,50,0,0,10,0.95,9.81,168.26,0,1650.54,0
2024-01-26T04:00:00.000Z,26/1/2024,09:30 AM,Fri,0,9,634,32.7,50,0.149,4.73,170.54,20,50,0,0,10,0.95,8.43,165.81,0,1397.35,0
2024-01-26T05:00:00.000Z,26/1/2024,10:30 AM,Fri,0,10,857,33.5,50,0.146,6.26,33.11,20,50,0,0,10,0.95,9.48,26.85,0,254.49,0
2024-01-26T06:00:00.000Z,26/1/2024,11:30 AM,Fri,0,11,827,34,50,0.144,5.95,32.36,20,50,0,0,10,0.95,6.84,26.41,0,180.49,0
2024-01-26T07:00:00.000Z,26/1/2024,12:30 PM,Fri,0,12,967,34.2,50,0.143,6.92,38.35,20,50,0,0,10,0.95,5.31,31.43,0,166.92,0
2024-01-26T08:00:00.000Z,26/1/2024,01:30 PM,Fri,0,13,805,34,50,0.144,5.8,33.11,20,50,0,0,10,0.95,6.86,27.31,0,187.48,0
2024-01-26T09:00:00.000Z,26/1/2024,02:30 PM,Fri,0,14,914,33.5,50,0.146,6.67,31.89,20,50,0,0,10,0.95,6.66,25.22,0,167.86,0
2024-01-26T10:00:00.000Z,26/1/2024,03:30 PM,Fri,0,15,677,32.7,50,0.149,5.05,34.64,20,50,0,0,10,0.95,5.8,29.59,0,171.62,0
2024-01-26T11:00:00.000Z,26/1/2024,04:30 PM,Fri,0,16,524,31.7,50,0.153,4.01,31.93,20,50,0,0,10,0.95,5.55,27.92,0,155.07,0
2024-01-26T12:00:00.000Z,26/1/2024,05:30 PM,Fri,0,17,224,30.5,50,0.158,1.77,34.37,20,50,0,0,10,0.95,5.85,32.6,0,190.74,0
2024-01-26T13:00:00.000Z,26/1/2024,06:30 PM,Fri,0,18,0,29.2,50,0.163,0,258.88,20,50,0,0,10,0.95,9.62,258.88,0,2489.32,0
2024-01-26T14:00:00.000Z,26/1/2024,07:30 PM,Fri,0,19,0,27.9,50,0.168,0,250.73,20,50,0,0,10,0.95,8.46,250.73,0,2122.01,0
2024-01-26T15:00:00.000Z,26/1/2024,08:30 PM,Fri,0,20,0,26.7,50,0.173,0,239.51,20,50,0,0,10,0.95,9.84,239.51,0,2355.91,0
2024-01-26T16:00:00.000Z,26/1/2024,09:30 PM,Fri,0,21,0,25.6,50,0.178,0,253.53,20,50,0,0,10,0.95,8.38,253.53,0,2124.09,0
2024-01-26T17:00:00.000Z,26/1/2024,10:30 PM,Fri,0,22,0,24.8,50,0.181,0,272.1,20,50,0,0,10,0.95,8.93,272.1,0,2429.62,0
2024-01-26T18:00:00.000Z,26/1/2024,11:30 PM,Fri,0,23,0,24.3,50,0.183,0,286.15,20,50,0,0,10,0.95,5.73,286.15,0,1639.05,0
2024-01-26T19:00:00.000Z,27/1/2024,12:30 AM,Sat,1,0,0,24.3,50,0.183,0,130.4,20,50,0,0,10,0.95,6.92,130.4,0,901.72,0
2024-01-26T20:00:00.000Z,27/1/2024,01:30 AM,Sat,1,1,0,24.5,50,0.182,0,79.61,20,50,0,0,10,0.95,5.42,79.61,0,431.61,0
2024-01-26T21:00:00.000Z,27/1/2024,02:30 AM,Sat,1,2,0,25,50,0.18,0,119.77,20,50,0,0,10,0.95,5.03,119.77,0,602.03,0
2024-01-26T22:00:00.000Z,27/1/2024,03:30 AM,Sat,1,3,0,25.8,50,0.177,0,96.08,20,50,0,0,10,0.95,5.21,96.08,0,501.03,0
2024-01-26T23:00:00.000Z,27/1/2024,04:30 AM,Sat,1,4,0,26.8,50,0.173,0,98.46,20,50,0,0,10,0.95,5.12,98.46,0,504.3,0
2024-01-27T00:00:00.000Z,27/1/2024,05:30 AM,Sat,1,5,0,28,50,0.168,0,113.96,20,50,0,0,10,0.95,5.18,113.96,0,590.66,0
2024-01-27T01:00:00.000Z,27/1/2024,06:30 AM,Sat,1,6,0,29.3,50,0.163,0,259.49,20,50,0,0,10,0.95,9.03,259.49,0,2343.97,0
2024-01-27T02:00:00.000Z,27/1/2024,07:30 AM,Sat,1,7,256,30.6,50,0.158,2.02,216.88,20,50,0,0,10,0.95,8.96,214.86,0,1925.85,0
2024-01-27T03:00:00.000Z,27/1/2024,08:30 AM,Sat,1,8,507,31.8,50,0.153,3.87,203.22,20,50,0,0,10,0.95,8.76,199.35,0,1746.72,0
2024-01-27T04:00:00.000Z,27/1/2024,09:30 AM,Sat,1,9,615,32.9,50,0.148,4.56,201.82,20,50,0,0,10,0.95,8.46,197.26,0,1669.08,0
2024-01-27T05:00:00.000Z,27/1/2024,10:30 AM,Sat,1,10,921,33.7,50,0.145,6.69,42.3,20,50,0,0,10,0.95,8.13,35.61,0,289.38,0
2024-01-27T06:00:00.000Z,27/1/2024,11:30 AM,Sat,1,11,971,34.2,50,0.143,6.95,37.93,20,50,0,0,10,0.95,5.21,30.98,0,161.4,0
2024-01-27T07:00:00.000Z,27/1/2024,12:30 PM,Sat,1,12,908,34.3,50,0.143,6.48,42.88,20,50,0,0,10,0.95,6.42,36.4,0,233.62,0
2024-01-27T08:00:00.000Z,27/1/2024,01:30 PM,Sat,1,13,1020,34.2,50,0.143,7.3,46.03,20,50,0,0,10,0.95,6.42,38.73,0,248.68,0
2024-01-27T09:00:00.000Z,27/1/2024,02:30 PM,Sat,1,14,767,33.7,50,0.145,5.57,39.54,20,50,0,0,10,0.95,6.71,33.97,0,227.81,0
2024-01-27T10:00:00.000Z,27/1/2024,03:30 PM,Sat,1,15,622,32.9,50,0.148,4.62,42.43,20,50,0,0,10,0.95,6.08,37.81,0,229.98,0
2024-01-27T11:00:00.000Z,27/1/2024,04:30 PM,Sat,1,16,550,31.8,50,0.153,4.2,43.66,20,50,0,0,10,0.95,5.56,39.46,0,219.51,0
2024-01-27T12:00:00.000Z,27/1/2024,05:30 PM,Sat,1,17,256,30.6,50,0.158,2.02,41.21,20,50,0,0,10,0.95,5.2,39.19,0,203.7,0
2024-01-27T13:00:00.000Z,27/1/2024,06:30 PM,Sat,1,18,0,29.3,50,0.163,0,281.55,20,50,0,0,10,0.95,9.57,281.55,0,2693.13,0
2024-01-27T14:00:00.000Z,27/1/2024,07:30 PM,Sat,1,19,0,28,50,0.168,0,300.01,20,50,0,0,10,0.95,8.05,300.01,0,2414.06,0
2024-01-27T15:00:00.000Z,27/1/2024,08:30 PM,Sat,1,20,0,26.8,50,0.173,0,314.33,20,50,0,0,10,0.95,8.83,314.33,0,2776.88,0
2024-01-27T16:00:00.000Z,27/1/2024,09:30 PM,Sat,1,21,0,25.8,50,0.177,0,303.13,20,50,0,0,10,0.95,8.13,303.13,0,2464.93,0
2024-01-27T17:00:00.000Z,27/1/2024,10:30 PM,Sat,1,22,0,25,50,0.18,0,321.88,20,50,0,0,10,0.95,8.47,321.88,0,2725.89,0
2024-01-27T18:00:00.000Z,27/1/2024,11:30 PM,Sat,1,23,0,24.5,50,0.182,0,330.21,20,50,0,0,10,0.95,6.72,330.21,0,2220.23,0
2024-01-27T19:00:00.000Z,28/1/2024,12:30 AM,Sun,1,0,0,24.5,50,0.182,0,81.25,20,50,0,0,10,0.95,5.95,81.25,0,483.66,0
2024-01-27T20:00:00.000Z,28/1/2024,01:30 AM,Sun,1,1,0,24.7,50,0.181,0,133.62,20,50,0,0,10,0.95,5.09,133.62,0,680.4,0
2024-01-27T21:00:00.000Z,28/1/2024,02:30 AM,Sun,1,2,0,25.2,50,0.179,0,89.84,20,50,0,0,10,0.95,5.9,89.84,0,529.82,0
2024-01-27T22:00:00.000Z,28/1/2024,03:30 AM,Sun,1,3,0,25.9,50,0.176,0,111.17,20,50,0,0,10,0.95,5.57,111.17,0,618.87,0
2024-01-27T23:00:00.000Z,28/1/2024,04:30 AM,Sun,1,4,0,27,50,0.172,0,111.89,20,50,0,0,10,0.95,6.26,111.89,0,700.57,0
2024-01-28T00:00:00.000Z,28/1/2024,05:30 AM,Sun,1,5,0,28.2,50,0.167,0,77.23,20,50,0,0,10,0.95,5.21,77.23,0,402.66,0
2024-01-28T01:00:00.000Z,28/1/2024,06:30 AM,Sun,1,6,0,29.5,50,0.162,0,281.96,20,50,0,0,10,0.95,8.77,281.96,0,2474.06,0
2024-01-28T02:00:00.000Z,28/1/2024,07:30 AM,Sun,1,7,259,30.8,50,0.157,2.03,202.98,20,50,0,0,10,0.95,10,200.95,0,2008.89,0
2024-01-28T03:00:00.000Z,28/1/2024,08:30 AM,Sun,1,8,479,32,50,0.152,3.64,219.5,20,50,0,0,10,0.95,8.21,215.86,0,1772.52,0
2024-01-28T04:00:00.000Z,28/1/2024,09:30 AM,Sun,1,9,623,33,50,0.148,4.61,198.23,20,50,0,0,10,0.95,9.32,193.62,0,1804.33,0
2024-01-28T05:00:00.000Z,28/1/2024,10:30 AM,Sun,1,10,787,33.8,50,0.145,5.7,45.54,20,50,0,0,10,0.95,9.15,39.84,0,364.37,0
2024-01-28T06:00:00.000Z,28/1/2024,11:30 AM,Sun,1,11,843,34.3,50,0.143,6.02,43.18,20,50,0,0,10,0.95,6.04,37.16,0,224.62,0
2024-01-28T07:00:00.000Z,28/1/2024,12:30 PM,Sun,1,12,906,34.5,50,0.142,6.43,46.03,20,50,0,0,10,0.95,6.2,39.6,0,245.57,0
2024-01-28T08:00:00.000Z,28/1/2024,01:30 PM,Sun,1,13,915,34.3,50,0.143,6.53,43.92,20,50,0,0,10,0.95,5.18,37.39,0,193.69,0
2024-01-28T09:00:00.000Z,28/1/2024,02:30 PM,Sun,1,14,755,33.8,50,0.145,5.47,45.33,20,50,0,0,10,0.95,6.8,39.86,0,271.27,0
2024-01-28T10:00:00.000Z,28/1/2024,03:30 PM,Sun,1,15,616,33,50,0.148,4.56,44.95,20,50,0,0,10,0.95,5.8,40.39,0,234.31,0
2024-01-28T11:00:00.000Z,28/1/2024,04:30 PM,Sun,1,16,545,32,50,0.152,4.14,40.72,20,50,0,0,10,0.95,5.47,36.58,0,200.07,0
2024-01-28T12:00:00.000Z,28/1/2024,05:30 PM,Sun,1,17,245,30.8,50,0.157,1.92,40.7,20,50,0,0,10,0.95,5.36,38.78,0,207.89,0
2024-01-28T13:00:00.000Z,28/1/2024,06:30 PM,Sun,1,18,0,29.5,50,0.162,0,308.76,20,50,0,0,10,0.95,8.11,308.76,0,2503.64,0
2024-01-28T14:00:00.000Z,28/1/2024,07:30 PM,Sun,1,19,0,28.2,50,0.167,0,304.45,20,50,0,0,10,0.95,8.62,304.45,0,2623.04,0
2024-01-28T15:00:00.000Z,28/1/2024,08:30 PM,Sun,1,20,0,27,50,0.172,0,290.41,20,50,0,0,10,0.95,9.69,290.41,0,2814.02,0
2024-01-28T16:00:00.000Z,28/1/2024,09:30 PM,Sun,1,21,0,25.9,50,0.176,0,251.23,20,50,0,0,10,0.95,8.79,251.23,0,2207.61,0
2024-01-28T17:00:00.000Z,28/1/2024,10:30 PM,Sun,1,22,0,25.2,50,0.179,0,384.64,20,50,0,0,10,0.95,8.35,384.64,0,3213.42,0
2024-01-28T18:00:00.000Z,28/1/2024,11:30 PM,Sun,1,23,0,24.7,50,0.181,0,351.53,20,50,0,0,10,0.95,5.03,351.53,0,1768.1,0
2024-01-28T19:00:00.000Z,29/1/2024,12:30 AM,Mon,0,0,0,24.6,50,0.182,0,75.54,20,50,0,0,10,0.95,5.96,75.54,0,450.5,0
2024-01-28T20:00:00.000Z,29/1/2024,01:30 AM,Mon,0,1,0,24.8,50,0.181,0,82.4,20,50,0,0,10,0.95,5.88,82.4,0,484.79,0
2024-01-28T21:00:00.000Z,29/1/2024,02:30 AM,Mon,0,2,0,25.3,50,0.179,0,80.03,20,50,0,0,10,0.95,5.11,80.03,0,408.88,0
2024-01-28T22:00:00.000Z,29/1/2024,03:30 AM,Mon,0,3,0,26.1,50,0.176,0,91.68,20,50,0,0,10,0.95,6.22,91.68,0,569.89,0
2024-01-28T23:00:00.000Z,29/1/2024,04:30 AM,Mon,0,4,0,27.1,50,0.172,0,126.84,20,50,0,0,10,0.95,5.68,126.84,0,720.46,0
2024-01-29T00:00:00.000Z,29/1/2024,05:30 AM,Mon,0,5,0,28.3,50,0.167,0,64.1,20,50,0,0,10,0.95,5.96,64.1,0,381.84,0
2024-01-29T01:00:00.000Z,29/1/2024,06:30 AM,Mon,0,6,0,29.6,50,0.162,0,222.46,20,50,0,0,10,0.95,9.15,222.46,0,2035,0
2024-01-29T02:00:00.000Z,29/1/2024,07:30 AM,Mon,0,7,238,30.9,50,0.156,1.86,175.64,20,50,0,0,10,0.95,9.85,173.78,0,1711.87,0
2024-01-29T03:00:00.000Z,29/1/2024,08:30 AM,Mon,0,8,545,32.1,50,0.152,4.13,164.05,20,50,0,0,10,0.95,8.19,159.92,0,1309.44,0
2024-01-29T04:00:00.000Z,29/1/2024,09:30 AM,Mon,0,9,615,33.2,50,0.147,4.53,178.85,20,50,0,0,10,0.95,8.42,174.32,0,1468.39,0
2024-01-29T05:00:00.000Z,29/1/2024,10:30 AM,Mon,0,10,973,34,50,0.144,7.01,38.21,20,50,0,0,10,0.95,9.65,31.2,0,301.19,0
2024-01-29T06:00:00.000Z,29/1/2024,11:30 AM,Mon,0,11,870,34.5,50,0.142,6.18,36.7,20,50,0,0,10,0.95,5.85,30.52,0,178.47,0
2024-01-29T07:00:00.000Z,29/1/2024,12:30 PM,Mon,0,12,1071,34.6,50,0.142,7.58,31.53,20,50,0,0,10,0.95,5.5,23.95,0,131.68,0
2024-01-29T08:00:00.000Z,29/1/2024,01:30 PM,Mon,0,13,1043,34.5,50,0.142,7.41,32.97,20,50,0,0,10,0.95,5.87,25.56,0,149.94,0
2024-01-29T09:00:00.000Z,29/1/2024,02:30 PM,Mon,0,14,752,34,50,0.144,5.41,35.39,20,50,0,0,10,0.95,6.47,29.98,0,193.85,0
2024-01-29T10:00:00.000Z,29/1/2024,03:30 PM,Mon,0,15,689,33.2,50,0.147,5.07,36.5,20,50,0,0,10,0.95,6.78,31.43,0,213.07,0
2024-01-29T11:00:00.000Z,29/1/2024,04:30 PM,Mon,0,16,550,32.1,50,0.152,4.17,35.68,20,50,0,0,10,0.95,5.59,31.51,0,176.03,0
2024-01-29T12:00:00.000Z,29/1/2024,05:30 PM,Mon,0,17,271,30.9,50,0.156,2.12,32.72,20,50,0,0,10,0.95,5.07,30.6,0,155.28,0
2024-01-29T13:00:00.000Z,29/1/2024,06:30 PM,Mon,0,18,0,29.6,50,0.162,0,270.27,20,50,0,0,10,0.95,9.96,270.27,0,2690.91,0
2024-01-29T14:00:00.000Z,29/1/2024,07:30 PM,Mon,0,19,0,28.3,50,0.167,0,236.57,20,50,0,0,10,0.95,9.97,236.57,0,2359.38,0
2024-01-29T15:00:00.000Z,29/1/2024,08:30 PM,Mon,0,20,0,27.1,50,0.172,0,256.59,20,50,0,0,10,0.95,9.86,256.59,0,2530.4,0
2024-01-29T16:00:00.000Z,29/1/2024,09:30 PM,Mon,0,21,0,26.1,50,0.176,0,247.83,20,50,0,0,10,0.95,9.13,247.83,0,2261.61,0
2024-01-29T17:00:00.000Z,29/1/2024,10:30 PM,Mon,0,22,0,25.3,50,0.179,0,287.79,20,50,0,0,10,0.95,9.18,287.79,0,2640.58,0
2024-01-29T18:00:00.000Z,29/1/2024,11:30 PM,Mon,0,23,0,24.8,50,0.181,0,295.26,20,50,0,0,10,0.95,6.61,295.26,0,1952.27,0
2024-01-29T19:00:00.000Z,30/1/2024,12:30 AM,Tue,0,0,0,24.8,50,0.181,0,82.79,20,50,0,0,10,0.95,5.29,82.79,0,438.15,0
2024-01-29T20:00:00.000Z,30/1/2024,01:30 AM,Tue,0,1,0,25,50,0.18,0,81.87,20,50,0,0,10,0.95,5.28,81.87,0,432.19,0
2024-01-29T21:00:00.000Z,30/1/2024,02:30 AM,Tue,0,2,0,25.5,50,0.178,0,81.61,20,50,0,0,10,0.95,6.52,81.61,0,532.49,0
2024-01-29T22:00:00.000Z,30/1/2024,03:30 AM,Tue,0,3,0,26.3,50,0.175,0,84.84,20,50,0,0,10,0.95,6.51,84.84,0,551.92,0
2024-01-29T23:00:00.000Z,30/1/2024,04:30 AM,Tue,0,4,0,27.3,50,0.171,0,64.96,20,50,0,0,10,0.95,5.73,64.96,0,372.26,0
2024-01-30T00:00:00.000Z,30/1/2024,05:30 AM,Tue,0,5,0,28.5,50,0.166,0,94.9,20,50,0,0,10,0.95,6.57,94.9,0,623.18,0
2024-01-30T01:00:00.000Z,30/1/2024,06:30 AM,Tue,0,6,0,29.8,50,0.161,0,240.05,20,50,0,0,10,0.95,9.27,240.05,0,2226.15,0
2024-01-30T02:00:00.000Z,30/1/2024,07:30 AM,Tue,0,7,225,31.1,50,0.156,1.75,174.77,20,50,0,0,10,0.95,8.79,173.02,0,1520.41,0
2024-01-30T03:00:00.000Z,30/1/2024,08:30 AM,Tue,0,8,562,32.3,50,0.151,4.24,184.37,20,50,0,0,10,0.95,8.51,180.13,0,1532.89,0
2024-01-30T04:00:00.000Z,30/1/2024,09:30 AM,Tue,0,9,599,33.3,50,0.147,4.4,163.53,20,50,0,0,10,0.95,9.77,159.13,0,1554.77,0
2024-01-30T05:00:00.000Z,30/1/2024,10:30 AM,Tue,0,10,810,34.1,50,0.144,5.82,38.41,20,50,0,0,10,0.95,9.91,32.59,0,323.1,0
2024-01-30T06:00:00.000Z,30/1/2024,11:30 AM,Tue,0,11,1039,34.6,50,0.142,7.36,33.17,20,50,0,0,10,0.95,6.82,25.81,0,176.16,0
2024-01-30T07:00:00.000Z,30/1/2024,12:30 PM,Tue,0,12,962,34.8,50,0.141,6.77,33.16,20,50,0,0,10,0.95,5.35,26.39,0,141.18,0
2024-01-30T08:00:00.000Z,30/1/2024,01:30 PM,Tue,0,13,981,34.6,50,0.142,6.95,36.43,20,50,0,0,10,0.95,5.22,29.48,0,153.95,0
2024-01-30T09:00:00.000Z,30/1/2024,02:30 PM,Tue,0,14,864,34.1,50,0.144,6.2,29.15,20,50,0,0,10,0.95,6.64,22.95,0,152.46,0
2024-01-30T10:00:00.000Z,30/1/2024,03:30 PM,Tue,0,15,789,33.3,50,0.147,5.79,33.54,20,50,0,0,10,0.95,5.69,27.75,0,157.86,0
2024-01-30T11:00:00.000Z,30/1/2024,04:30 PM,Tue,0,16,423,32.3,50,0.151,3.19,35.99,20,50,0,0,10,0.95,5.55,32.8,0,181.91,0
2024-01-30T12:00:00.000Z,30/1/2024,05:30 PM,Tue,0,17,288,31.1,50,0.156,2.24,34.96,20,50,0,0,10,0.95,5.21,32.72,0,170.38,0
2024-01-30T13:00:00.000Z,30/1/2024,06:30 PM,Tue,0,18,0,29.8,50,0.161,0,248.59,20,50,0,0,10,0.95,8.43,248.59,0,2096.53,0
2024-01-30T14:00:00.000Z,30/1/2024,07:30 PM,Tue,0,19,0,28.5,50,0.166,0,252.6,20,50,0,0,10,0.95,8.59,252.6,0,2170.36,0
2024-01-30T15:00:00.000Z,30/1/2024,08:30 PM,Tue,0,20,0,27.3,50,0.171,0,243.77,20,50,0,0,10,0.95,8.57,243.77,0,2089.49,0
2024-01-30T16:00:00.000Z,30/1/2024,09:30 PM,Tue,0,21,0,26.3,50,0.175,0,261.35,20,50,0,0,10,0.95,9.73,261.35,0,2543.42,0
2024-01-30T17:00:00.000Z,30/1/2024,10:30 PM,Tue,0,22,0,25.5,50,0.178,0,291.58,20,50,0,0,10,0.95,8.74,291.58,0,2549,0
2024-01-30T18:00:00.000Z,30/1/2024,11:30 PM,Tue,0,23,0,25,50,0.18,0,290.49,20,50,0,0,10,0.95,6.74,290.49,0,1958.79,0
2024-01-30T19:00:00.000Z,31/1/2024,12:30 AM,Wed,0,0,0,24.9,50,0.18,0,84.02,20,50,0,0,10,0.95,5.04,84.02,0,423.16,0
2024-01-30T20:00:00.000Z,31/1/2024,01:30 AM,Wed,0,1,0,25.1,50,0.18,0,132.59,20,50,0,0,10,0.95,6,132.59,0,795.49,0
2024-01-30T21:00:00.000Z,31/1/2024,02:30 AM,Wed,0,2,0,25.6,50,0.178,0,97.16,20,50,0,0,10,0.95,6.3,97.16,0,612.1,0
2024-01-30T22:00:00.000Z,31/1/2024,03:30 AM,Wed,0,3,0,26.4,50,0.174,0,96.02,20,50,0,0,10,0.95,5.57,96.02,0,534.67,0
2024-01-30T23:00:00.000Z,31/1/2024,04:30 AM,Wed,0,4,0,27.4,50,0.17,0,112.77,20,50,0,0,10,0.95,6.09,112.77,0,687.26,0
2024-01-31T00:00:00.000Z,31/1/2024,05:30 AM,Wed,0,5,0,28.6,50,0.166,0,97.96,20,50,0,0,10,0.95,6.83,97.96,0,669.13,0
2024-01-31T01:00:00.000Z,31/1/2024,06:30 AM,Wed,0,6,0,29.9,50,0.16,0,291.1,20,50,0,0,10,0.95,8.66,291.1,0,2519.68,0
2024-01-31T02:00:00.000Z,31/1/2024,07:30 AM,Wed,0,7,239,31.2,50,0.155,1.85,168.55,20,50,0,0,10,0.95,8.07,166.7,0,1344.53,0
2024-01-31T03:00:00.000Z,31/1/2024,08:30 AM,Wed,0,8,549,32.4,50,0.15,4.13,172.5,20,50,0,0,10,0.95,9.32,168.37,0,1568.65,0
2024-01-31T04:00:00.000Z,31/1/2024,09:30 AM,Wed,0,9,601,33.5,50,0.146,4.39,158.6,20,50,0,0,10,0.95,8.79,154.21,0,1355.92,0
2024-01-31T05:00:00.000Z,31/1/2024,10:30 AM,Wed,0,10,810,34.3,50,0.143,5.78,35.03,20,50,0,0,10,0.95,9.57,29.25,0,279.95,0
2024-01-31T06:00:00.000Z,31/1/2024,11:30 AM,Wed,0,11,1005,34.8,50,0.141,7.08,35.33,20,50,0,0,10,0.95,6.29,28.25,0,177.63,0
2024-01-31T07:00:00.000Z,31/1/2024,12:30 PM,Wed,0,12,852,34.9,50,0.14,5.98,39.26,20,50,0,0,10,0.95,5.51,33.28,0,183.22,0
2024-01-31T08:00:00.000Z,31/1/2024,01:30 PM,Wed,0,13,1012,34.8,50,0.141,7.12,36.59,20,50,0,0,10,0.95,6.58,29.47,0,194.01,0
2024-01-31T09:00:00.000Z,31/1/2024,02:30 PM,Wed,0,14,785,34.3,50,0.143,5.6,32.63,20,50,0,0,10,0.95,6.98,27.03,0,188.59,0
2024-01-31T10:00:00.000Z,31/1/2024,03:30 PM,Wed,0,15,686,33.5,50,0.146,5.01,31.73,20,50,0,0,10,0.95,6.94,26.72,0,185.42,0
2024-01-31T11:00:00.000Z,31/1/2024,04:30 PM,Wed,0,16,424,32.4,50,0.15,3.19,37.3,20,50,0,0,10,0.95,6.74,34.11,0,229.84,0
2024-01-31T12:00:00.000Z,31/1/2024,05:30 PM,Wed,0,17,286,31.2,50,0.155,2.22,35.99,20,50,0,0,10,0.95,5.86,33.77,0,197.85,0
2024-01-31T13:00:00.000Z,31/1/2024,06:30 PM,Wed,0,18,0,29.9,50,0.16,0,233.41,20,50,0,0,10,0.95,9.36,233.41,0,2184.35,0
2024-01-31T14:00:00.000Z,31/1/2024,07:30 PM,Wed,0,19,0,28.6,50,0.166,0,245.25,20,50,0,0,10,0.95,9.25,245.25,0,2269.69,0
2024-01-31T15:00:00.000Z,31/1/2024,08:30 PM,Wed,0,20,0,27.4,50,0.17,0,247.27,20,50,0,0,10,0.95,9.32,247.27,0,2303.44,0
2024-01-31T16:00:00.000Z,31/1/2024,09:30 PM,Wed,0,21,0,26.4,50,0.174,0,231.91,20,50,0,0,10,0.95,9.6,231.91,0,2226.29,0
2024-01-31T17:00:00.000Z,31/1/2024,10:30 PM,Wed,0,22,0,25.6,50,0.178,0,285.76,20,50,0,0,10,0.95,8.74,285.76,0,2498.39,0
2024-01-31T18:00:00.000Z,31/1/2024,11:30 PM,Wed,0,23,0,25.1,50,0.18,0,294.17,20,50,0,0,10,0.95,6.27,294.17,0,1843.58,0
2024-01-31T19:00:00.000Z,1/2/2024,12:30 AM,Thu,0,0,0,25.1,50,0.18,0,84.29,20,50,0,0,10,0.95,5.94,84.29,0,501.07,0
2024-01-31T20:00:00.000Z,1/2/2024,01:30 AM,Thu,0,1,0,25.3,50,0.179,0,96.35,20,50,0,0,10,0.95,5.93,96.35,0,571.71,0
2024-01-31T21:00:00.000Z,1/2/2024,02:30 AM,Thu,0,2,0,25.8,50,0.177,0,83.04,20,50,0,0,10,0.95,6.52,83.04,0,541.41,0
2024-01-31T22:00:00.000Z,1/2/2024,03:30 AM,Thu,0,3,0,26.6,50,0.174,0,91.08,20,50,0,0,10,0.95,5.59,91.08,0,509.11,0
2024-01-31T23:00:00.000Z,1/2/2024,04:30 AM,Thu,0,4,0,27.6,50,0.17,0,98.63,20,50,0,0,10,0.95,6.5,98.63,0,641.18,0
2024-02-01T00:00:00.000Z,1/2/2024,05:30 AM,Thu,0,5,0,28.8,50,0.165,0,68.81,20,50,0,0,10,0.95,5.53,68.81,0,380.34,0
2024-02-01T01:00:00.000Z,1/2/2024,06:30 AM,Thu,0,6,0,30.1,50,0.16,0,248.8,20,50,0,0,10,0.95,8.16,248.8,0,2030.92,0
2024-02-01T02:00:00.000Z,1/2/2024,07:30 AM,Thu,0,7,248,31.4,50,0.154,1.91,166.94,20,50,0,0,10,0.95,9.34,165.03,0,1540.66,0
2024-02-01T03:00:00.000Z,1/2/2024,08:30 AM,Thu,0,8,529,32.6,50,0.15,3.96,187.55,20,50,0,0,10,0.95,8.53,183.59,0,1566.07,0
2024-02-01T04:00:00.000Z,1/2/2024,09:30 AM,Thu,0,9,698,33.6,50,0.146,5.08,175.22,20,50,0,0,10,0.95,9.93,170.14,0,1688.95,0
2024-02-01T05:00:00.000Z,1/2/2024,10:30 AM,Thu,0,10,966,34.4,50,0.142,6.88,33.99,20,50,0,0,10,0.95,9.75,27.11,0,264.28,0
2024-02-01T06:00:00.000Z,1/2/2024,11:30 AM,Thu,0,11,1026,34.9,50,0.14,7.2,29.36,20,50,0,0,10,0.95,6.91,22.16,0,153.06,0
2024-02-01T07:00:00.000Z,1/2/2024,12:30 PM,Thu,0,12,1054,35.1,50,0.14,7.36,32.6,20,50,0,0,10,0.95,5.52,25.24,0,139.46,0
2024-02-01T08:00:00.000Z,1/2/2024,01:30 PM,Thu,0,13,1103,34.9,50,0.14,7.74,31.96,20,50,0,0,10,0.95,6.08,24.22,0,147.13,0
2024-02-01T09:00:00.000Z,1/2/2024,02:30 PM,Thu,0,14,898,34.4,50,0.142,6.39,40.19,20,50,0,0,10,0.95,5.58,33.8,0,188.75,0
2024-02-01T10:00:00.000Z,1/2/2024,03:30 PM,Thu,0,15,775,33.6,50,0.146,5.64,32.06,20,50,0,0,10,0.95,6.53,26.42,0,172.46,0
2024-02-01T11:00:00.000Z,1/2/2024,04:30 PM,Thu,0,16,460,32.6,50,0.15,3.44,36.46,20,50,0,0,10,0.95,5.47,33.02,0,180.71,0
2024-02-01T12:00:00.000Z,1/2/2024,05:30 PM,Thu,0,17,242,31.4,50,0.154,1.87,40.26,20,50,0,0,10,0.95,6.22,38.39,0,238.69,0
2024-02-01T13:00:00.000Z,1/2/2024,06:30 PM,Thu,0,18,0,30.1,50,0.16,0,239.25,20,50,0,0,10,0.95,8.84,239.25,0,2114.24,0
2024-02-01T14:00:00.000Z,1/2/2024,07:30 PM,Thu,0,19,0,28.8,50,0.165,0,208.82,20,50,0,0,10,0.95,8.04,208.82,0,1678.6,0
2024-02-01T15:00:00.000Z,1/2/2024,08:30 PM,Thu,0,20,0,27.6,50,0.17,0,234.96,20,50,0,0,10,0.95,8.33,234.96,0,1956.62,0
2024-02-01T16:00:00.000Z,1/2/2024,09:30 PM,Thu,0,21,0,26.6,50,0.174,0,225.57,20,50,0,0,10,0.95,9.7,225.57,0,2187.11,0
2024-02-01T17:00:00.000Z,1/2/2024,10:30 PM,Thu,0,22,0,25.8,50,0.177,0,300.44,20,50,0,0,10,0.95,8.07,300.44,0,2425.08,0
2024-02-01T18:00:00.000Z,1/2/2024,11:30 PM,Thu,0,23,0,25.3,50,0.179,0,314.66,20,50,0,0,10,0.95,5.58,314.66,0,1756.91,0
2024-02-01T19:00:00.000Z,2/2/2024,12:30 AM,Fri,0,0,0,25.2,50,0.179,0,86.32,20,50,0,0,10,0.95,6.39,86.32,0,551.59,0
2024-02-01T20:00:00.000Z,2/2/2024,01:30 AM,Fri,0,1,0,25.4,50,0.178,0,113.1,20,50,0,0,10,0.95,5.86,113.1,0,663.29,0
2024-02-01T21:00:00.000Z,2/2/2024,02:30 AM,Fri,0,2,0,25.9,50,0.176,0,94.04,20,50,0,0,10,0.95,6.29,94.04,0,591.9,0
2024-02-01T22:00:00.000Z,2/2/2024,03:30 AM,Fri,0,3,0,26.7,50,0.173,0,88.82,20,50,0,0,10,0.95,6.32,88.82,0,561.67,0
2024-02-01T23:00:00.000Z,2/2/2024,04:30 AM,Fri,0,4,0,27.7,50,0.169,0,92.34,20,50,0,0,10,0.95,5.2,92.34,0,480.18,0
2024-02-02T00:00:00.000Z,2/2/2024,05:30 AM,Fri,0,5,0,28.9,50,0.164,0,74.13,20,50,0,0,10,0.95,5.74,74.13,0,425.28,0
2024-02-02T01:00:00.000Z,2/2/2024,06:30 AM,Fri,0,6,0,30.2,50,0.159,0,251.42,20,50,0,0,10,0.95,9.27,251.42,0,2329.63,0
2024-02-02T02:00:00.000Z,2/2/2024,07:30 AM,Fri,0,7,285,31.5,50,0.154,2.19,154.93,20,50,0,0,10,0.95,8.01,152.74,0,1223.26,0
2024-02-02T03:00:00.000Z,2/2/2024,08:30 AM,Fri,0,8,486,32.7,50,0.149,3.63,184.14,20,50,0,0,10,0.95,9.14,180.51,0,1649.13,0
2024-02-02T04:00:00.000Z,2/2/2024,09:30 AM,Fri,0,9,791,33.8,50,0.145,5.73,151.64,20,50,0,0,10,0.95,9.4,145.91,0,1372.11,0
2024-02-02T05:00:00.000Z,2/2/2024,10:30 AM,Fri,0,10,943,34.6,50,0.142,6.68,33.13,20,50,0,0,10,0.95,9.83,26.45,0,260,0
2024-02-02T06:00:00.000Z,2/2/2024,11:30 AM,Fri,0,11,1081,35.1,50,0.14,7.55,34.01,20,50,0,0,10,0.95,5.74,26.46,0,151.91,0
2024-02-02T07:00:00.000Z,2/2/2024,12:30 PM,Fri,0,12,952,35.2,50,0.139,6.63,30.79,20,50,0,0,10,0.95,5.91,24.16,0,142.73,0
2024-02-02T08:00:00.000Z,2/2/2024,01:30 PM,Fri,0,13,832,35.1,50,0.14,5.81,35.19,20,50,0,0,10,0.95,6.65,29.38,0,195.5,0
2024-02-02T09:00:00.000Z,2/2/2024,02:30 PM,Fri,0,14,995,34.6,50,0.142,7.04,33.36,20,50,0,0,10,0.95,6.11,26.32,0,160.81,0
2024-02-02T10:00:00.000Z,2/2/2024,03:30 PM,Fri,0,15,817,33.8,50,0.145,5.92,36.08,20,50,0,0,10,0.95,6.65,30.16,0,200.71,0
2024-02-02T11:00:00.000Z,2/2/2024,04:30 PM,Fri,0,16,503,32.7,50,0.149,3.75,30.52,20,50,0,0,10,0.95,6.75,26.77,0,180.66,0
2024-02-02T12:00:00.000Z,2/2/2024,05:30 PM,Fri,0,17,272,31.5,50,0.154,2.09,38.88,20,50,0,0,10,0.95,6.54,36.79,0,240.42,0
2024-02-02T13:00:00.000Z,2/2/2024,06:30 PM,Fri,0,18,0,30.2,50,0.159,0,257.92,20,50,0,0,10,0.95,8.5,257.92,0,2191.34,0
2024-02-02T14:00:00.000Z,2/2/2024,07:30 PM,Fri,0,19,0,28.9,50,0.164,0,230.11,20,50,0,0,10,0.95,9.07,230.11,0,2086.81,0
2024-02-02T15:00:00.000Z,2/2/2024,08:30 PM,Fri,0,20,0,27.7,50,0.169,0,247.4,20,50,0,0,10,0.95,8.09,247.4,0,2002.34,0
2024-02-02T16:00:00.000Z,2/2/2024,09:30 PM,Fri,0,21,0,26.7,50,0.173,0,273.66,20,50,0,0,10,0.95,9.99,273.66,0,2734.35,0
2024-02-02T17:00:00.000Z,2/2/2024,10:30 PM,Fri,0,22,0,25.9,50,0.176,0,297.51,20,50,0,0,10,0.95,8.67,297.51,0,2578.65,0
2024-02-02T18:00:00.000Z,2/2/2024,11:30 PM,Fri,0,23,0,25.4,50,0.178,0,272.86,20,50,0,0,10,0.95,6.52,272.86,0,1778.29,0
2024-02-02T19:00:00.000Z,3/2/2024,12:30 AM,Sat,1,0,0,25.4,50,0.178,0,82.52,20,50,0,0,10,0.95,6.58,82.52,0,542.76,0
2024-02-02T20:00:00.000Z,3/2/2024,01:30 AM,Sat,1,1,0,25.6,50,0.178,0,93.44,20,50,0,0,10,0.95,6.91,93.44,0,645.57,0
2024-02-02T21:00:00.000Z,3/2/2024,02:30 AM,Sat,1,2,0,26,50,0.176,0,94.1,20,50,0,0,10,0.95,5.39,94.1,0,507.11,0
2024-02-02T22:00:00.000Z,3/2/2024,03:30 AM,Sat,1,3,0,26.8,50,0.173,0,120.7,20,50,0,0,10,0.95,6.8,120.7,0,820.45,0
2024-02-02T23:00:00.000Z,3/2/2024,04:30 AM,Sat,1,4,0,27.9,50,0.168,0,76.69,20,50,0,0,10,0.95,5.66,76.69,0,434.03,0
2024-02-03T00:00:00.000Z,3/2/2024,05:30 AM,Sat,1,5,0,29.1,50,0.164,0,81.06,20,50,0,0,10,0.95,5.97,81.06,0,484.26,0
2024-02-03T01:00:00.000Z,3/2/2024,06:30 AM,Sat,1,6,0,30.4,50,0.158,0,307.84,20,50,0,0,10,0.95,9.76,307.84,0,3005.59,0
2024-02-03T02:00:00.000Z,3/2/2024,07:30 AM,Sat,1,7,236,31.7,50,0.153,1.81,209.28,20,50,0,0,10,0.95,9.38,207.47,0,1945.41,0
2024-02-03T03:00:00.000Z,3/2/2024,08:30 AM,Sat,1,8,518,32.9,50,0.148,3.84,216.24,20,50,0,0,10,0.95,9.13,212.4,0,1939.66,0
2024-02-03T04:00:00.000Z,3/2/2024,09:30 AM,Sat,1,9,771,33.9,50,0.144,5.57,194.48,20,50,0,0,10,0.95,8.91,188.91,0,1683.59,0
2024-02-03T05:00:00.000Z,3/2/2024,10:30 AM,Sat,1,10,1002,34.7,50,0.141,7.07,47.78,20,50,0,0,10,0.95,9.63,40.71,0,392.14,0
2024-02-03T06:00:00.000Z,3/2/2024,11:30 AM,Sat,1,11,1023,35.2,50,0.139,7.12,43.33,20,50,0,0,10,0.95,6.69,36.21,0,242.16,0
2024-02-03T07:00:00.000Z,3/2/2024,12:30 PM,Sat,1,12,908,35.4,50,0.138,6.28,37.31,20,50,0,0,10,0.95,6.26,31.03,0,194.09,0
2024-02-03T08:00:00.000Z,3/2/2024,01:30 PM,Sat,1,13,992,35.2,50,0.139,6.9,43.15,20,50,0,0,10,0.95,6.44,36.25,0,233.49,0
2024-02-03T09:00:00.000Z,3/2/2024,02:30 PM,Sat,1,14,832,34.7,50,0.141,5.87,46.81,20,50,0,0,10,0.95,5.42,40.94,0,221.81,0
2024-02-03T10:00:00.000Z,3/2/2024,03:30 PM,Sat,1,15,699,33.9,50,0.144,5.05,39.66,20,50,0,0,10,0.95,6.81,34.61,0,235.73,0
2024-02-03T11:00:00.000Z,3/2/2024,04:30 PM,Sat,1,16,547,32.9,50,0.148,4.06,40.85,20,50,0,0,10,0.95,5.98,36.79,0,219.95,0
2024-02-03T12:00:00.000Z,3/2/2024,05:30 PM,Sat,1,17,288,31.7,50,0.153,2.21,43.21,20,50,0,0,10,0.95,6.56,41,0,269.16,0
2024-02-03T13:00:00.000Z,3/2/2024,06:30 PM,Sat,1,18,0,30.4,50,0.158,0,313.83,20,50,0,0,10,0.95,9.39,313.83,0,2946.82,0
2024-02-03T14:00:00.000Z,3/2/2024,07:30 PM,Sat,1,19,0,29.1,50,0.164,0,321.68,20,50,0,0,10,0.95,8.48,321.68,0,2727.4,0
2024-02-03T15:00:00.000Z,3/2/2024,08:30 PM,Sat,1,20,0,27.9,50,0.168,0,295.15,20,50,0,0,10,0.95,8.49,295.15,0,2506.16,0
2024-02-03T16:00:00.000Z,3/2/2024,09:30 PM,Sat,1,21,0,26.8,50,0.173,0,293.74,20,50,0,0,10,0.95,8.54,293.74,0,2509.85,0
2024-02-03T17:00:00.000Z,3/2/2024,10:30 PM,Sat,1,22,0,26,50,0.176,0,349.64,20,50,0,0,10,0.95,8.02,349.64,0,2805.74,0
2024-02-03T18:00:00.000Z,3/2/2024,11:30 PM,Sat,1,23,0,25.6,50,0.178,0,348.92,20,50,0,0,10,0.95,6.71,348.92,0,2341.21,0
2024-02-03T19:00:00.000Z,4/2/2024,12:30 AM,Sun,1,0,0,25.5,50,0.178,0,109.8,20,50,0,0,10,0.95,5.47,109.8,0,600.4,0
2024-02-03T20:00:00.000Z,4/2/2024,01:30 AM,Sun,1,1,0,25.7,50,0.177,0,100.33,20,50,0,0,10,0.95,5.53,100.33,0,554.39,0
2024-02-03T21:00:00.000Z,4/2/2024,02:30 AM,Sun,1,2,0,26.2,50,0.175,0,100.36,20,50,0,0,10,0.95,6.32,100.36,0,634.51,0
2024-02-03T22:00:00.000Z,4/2/2024,03:30 AM,Sun,1,3,0,27,50,0.172,0,82.04,20,50,0,0,10,0.95,6.29,82.04,0,516.29,0
2024-02-03T23:00:00.000Z,4/2/2024,04:30 AM,Sun,1,4,0,28,50,0.168,0,87.45,20,50,0,0,10,0.95,5.17,87.45,0,452.35,0
2024-02-04T00:00:00.000Z,4/2/2024,05:30 AM,Sun,1,5,0,29.2,50,0.163,0,92.41,20,50,0,0,10,0.95,5.34,92.41,0,493.34,0
2024-02-04T01:00:00.000Z,4/2/2024,06:30 AM,Sun,1,6,0,30.5,50,0.158,0,266.83,20,50,0,0,10,0.95,9.91,266.83,0,2643.46,0
2024-02-04T02:00:00.000Z,4/2/2024,07:30 AM,Sun,1,7,259,31.8,50,0.153,1.98,202.49,20,50,0,0,10,0.95,8.07,200.51,0,1617.96,0
2024-02-04T03:00:00.000Z,4/2/2024,08:30 AM,Sun,1,8,482,33,50,0.148,3.57,206.08,20,50,0,0,10,0.95,8.83,202.51,0,1787.63,0
2024-02-04T04:00:00.000Z,4/2/2024,09:30 AM,Sun,1,9,790,34.1,50,0.144,5.67,192.52,20,50,0,0,10,0.95,9.67,186.85,0,1807.15,0
2024-02-04T05:00:00.000Z,4/2/2024,10:30 AM,Sun,1,10,813,34.9,50,0.14,5.71,45.74,20,50,0,0,10,0.95,9.54,40.03,0,381.93,0
2024-02-04T06:00:00.000Z,4/2/2024,11:30 AM,Sun,1,11,892,35.4,50,0.138,6.17,39.47,20,50,0,0,10,0.95,5.51,33.3,0,183.3,0
2024-02-04T07:00:00.000Z,4/2/2024,12:30 PM,Sun,1,12,873,35.5,50,0.138,6.02,50.24,20,50,0,0,10,0.95,6.68,44.22,0,295.43,0
2024-02-04T08:00:00.000Z,4/2/2024,01:30 PM,Sun,1,13,971,35.4,50,0.138,6.72,43.84,20,50,0,0,10,0.95,6.94,37.12,0,257.5,0
2024-02-04T09:00:00.000Z,4/2/2024,02:30 PM,Sun,1,14,834,34.9,50,0.14,5.85,44.46,20,50,0,0,10,0.95,5.19,38.61,0,200.52,0
2024-02-04T10:00:00.000Z,4/2/2024,03:30 PM,Sun,1,15,787,34.1,50,0.144,5.65,40.96,20,50,0,0,10,0.95,5.5,35.31,0,194.19,0
2024-02-04T11:00:00.000Z,4/2/2024,04:30 PM,Sun,1,16,587,33,50,0.148,4.34,39.97,20,50,0,0,10,0.95,5.72,35.63,0,203.95,0
2024-02-04T12:00:00.000Z,4/2/2024,05:30 PM,Sun,1,17,258,31.8,50,0.153,1.97,40.07,20,50,0,0,10,0.95,5.71,38.1,0,217.65,0
2024-02-04T13:00:00.000Z,4/2/2024,06:30 PM,Sun,1,18,0,30.5,50,0.158,0,274.51,20,50,0,0,10,0.95,9.63,274.51,0,2644.08,0
2024-02-04T14:00:00.000Z,4/2/2024,07:30 PM,Sun,1,19,0,29.2,50,0.163,0,294.33,20,50,0,0,10,0.95,8.69,294.33,0,2558.77,0
2024-02-04T15:00:00.000Z,4/2/2024,08:30 PM,Sun,1,20,0,28,50,0.168,0,271.84,20,50,0,0,10,0.95,8.74,271.84,0,2375.09,0
2024-02-04T16:00:00.000Z,4/2/2024,09:30 PM,Sun,1,21,0,27,50,0.172,0,306.54,20,50,0,0,10,0.95,8.49,306.54,0,2603.9,0
2024-02-04T17:00:00.000Z,4/2/2024,10:30 PM,Sun,1,22,0,26.2,50,0.175,0,340.77,20,50,0,0,10,0.95,8.99,340.77,0,3062.91,0
2024-02-04T18:00:00.000Z,4/2/2024,11:30 PM,Sun,1,23,0,25.7,50,0.177,0,365.47,20,50,0,0,10,0.95,6.65,365.47,0,2430.57,0
2024-02-04T19:00:00.000Z,5/2/2024,12:30 AM,Mon,0,0,0,25.7,50,0.177,0,94.22,20,50,0,0,10,0.95,5.45,94.22,0,513.48,0
2024-02-04T20:00:00.000Z,5/2/2024,01:30 AM,Mon,0,1,0,25.8,50,0.177,0,79.47,20,50,0,0,10,0.95,6.33,79.47,0,502.79,0
2024-02-04T21:00:00.000Z,5/2/2024,02:30 AM,Mon,0,2,0,26.3,50,0.175,0,110.87,20,50,0,0,10,0.95,5.28,110.87,0,585.75,0
2024-02-04T22:00:00.000Z,5/2/2024,03:30 AM,Mon,0,3,0,27.1,50,0.172,0,72.55,20,50,0,0,10,0.95,5.47,72.55,0,396.87,0
2024-02-04T23:00:00.000Z,5/2/2024,04:30 AM,Mon,0,4,0,28.2,50,0.167,0,100.43,20,50,0,0,10,0.95,5.88,100.43,0,591.01,0
2024-02-05T00:00:00.000Z,5/2/2024,05:30 AM,Mon,0,5,0,29.4,50,0.162,0,75.61,20,50,0,0,10,0.95,6.62,75.61,0,500.51,0
2024-02-05T01:00:00.000Z,5/2/2024,06:30 AM,Mon,0,6,0,30.7,50,0.157,0,227.33,20,50,0,0,10,0.95,9.83,227.33,0,2233.53,0
2024-02-05T02:00:00.000Z,5/2/2024,07:30 AM,Mon,0,7,272,32,50,0.152,2.07,190.32,20,50,0,0,10,0.95,9.25,188.25,0,1740.46,0
2024-02-05T03:00:00.000Z,5/2/2024,08:30 AM,Mon,0,8,504,33.2,50,0.147,3.71,169.22,20,50,0,0,10,0.95,9.62,165.51,0,1591.57,0
2024-02-05T04:00:00.000Z,5/2/2024,09:30 AM,Mon,0,9,667,34.2,50,0.143,4.78,185.16,20,50,0,0,10,0.95,8.36,180.38,0,1508.24,0
2024-02-05T05:00:00.000Z,5/2/2024,10:30 AM,Mon,0,10,897,35,50,0.14,6.28,39.12,20,50,0,0,10,0.95,9.14,32.84,0,300.1,0
2024-02-05T06:00:00.000Z,5/2/2024,11:30 AM,Mon,0,11,995,35.5,50,0.138,6.87,37.08,20,50,0,0,10,0.95,6.32,30.21,0,190.83,0
2024-02-05T07:00:00.000Z,5/2/2024,12:30 PM,Mon,0,12,1017,35.7,50,0.137,6.98,35.57,20,50,0,0,10,0.95,5.69,28.59,0,162.65,0
2024-02-05T08:00:00.000Z,5/2/2024,01:30 PM,Mon,0,13,1084,35.5,50,0.138,7.48,33.42,20,50,0,0,10,0.95,5.22,25.94,0,135.31,0
2024-02-05T09:00:00.000Z,5/2/2024,02:30 PM,Mon,0,14,786,35,50,0.14,5.5,36.77,20,50,0,0,10,0.95,5.12,31.27,0,160.02,0
2024-02-05T10:00:00.000Z,5/2/2024,03:30 PM,Mon,0,15,823,34.2,50,0.143,5.89,34.14,20,50,0,0,10,0.95,5.19,28.25,0,146.74,0
2024-02-05T11:00:00.000Z,5/2/2024,04:30 PM,Mon,0,16,475,33.2,50,0.147,3.5,34.99,20,50,0,0,10,0.95,5.29,31.49,0,166.65,0
2024-02-05T12:00:00.000Z,5/2/2024,05:30 PM,Mon,0,17,303,32,50,0.152,2.3,31.29,20,50,0,0,10,0.95,5.39,28.99,0,156.21,0
2024-02-05T13:00:00.000Z,5/2/2024,06:30 PM,Mon,0,18,0,30.7,50,0.157,0,257.38,20,50,0,0,10,0.95,8.78,257.38,0,2260.05,0
2024-02-05T14:00:00.000Z,5/2/2024,07:30 PM,Mon,0,19,0,29.4,50,0.162,0,262.14,20,50,0,0,10,0.95,9.64,262.14,0,2527.62,0
2024-02-05T15:00:00.000Z,5/2/2024,08:30 PM,Mon,0,20,0,28.2,50,0.167,0,220.4,20,50,0,0,10,0.95,9.38,220.4,0,2066.67,0
2024-02-05T16:00:00.000Z,5/2/2024,09:30 PM,Mon,0,21,0,27.1,50,0.172,0,270.84,20,50,0,0,10,0.95,9.23,270.84,0,2501.03,0
2024-02-05T17:00:00.000Z,5/2/2024,10:30 PM,Mon,0,22,0,26.3,50,0.175,0,249.27,20,50,0,0,10,0.95,8.24,249.27,0,2053.56,0
2024-02-05T18:00:00.000Z,5/2/2024,11:30 PM,Mon,0,23,0,25.8,50,0.177,0,304.88,20,50,0,0,10,0.95,6.22,304.88,0,1895.3,0
2024-02-05T19:00:00.000Z,6/2/2024,12:30 AM,Tue,0,0,0,25.8,50,0.177,0,111.34,20,50,0,0,10,0.95,6.78,111.34,0,754.93,0
2024-02-05T20:00:00.000Z,6/2/2024,01:30 AM,Tue,0,1,0,26,50,0.176,0,98.25,20,50,0,0,10,0.95,6.01,98.25,0,590.29,0
2024-02-05T21:00:00.000Z,6/2/2024,02:30 AM,Tue,0,2,0,26.5,50,0.174,0,96.72,20,50,0,0,10,0.95,6.64,96.72,0,642.54,0
2024-02-05T22:00:00.000Z,6/2/2024,03:30 AM,Tue,0,3,0,27.3,50,0.171,0,80.38,20,50,0,0,10,0.95,6.29,80.38,0,505.79,0
2024-02-05T23:00:00.000Z,6/2/2024,04:30 AM,Tue,0,4,0,28.3,50,0.167,0,78.65,20,50,0,0,10,0.95,5.48,78.65,0,430.8,0
2024-02-06T00:00:00.000Z,6/2/2024,05:30 AM,Tue,0,5,0,29.5,50,0.162,0,95.76,20,50,0,0,10,0.95,6.86,95.76,0,657.27,0
2024-02-06T01:00:00.000Z,6/2/2024,06:30 AM,Tue,0,6,0,30.8,50,0.157,0,241.11,20,50,0,0,10,0.95,8.11,241.11,0,1955.09,0
2024-02-06T02:00:00.000Z,6/2/2024,07:30 AM,Tue,0,7,249,32.1,50,0.152,1.89,184.14,20,50,0,0,10,0.95,9.47,182.25,0,1726.42,0
2024-02-06T03:00:00.000Z,6/2/2024,08:30 AM,Tue,0,8,489,33.3,50,0.147,3.59,182.83,20,50,0,0,10,0.95,8.89,179.24,0,1594.29,0
2024-02-06T04:00:00.000Z,6/2/2024,09:30 AM,Tue,0,9,674,34.3,50,0.143,4.81,177.55,20,50,0,0,10,0.95,9.08,172.74,0,1568.01,0
2024-02-06T05:00:00.000Z,6/2/2024,10:30 AM,Tue,0,10,939,35.1,50,0.14,6.55,36.68,20,50,0,0,10,0.95,9.9,30.13,0,298.13,0
2024-02-06T06:00:00.000Z,6/2/2024,11:30 AM,Tue,0,11,1101,35.6,50,0.138,7.57,37.15,20,50,0,0,10,0.95,5.68,29.58,0,167.93,0
2024-02-06T07:00:00.000Z,6/2/2024,12:30 PM,Tue,0,12,947,35.8,50,0.137,6.48,37.81,20,50,0,0,10,0.95,5.5,31.33,0,172.46,0
2024-02-06T08:00:00.000Z,6/2/2024,01:30 PM,Tue,0,13,893,35.6,50,0.138,6.14,31.07,20,50,0,0,10,0.95,6.38,24.93,0,159.05,0
2024-02-06T09:00:00.000Z,6/2/2024,02:30 PM,Tue,0,14,833,35.1,50,0.14,5.81,32.9,20,50,0,0,10,0.95,6.23,27.09,0,168.7,0
2024-02-06T10:00:00.000Z,6/2/2024,03:30 PM,Tue,0,15,825,34.3,50,0.143,5.89,34.8,20,50,0,0,10,0.95,5.2,28.91,0,150.27,0
2024-02-06T11:00:00.000Z,6/2/2024,04:30 PM,Tue,0,16,552,33.3,50,0.147,4.05,39.21,20,50,0,0,10,0.95,6.44,35.16,0,226.5,0
2024-02-06T12:00:00.000Z,6/2/2024,05:30 PM,Tue,0,17,243,32.1,50,0.152,1.84,34.24,20,50,0,0,10,0.95,6.35,32.4,0,205.75,0
2024-02-06T13:00:00.000Z,6/2/2024,06:30 PM,Tue,0,18,0,30.8,50,0.157,0,236.44,20,50,0,0,10,0.95,8.13,236.44,0,1921.83,0
2024-02-06T14:00:00.000Z,6/2/2024,07:30 PM,Tue,0,19,0,29.5,50,0.162,0,219.1,20,50,0,0,10,0.95,8.96,219.1,0,1962.51,0
2024-02-06T15:00:00.000Z,6/2/2024,08:30 PM,Tue,0,20,0,28.3,50,0.167,0,240.11,20,50,0,0,10,0.95,9.37,240.11,0,2250.92,0
2024-02-06T16:00:00.000Z,6/2/2024,09:30 PM,Tue,0,21,0,27.3,50,0.171,0,216.99,20,50,0,0,10,0.95,9.68,216.99,0,2101.25,0
2024-02-06T17:00:00.000Z,6/2/2024,10:30 PM,Tue,0,22,0,26.5,50,0.174,0,283.65,20,50,0,0,10,0.95,9.18,283.65,0,2603.86,0
2024-02-06T18:00:00.000Z,6/2/2024,11:30 PM,Tue,0,23,0,26,50,0.176,0,270.34,20,50,0,0,10,0.95,6.96,270.34,0,1880.4,0
2024-02-06T19:00:00.000Z,7/2/2024,12:30 AM,Wed,0,0,0,25.9,50,0.176,0,105.83,20,50,0,0,10,0.95,5.89,105.83,0,623.21,0
2024-02-06T20:00:00.000Z,7/2/2024,01:30 AM,Wed,0,1,0,26.1,50,0.176,0,109.73,20,50,0,0,10,0.95,6.43,109.73,0,705.4,0
2024-02-06T21:00:00.000Z,7/2/2024,02:30 AM,Wed,0,2,0,26.6,50,0.174,0,110.17,20,50,0,0,10,0.95,5.4,110.17,0,594.42,0
2024-02-06T22:00:00.000Z,7/2/2024,03:30 AM,Wed,0,3,0,27.4,50,0.17,0,90.45,20,50,0,0,10,0.95,5.79,90.45,0,523.37,0
2024-02-06T23:00:00.000Z,7/2/2024,04:30 AM,Wed,0,4,0,28.4,50,0.166,0,119.91,20,50,0,0,10,0.95,5.25,119.91,0,629.07,0
2024-02-07T00:00:00.000Z,7/2/2024,05:30 AM,Wed,0,5,0,29.7,50,0.161,0,118.65,20,50,0,0,10,0.95,5.57,118.65,0,660.39,0
2024-02-07T01:00:00.000Z,7/2/2024,06:30 AM,Wed,0,6,0,30.9,50,0.156,0,261.26,20,50,0,0,10,0.95,8.57,261.26,0,2239.89,0
2024-02-07T02:00:00.000Z,7/2/2024,07:30 AM,Wed,0,7,235,32.2,50,0.151,1.78,161.83,20,50,0,0,10,0.95,8.49,160.05,0,1358.75,0
2024-02-07T03:00:00.000Z,7/2/2024,08:30 AM,Wed,0,8,569,33.4,50,0.146,4.17,188.33,20,50,0,0,10,0.95,8.4,184.16,0,1547.16,0
2024-02-07T04:00:00.000Z,7/2/2024,09:30 AM,Wed,0,9,635,34.5,50,0.142,4.51,199.9,20,50,0,0,10,0.95,8.49,195.39,0,1658.2,0
2024-02-07T05:00:00.000Z,7/2/2024,10:30 AM,Wed,0,10,908,35.3,50,0.139,6.3,30.18,20,50,0,0,10,0.95,8.42,23.88,0,201.05,0
2024-02-07T06:00:00.000Z,7/2/2024,11:30 AM,Wed,0,11,995,35.8,50,0.137,6.81,32.86,20,50,0,0,10,0.95,6.67,26.05,0,173.83,0
2024-02-07T07:00:00.000Z,7/2/2024,12:30 PM,Wed,0,12,993,35.9,50,0.136,6.77,34.34,20,50,0,0,10,0.95,5.84,27.57,0,160.86,0
2024-02-07T08:00:00.000Z,7/2/2024,01:30 PM,Wed,0,13,1139,35.8,50,0.137,7.79,34.2,20,50,0,0,10,0.95,5.08,26.41,0,134.2,0
2024-02-07T09:00:00.000Z,7/2/2024,02:30 PM,Wed,0,14,833,35.3,50,0.139,5.78,41.98,20,50,0,0,10,0.95,6.31,36.2,0,228.33,0
2024-02-07T10:00:00.000Z,7/2/2024,03:30 PM,Wed,0,15,785,34.5,50,0.142,5.57,37.15,20,50,0,0,10,0.95,6.33,31.58,0,199.83,0
2024-02-07T11:00:00.000Z,7/2/2024,04:30 PM,Wed,0,16,581,33.4,50,0.146,4.25,31.43,20,50,0,0,10,0.95,6.35,27.18,0,172.68,0
2024-02-07T12:00:00.000Z,7/2/2024,05:30 PM,Wed,0,17,293,32.2,50,0.151,2.22,34.47,20,50,0,0,10,0.95,6.16,32.25,0,198.8,0
2024-02-07T13:00:00.000Z,7/2/2024,06:30 PM,Wed,0,18,0,30.9,50,0.156,0,264.06,20,50,0,0,10,0.95,9.78,264.06,0,2582.53,0
2024-02-07T14:00:00.000Z,7/2/2024,07:30 PM,Wed,0,19,0,29.7,50,0.161,0,243.63,20,50,0,0,10,0.95,8.85,243.63,0,2155.4,0
2024-02-07T15:00:00.000Z,7/2/2024,08:30 PM,Wed,0,20,0,28.4,50,0.166,0,250.67,20,50,0,0,10,0.95,8.6,250.67,0,2155.27,0
2024-02-07T16:00:00.000Z,7/2/2024,09:30 PM,Wed,0,21,0,27.4,50,0.17,0,230.44,20,50,0,0,10,0.95,9.39,230.44,0,2164.67,0
2024-02-07T17:00:00.000Z,7/2/2024,10:30 PM,Wed,0,22,0,26.6,50,0.174,0,265.71,20,50,0,0,10,0.95,9.19,265.71,0,2441.82,0
2024-02-07T18:00:00.000Z,7/2/2024,11:30 PM,Wed,0,23,0,26.1,50,0.176,0,277.64,20,50,0,0,10,0.95,5.54,277.64,0,1537.64,0
2024-02-07T19:00:00.000Z,8/2/2024,12:30 AM,Thu,0,0,0,26.1,50,0.176,0,85.81,20,50,0,0,10,0.95,5.07,85.81,0,434.98,0
2024-02-07T20:00:00.000Z,8/2/2024,01:30 AM,Thu,0,1,0,26.3,50,0.175,0,74.27,20,50,0,0,10,0.95,5.67,74.27,0,421.47,0
2024-02-07T21:00:00.000Z,8/2/2024,02:30 AM,Thu,0,2,0,26.8,50,0.173,0,86.11,20,50,0,0,10,0.95,6.84,86.11,0,588.63,0
2024-02-07T22:00:00.000Z,8/2/2024,03:30 AM,Thu,0,3,0,27.5,50,0.17,0,113.11,20,50,0,0,10,0.95,5.79,113.11,0,654.69,0
2024-02-07T23:00:00.000Z,8/2/2024,04:30 AM,Thu,0,4,0,28.6,50,0.166,0,86.62,20,50,0,0,10,0.95,6.52,86.62,0,564.46,0
2024-02-08T00:00:00.000Z,8/2/2024,05:30 AM,Thu,0,5,0,29.8,50,0.161,0,85.87,20,50,0,0,10,0.95,6.56,85.87,0,563.47,0
2024-02-08T01:00:00.000Z,8/2/2024,06:30 AM,Thu,0,6,0,31.1,50,0.156,0,224.09,20,50,0,0,10,0.95,8.43,224.09,0,1889.39,0
2024-02-08T02:00:00.000Z,8/2/2024,07:30 AM,Thu,0,7,282,32.4,50,0.15,2.12,159.35,20,50,0,0,10,0.95,9.24,157.23,0,1453,0
2024-02-08T03:00:00.000Z,8/2/2024,08:30 AM,Thu,0,8,497,33.6,50,0.146,3.62,174.46,20,50,0,0,10,0.95,9.39,170.84,0,1603.47,0
2024-02-08T04:00:00.000Z,8/2/2024,09:30 AM,Thu,0,9,668,34.6,50,0.142,4.73,171.36,20,50,0,0,10,0.95,9.88,166.63,0,1647.12,0
2024-02-08T05:00:00.000Z,8/2/2024,10:30 AM,Thu,0,10,985,35.4,50,0.138,6.82,36.64,20,50,0,0,10,0.95,8.17,29.82,0,243.72,0
2024-02-08T06:00:00.000Z,8/2/2024,11:30 AM,Thu,0,11,932,35.9,50,0.136,6.36,39.18,20,50,0,0,10,0.95,6.13,32.82,0,201.34,0
2024-02-08T07:00:00.000Z,8/2/2024,12:30 PM,Thu,0,12,892,36.1,50,0.136,6.05,32.65,20,50,0,0,10,0.95,6.66,26.6,0,177.13,0
2024-02-08T08:00:00.000Z,8/2/2024,01:30 PM,Thu,0,13,1010,35.9,50,0.136,6.89,32.56,20,50,0,0,10,0.95,5.31,25.67,0,136.38,0
2024-02-08T09:00:00.000Z,8/2/2024,02:30 PM,Thu,0,14,1028,35.4,50,0.138,7.11,31.04,20,50,0,0,10,0.95,6.16,23.93,0,147.48,0
2024-02-08T10:00:00.000Z,8/2/2024,03:30 PM,Thu,0,15,706,34.6,50,0.142,5,30.69,20,50,0,0,10,0.95,6.32,25.69,0,162.36,0
2024-02-08T11:00:00.000Z,8/2/2024,04:30 PM,Thu,0,16,530,33.6,50,0.146,3.86,32.01,20,50,0,0,10,0.95,5.66,28.15,0,159.24,0
2024-02-08T12:00:00.000Z,8/2/2024,05:30 PM,Thu,0,17,241,32.4,50,0.15,1.81,34.61,20,50,0,0,10,0.95,5.52,32.8,0,181.11,0
2024-02-08T13:00:00.000Z,8/2/2024,06:30 PM,Thu,0,18,0,31.1,50,0.156,0,226.5,20,50,0,0,10,0.95,9.33,226.5,0,2113.66,0
2024-02-08T14:00:00.000Z,8/2/2024,07:30 PM,Thu,0,19,0,29.8,50,0.161,0,258.81,20,50,0,0,10,0.95,9.99,258.81,0,2586.12,0
2024-02-08T15:00:00.000Z,8/2/2024,08:30 PM,Thu,0,20,0,28.6,50,0.166,0,260.04,20,50,0,0,10,0.95,9.15,260.04,0,2378.87,0
2024-02-08T16:00:00.000Z,8/2/2024,09:30 PM,Thu,0,21,0,27.5,50,0.17,0,258.32,20,50,0,0,10,0.95,8.52,258.32,0,2200.55,0
2024-02-08T17:00:00.000Z,8/2/2024,10:30 PM,Thu,0,22,0,26.8,50,0.173,0,274.19,20,50,0,0,10,0.95,8.95,274.19,0,2453.41,0
2024-02-08T18:00:00.000Z,8/2/2024,11:30 PM,Thu,0,23,0,26.3,50,0.175,0,317.42,20,50,0,0,10,0.95,6.94,317.42,0,2201.45,0
2024-02-08T19:00:00.000Z,9/2/2024,12:30 AM,Fri,0,0,0,26.2,50,0.175,0,82.45,20,50,0,0,10,0.95,5.53,82.45,0,456.06,0
2024-02-08T20:00:00.000Z,9/2/2024,01:30 AM,Fri,0,1,0,26.4,50,0.174,0,88.43,20,50,0,0,10,0.95,6.62,88.43,0,584.97,0
2024-02-08T21:00:00.000Z,9/2/2024,02:30 AM,Fri,0,2,0,26.9,50,0.172,0,83.08,20,50,0,0,10,0.95,5.99,83.08,0,497.33,0
2024-02-08T22:00:00.000Z,9/2/2024,03:30 AM,Fri,0,3,0,27.7,50,0.169,0,95.45,20,50,0,0,10,0.95,6.62,95.45,0,632.09,0
2024-02-08T23:00:00.000Z,9/2/2024,04:30 AM,Fri,0,4,0,28.7,50,0.165,0,89.73,20,50,0,0,10,0.95,6.87,89.73,0,616.55,0
2024-02-09T00:00:00.000Z,9/2/2024,05:30 AM,Fri,0,5,0,29.9,50,0.16,0,92.26,20,50,0,0,10,0.95,6.74,92.26,0,622.11,0
2024-02-09T01:00:00.000Z,9/2/2024,06:30 AM,Fri,0,6,0,31.2,50,0.155,0,237.55,20,50,0,0,10,0.95,8,237.55,0,1901.11,0
2024-02-09T02:00:00.000Z,9/2/2024,07:30 AM,Fri,0,7,234,32.5,50,0.15,1.76,175.75,20,50,0,0,10,0.95,9.38,174,0,1632.35,0
2024-02-09T03:00:00.000Z,9/2/2024,08:30 AM,Fri,0,8,545,33.7,50,0.145,3.96,178.24,20,50,0,0,10,0.95,8,174.28,0,1394.88,0
2024-02-09T04:00:00.000Z,9/2/2024,09:30 AM,Fri,0,9,758,34.8,50,0.141,5.34,204.02,20,50,0,0,10,0.95,9.92,198.68,0,1971.62,0
2024-02-09T05:00:00.000Z,9/2/2024,10:30 AM,Fri,0,10,828,35.6,50,0.138,5.7,36.9,20,50,0,0,10,0.95,8.45,31.2,0,263.76,0
2024-02-09T06:00:00.000Z,9/2/2024,11:30 AM,Fri,0,11,1119,36.1,50,0.136,7.59,33.43,20,50,0,0,10,0.95,5.13,25.84,0,132.51,0
2024-02-09T07:00:00.000Z,9/2/2024,12:30 PM,Fri,0,12,1101,36.2,50,0.135,7.44,35.17,20,50,0,0,10,0.95,5.7,27.73,0,158.13,0
2024-02-09T08:00:00.000Z,9/2/2024,01:30 PM,Fri,0,13,1162,36.1,50,0.136,7.88,33.03,20,50,0,0,10,0.95,5.31,25.15,0,133.66,0
2024-02-09T09:00:00.000Z,9/2/2024,02:30 PM,Fri,0,14,925,35.6,50,0.138,6.36,35.57,20,50,0,0,10,0.95,5.11,29.21,0,149.36,0
2024-02-09T10:00:00.000Z,9/2/2024,03:30 PM,Fri,0,15,729,34.8,50,0.141,5.13,39.49,20,50,0,0,10,0.95,6.69,34.36,0,229.84,0
2024-02-09T11:00:00.000Z,9/2/2024,04:30 PM,Fri,0,16,582,33.7,50,0.145,4.23,40.57,20,50,0,0,10,0.95,5.74,36.34,0,208.49,0
2024-02-09T12:00:00.000Z,9/2/2024,05:30 PM,Fri,0,17,291,32.5,50,0.15,2.18,36.73,20,50,0,0,10,0.95,6.55,34.55,0,226.26,0
2024-02-09T13:00:00.000Z,9/2/2024,06:30 PM,Fri,0,18,0,31.2,50,0.155,0,236.14,20,50,0,0,10,0.95,9.1,236.14,0,2149.15,0
2024-02-09T14:00:00.000Z,9/2/2024,07:30 PM,Fri,0,19,0,29.9,50,0.16,0,270.97,20,50,0,0,10,0.95,8.18,270.97,0,2217.28,0
2024-02-09T15:00:00.000Z,9/2/2024,08:30 PM,Fri,0,20,0,28.7,50,0.165,0,231.8,20,50,0,0,10,0.95,9.29,231.8,0,2154.08,0
2024-02-09T16:00:00.000Z,9/2/2024,09:30 PM,Fri,0,21,0,27.7,50,0.169,0,234.9,20,50,0,0,10,0.95,9.13,234.9,0,2144.84,0
2024-02-09T17:00:00.000Z,9/2/2024,10:30 PM,Fri,0,22,0,26.9,50,0.172,0,289.15,20,50,0,0,10,0.95,8.26,289.15,0,2386.95,0
2024-02-09T18:00:00.000Z,9/2/2024,11:30 PM,Fri,0,23,0,26.4,50,0.174,0,362.84,20,50,0,0,10,0.95,5.2,362.84,0,1888.02,0
2024-02-09T19:00:00.000Z,10/2/2024,12:30 AM,Sat,1,0,0,26.4,50,0.174,0,79.63,20,50,0,0,10,0.95,5.24,79.63,0,417.3,0
2024-02-09T20:00:00.000Z,10/2/2024,01:30 AM,Sat,1,1,0,26.5,50,0.174,0,118.35,20,50,0,0,10,0.95,5.81,118.35,0,687.21,0
2024-02-09T21:00:00.000Z,10/2/2024,02:30 AM,Sat,1,2,0,27,50,0.172,0,93.4,20,50,0,0,10,0.95,6.2,93.4,0,579.36,0
2024-02-09T22:00:00.000Z,10/2/2024,03:30 AM,Sat,1,3,0,27.8,50,0.169,0,101.73,20,50,0,0,10,0.95,5.34,101.73,0,543.73,0
2024-02-09T23:00:00.000Z,10/2/2024,04:30 AM,Sat,1,4,0,28.9,50,0.164,0,100.11,20,50,0,0,10,0.95,6.02,100.11,0,603.04,0
2024-02-10T00:00:00.000Z,10/2/2024,05:30 AM,Sat,1,5,0,30.1,50,0.16,0,72.52,20,50,0,0,10,0.95,6.4,72.52,0,464.48,0
2024-02-10T01:00:00.000Z,10/2/2024,06:30 AM,Sat,1,6,0,31.4,50,0.154,0,249.28,20,50,0,0,10,0.95,8.22,249.28,0,2049.82,0
2024-02-10T02:00:00.000Z,10/2/2024,07:30 AM,Sat,1,7,232,32.6,50,0.15,1.74,195.52,20,50,0,0,10,0.95,9.68,193.78,0,1875.53,0
2024-02-10T03:00:00.000Z,10/2/2024,08:30 AM,Sat,1,8,456,33.9,50,0.144,3.29,226.58,20,50,0,0,10,0.95,9.73,223.29,0,2172.62,0
2024-02-10T04:00:00.000Z,10/2/2024,09:30 AM,Sat,1,9,646,34.9,50,0.14,4.53,197.08,20,50,0,0,10,0.95,9.54,192.55,0,1836.17,0
2024-02-10T05:00:00.000Z,10/2/2024,10:30 AM,Sat,1,10,1032,35.7,50,0.137,7.08,41.14,20,50,0,0,10,0.95,8.59,34.06,0,292.56,0
2024-02-10T06:00:00.000Z,10/2/2024,11:30 AM,Sat,1,11,1072,36.2,50,0.135,7.25,38.64,20,50,0,0,10,0.95,6.93,31.39,0,217.41,0
2024-02-10T07:00:00.000Z,10/2/2024,12:30 PM,Sat,1,12,1020,36.4,50,0.134,6.85,40.99,20,50,0,0,10,0.95,6.17,34.14,0,210.45,0
2024-02-10T08:00:00.000Z,10/2/2024,01:30 PM,Sat,1,13,1061,36.2,50,0.135,7.17,45.78,20,50,0,0,10,0.95,5.07,38.61,0,195.71,0
2024-02-10T09:00:00.000Z,10/2/2024,02:30 PM,Sat,1,14,1024,35.7,50,0.137,7.02,41.12,20,50,0,0,10,0.95,5.67,34.1,0,193.27,0
2024-02-10T10:00:00.000Z,10/2/2024,03:30 PM,Sat,1,15,652,34.9,50,0.14,4.58,42.36,20,50,0,0,10,0.95,5.82,37.78,0,219.76,0
2024-02-10T11:00:00.000Z,10/2/2024,04:30 PM,Sat,1,16,574,33.9,50,0.144,4.14,46.95,20,50,0,0,10,0.95,5.16,42.81,0,220.76,0
2024-02-10T12:00:00.000Z,10/2/2024,05:30 PM,Sat,1,17,252,32.6,50,0.15,1.88,40.79,20,50,0,0,10,0.95,5.98,38.91,0,232.58,0
2024-02-10T13:00:00.000Z,10/2/2024,06:30 PM,Sat,1,18,0,31.4,50,0.154,0,314.94,20,50,0,0,10,0.95,9.99,314.94,0,3147.21,0
2024-02-10T14:00:00.000Z,10/2/2024,07:30 PM,Sat,1,19,0,30.1,50,0.16,0,275.56,20,50,0,0,10,0.95,9.62,275.56,0,2650.33,0
2024-02-10T15:00:00.000Z,10/2/2024,08:30 PM,Sat,1,20,0,28.9,50,0.164,0,282,20,50,0,0,10,0.95,8.41,282,0,2370.85,0
2024-02-10T16:00:00.000Z,10/2/2024,09:30 PM,Sat,1,21,0,27.8,50,0.169,0,283.14,20,50,0,0,10,0.95,9.45,283.14,0,2676.51,0
2024-02-10T17:00:00.000Z,10/2/2024,10:30 PM,Sat,1,22,0,27,50,0.172,0,314.7,20,50,0,0,10,0.95,8.39,314.7,0,2640.65,0
2024-02-10T18:00:00.000Z,10/2/2024,11:30 PM,Sat,1,23,0,26.5,50,0.174,0,366.8,20,50,0,0,10,0.95,6.53,366.8,0,2396.18,0
2024-02-10T19:00:00.000Z,11/2/2024,12:30 AM,Sun,1,0,0,26.5,50,0.174,0,81.87,20,50,0,0,10,0.95,6.76,81.87,0,553.23,0
2024-02-10T20:00:00.000Z,11/2/2024,01:30 AM,Sun,1,1,0,26.7,50,0.173,0,129.65,20,50,0,0,10,0.95,6.39,129.65,0,829.07,0
2024-02-10T21:00:00.000Z,11/2/2024,02:30 AM,Sun,1,2,0,27.2,50,0.171,0,102.78,20,50,0,0,10,0.95,5.23,102.78,0,537.58,0
2024-02-10T22:00:00.000Z,11/2/2024,03:30 AM,Sun,1,3,0,28,50,0.168,0,100.31,20,50,0,0,10,0.95,5.98,100.31,0,599.96,0
2024-02-10T23:00:00.000Z,11/2/2024,04:30 AM,Sun,1,4,0,29,50,0.164,0,83.19,20,50,0,0,10,0.95,6.53,83.19,0,543.15,0
2024-02-11T00:00:00.000Z,11/2/2024,05:30 AM,Sun,1,5,0,30.2,50,0.159,0,84.35,20,50,0,0,10,0.95,5.55,84.35,0,468.14,0
2024-02-11T01:00:00.000Z,11/2/2024,06:30 AM,Sun,1,6,0,31.5,50,0.154,0,259.74,20,50,0,0,10,0.95,8.92,259.74,0,2317.29,0
2024-02-11T02:00:00.000Z,11/2/2024,07:30 AM,Sun,1,7,245,32.8,50,0.149,1.82,209.12,20,50,0,0,10,0.95,9.49,207.3,0,1966.28,0
2024-02-11T03:00:00.000Z,11/2/2024,08:30 AM,Sun,1,8,465,34,50,0.144,3.35,184.83,20,50,0,0,10,0.95,9.68,181.48,0,1756.67,0
2024-02-11T04:00:00.000Z,11/2/2024,09:30 AM,Sun,1,9,855,35,50,0.14,5.99,204.21,20,50,0,0,10,0.95,8.09,198.23,0,1604.27,0
2024-02-11T05:00:00.000Z,11/2/2024,10:30 AM,Sun,1,10,903,35.8,50,0.137,6.18,39.24,20,50,0,0,10,0.95,9.92,33.06,0,327.94,0
2024-02-11T06:00:00.000Z,11/2/2024,11:30 AM,Sun,1,11,987,36.3,50,0.135,6.65,41.3,20,50,0,0,10,0.95,5.53,34.65,0,191.43,0
2024-02-11T07:00:00.000Z,11/2/2024,12:30 PM,Sun,1,12,911,36.5,50,0.134,6.1,37.55,20,50,0,0,10,0.95,6.84,31.45,0,215.01,0
2024-02-11T08:00:00.000Z,11/2/2024,01:30 PM,Sun,1,13,932,36.3,50,0.135,6.28,41.92,20,50,0,0,10,0.95,5.16,35.64,0,183.94,0
2024-02-11T09:00:00.000Z,11/2/2024,02:30 PM,Sun,1,14,1007,35.8,50,0.137,6.89,37.35,20,50,0,0,10,0.95,6.69,30.46,0,203.94,0
2024-02-11T10:00:00.000Z,11/2/2024,03:30 PM,Sun,1,15,711,35,50,0.14,4.98,40.19,20,50,0,0,10,0.95,5.74,35.21,0,202.28,0
2024-02-11T11:00:00.000Z,11/2/2024,04:30 PM,Sun,1,16,576,34,50,0.144,4.15,43.92,20,50,0,0,10,0.95,5.97,39.77,0,237.25,0
2024-02-11T12:00:00.000Z,11/2/2024,05:30 PM,Sun,1,17,271,32.8,50,0.149,2.02,40.37,20,50,0,0,10,0.95,6,38.35,0,230.01,0
2024-02-11T13:00:00.000Z,11/2/2024,06:30 PM,Sun,1,18,0,31.5,50,0.154,0,300.41,20,50,0,0,10,0.95,9.92,300.41,0,2981.02,0
2024-02-11T14:00:00.000Z,11/2/2024,07:30 PM,Sun,1,19,0,30.2,50,0.159,0,288.63,20,50,0,0,10,0.95,8.42,288.63,0,2429.63,0
2024-02-11T15:00:00.000Z,11/2/2024,08:30 PM,Sun,1,20,0,29,50,0.164,0,318.52,20,50,0,0,10,0.95,9.73,318.52,0,3097.65,0
2024-02-11T16:00:00.000Z,11/2/2024,09:30 PM,Sun,1,21,0,28,50,0.168,0,303.99,20,50,0,0,10,0.95,8.23,303.99,0,2502.33,0
2024-02-11T17:00:00.000Z,11/2/2024,10:30 PM,Sun,1,22,0,27.2,50,0.171,0,358.46,20,50,0,0,10,0.95,9.81,358.46,0,3517.37,0
2024-02-11T18:00:00.000Z,11/2/2024,11:30 PM,Sun,1,23,0,26.7,50,0.173,0,302.56,20,50,0,0,10,0.95,6.5,302.56,0,1965.98,0
2024-02-11T19:00:00.000Z,12/2/2024,12:30 AM,Mon,0,0,0,26.6,50,0.174,0,82.6,20,50,0,0,10,0.95,6.86,82.6,0,566.78,0
2024-02-11T20:00:00.000Z,12/2/2024,01:30 AM,Mon,0,1,0,26.8,50,0.173,0,101.33,20,50,0,0,10,0.95,6.85,101.33,0,693.74,0
2024-02-11T21:00:00.000Z,12/2/2024,02:30 AM,Mon,0,2,0,27.3,50,0.171,0,83.25,20,50,0,0,10,0.95,6.84,83.25,0,569.52,0
2024-02-11T22:00:00.000Z,12/2/2024,03:30 AM,Mon,0,3,0,28.1,50,0.168,0,90.92,20,50,0,0,10,0.95,5.51,90.92,0,500.79,0
2024-02-11T23:00:00.000Z,12/2/2024,04:30 AM,Mon,0,4,0,29.1,50,0.164,0,117.5,20,50,0,0,10,0.95,5.13,117.5,0,603.34,0
2024-02-12T00:00:00.000Z,12/2/2024,05:30 AM,Mon,0,5,0,30.3,50,0.159,0,79.57,20,50,0,0,10,0.95,5.34,79.57,0,425.16,0
2024-02-12T01:00:00.000Z,12/2/2024,06:30 AM,Mon,0,6,0,31.6,50,0.154,0,228.52,20,50,0,0,10,0.95,9.57,228.52,0,2187.22,0
2024-02-12T02:00:00.000Z,12/2/2024,07:30 AM,Mon,0,7,311,32.9,50,0.148,2.31,155.3,20,50,0,0,10,0.95,8.09,152.99,0,1237.12,0
2024-02-12T03:00:00.000Z,12/2/2024,08:30 AM,Mon,0,8,505,34.1,50,0.144,3.63,155.69,20,50,0,0,10,0.95,8.39,152.06,0,1276.26,0
2024-02-12T04:00:00.000Z,12/2/2024,09:30 AM,Mon,0,9,857,35.2,50,0.139,5.96,184.29,20,50,0,0,10,0.95,8.56,178.33,0,1527.05,0
2024-02-12T05:00:00.000Z,12/2/2024,10:30 AM,Mon,0,10,1031,35.9,50,0.136,7.03,34.78,20,50,0,0,10,0.95,9.57,27.75,0,265.47,0
2024-02-12T06:00:00.000Z,12/2/2024,11:30 AM,Mon,0,11,1152,36.4,50,0.134,7.74,31.1,20,50,0,0,10,0.95,6.87,23.36,0,160.36,0
2024-02-12T07:00:00.000Z,12/2/2024,12:30 PM,Mon,0,12,1078,36.6,50,0.134,7.2,30.2,20,50,0,0,10,0.95,6.22,23,0,143.11,0
2024-02-12T08:00:00.000Z,12/2/2024,01:30 PM,Mon,0,13,989,36.4,50,0.134,6.65,35.35,20,50,0,0,10,0.95,6.77,28.7,0,194.36,0
2024-02-12T09:00:00.000Z,12/2/2024,02:30 PM,Mon,0,14,1039,35.9,50,0.136,7.09,33.78,20,50,0,0,10,0.95,6.53,26.69,0,174.41,0
2024-02-12T10:00:00.000Z,12/2/2024,03:30 PM,Mon,0,15,801,35.2,50,0.139,5.57,34.16,20,50,0,0,10,0.95,5.09,28.59,0,145.39,0
2024-02-12T11:00:00.000Z,12/2/2024,04:30 PM,Mon,0,16,551,34.1,50,0.144,3.96,32.09,20,50,0,0,10,0.95,6.55,28.13,0,184.41,0
2024-02-12T12:00:00.000Z,12/2/2024,05:30 PM,Mon,0,17,248,32.9,50,0.148,1.84,37.49,20,50,0,0,10,0.95,5.24,35.65,0,186.85,0
2024-02-12T13:00:00.000Z,12/2/2024,06:30 PM,Mon,0,18,0,31.6,50,0.154,0,216.5,20,50,0,0,10,0.95,9.35,216.5,0,2023.62,0
2024-02-12T14:00:00.000Z,12/2/2024,07:30 PM,Mon,0,19,0,30.3,50,0.159,0,261.7,20,50,0,0,10,0.95,8.58,261.7,0,2244.89,0
2024-02-12T15:00:00.000Z,12/2/2024,08:30 PM,Mon,0,20,0,29.1,50,0.164,0,249.67,20,50,0,0,10,0.95,8.12,249.67,0,2026.3,0
2024-02-12T16:00:00.000Z,12/2/2024,09:30 PM,Mon,0,21,0,28.1,50,0.168,0,282.7,20,50,0,0,10,0.95,8.28,282.7,0,2342.12,0
2024-02-12T17:00:00.000Z,12/2/2024,10:30 PM,Mon,0,22,0,27.3,50,0.171,0,274.13,20,50,0,0,10,0.95,9.61,274.13,0,2633.76,0
2024-02-12T18:00:00.000Z,12/2/2024,11:30 PM,Mon,0,23,0,26.8,50,0.173,0,271.23,20,50,0,0,10,0.95,6.23,271.23,0,1690.79,0
2024-02-12T19:00:00.000Z,13/2/2024,12:30 AM,Tue,0,0,0,26.7,50,0.173,0,82.69,20,50,0,0,10,0.95,6.86,82.69,0,567.57,0
2024-02-12T20:00:00.000Z,13/2/2024,01:30 AM,Tue,0,1,0,26.9,50,0.172,0,81.11,20,50,0,0,10,0.95,6.85,81.11,0,555.68,0
2024-02-12T21:00:00.000Z,13/2/2024,02:30 AM,Tue,0,2,0,27.4,50,0.17,0,124.06,20,50,0,0,10,0.95,6.28,124.06,0,779.4,0
2024-02-12T22:00:00.000Z,13/2/2024,03:30 AM,Tue,0,3,0,28.2,50,0.167,0,86.8,20,50,0,0,10,0.95,5.51,86.8,0,478.04,0
2024-02-12T23:00:00.000Z,13/2/2024,04:30 AM,Tue,0,4,0,29.2,50,0.163,0,80.63,20,50,0,0,10,0.95,6.27,80.63,0,505.16,0
2024-02-13T00:00:00.000Z,13/2/2024,05:30 AM,Tue,0,5,0,30.5,50,0.158,0,107.62,20,50,0,0,10,0.95,6.7,107.62,0,720.55,0
2024-02-13T01:00:00.000Z,13/2/2024,06:30 AM,Tue,0,6,0,31.7,50,0.153,0,236.08,20,50,0,0,10,0.95,9.46,236.08,0,2233.44,0
2024-02-13T02:00:00.000Z,13/2/2024,07:30 AM,Tue,0,7,279,33,50,0.148,2.06,164.58,20,50,0,0,10,0.95,9.66,162.52,0,1570.14,0
2024-02-13T03:00:00.000Z,13/2/2024,08:30 AM,Tue,0,8,546,34.2,50,0.143,3.91,175.38,20,50,0,0,10,0.95,9.05,171.47,0,1551.36,0
2024-02-13T04:00:00.000Z,13/2/2024,09:30 AM,Tue,0,9,853,35.3,50,0.139,5.92,163.08,20,50,0,0,10,0.95,9.76,157.16,0,1533.83,0
2024-02-13T05:00:00.000Z,13/2/2024,10:30 AM,Tue,0,10,859,36.1,50,0.136,5.82,33.85,20,50,0,0,10,0.95,9.05,28.03,0,253.63,0
2024-02-13T06:00:00.000Z,13/2/2024,11:30 AM,Tue,0,11,993,36.6,50,0.134,6.63,38.41,20,50,0,0,10,0.95,6.26,31.78,0,198.88,0
2024-02-13T07:00:00.000Z,13/2/2024,12:30 PM,Tue,0,12,1186,36.7,50,0.133,7.9,39.59,20,50,0,0,10,0.95,6.83,31.69,0,216.46,0
2024-02-13T08:00:00.000Z,13/2/2024,01:30 PM,Tue,0,13,907,36.6,50,0.134,6.06,32.16,20,50,0,0,10,0.95,5.19,26.1,0,135.55,0
2024-02-13T09:00:00.000Z,13/2/2024,02:30 PM,Tue,0,14,995,36.1,50,0.136,6.75,35.36,20,50,0,0,10,0.95,5.02,28.61,0,143.58,0
2024-02-13T10:00:00.000Z,13/2/2024,03:30 PM,Tue,0,15,727,35.3,50,0.139,5.05,32.76,20,50,0,0,10,0.95,5.28,27.71,0,146.37,0
2024-02-13T11:00:00.000Z,13/2/2024,04:30 PM,Tue,0,16,592,34.2,50,0.143,4.24,30.76,20,50,0,0,10,0.95,6.72,26.52,0,178.21,0
2024-02-13T12:00:00.000Z,13/2/2024,05:30 PM,Tue,0,17,261,33,50,0.148,1.93,31.51,20,50,0,0,10,0.95,5.3,29.58,0,156.65,0
2024-02-13T13:00:00.000Z,13/2/2024,06:30 PM,Tue,0,18,0,31.7,50,0.153,0,217.15,20,50,0,0,10,0.95,8.54,217.15,0,1854.82,0
2024-02-13T14:00:00.000Z,13/2/2024,07:30 PM,Tue,0,19,0,30.5,50,0.158,0,260.57,20,50,0,0,10,0.95,8.96,260.57,0,2334.07,0
2024-02-13T15:00:00.000Z,13/2/2024,08:30 PM,Tue,0,20,0,29.2,50,0.163,0,281.87,20,50,0,0,10,0.95,8.4,281.87,0,2366.46,0
2024-02-13T16:00:00.000Z,13/2/2024,09:30 PM,Tue,0,21,0,28.2,50,0.167,0,265.69,20,50,0,0,10,0.95,8.82,265.69,0,2342.29,0
2024-02-13T17:00:00.000Z,13/2/2024,10:30 PM,Tue,0,22,0,27.4,50,0.17,0,294.61,20,50,0,0,10,0.95,8.82,294.61,0,2598.67,0
2024-02-13T18:00:00.000Z,13/2/2024,11:30 PM,Tue,0,23,0,26.9,50,0.172,0,306.2,20,50,0,0,10,0.95,6.75,306.2,0,2066.16,0
2024-02-13T19:00:00.000Z,14/2/2024,12:30 AM,Wed,0,0,0,26.9,50,0.172,0,94.88,20,50,0,0,10,0.95,5.58,94.88,0,529.74,0
2024-02-13T20:00:00.000Z,14/2/2024,01:30 AM,Wed,0,1,0,27,50,0.172,0,91.39,20,50,0,0,10,0.95,6.01,91.39,0,548.96,0
2024-02-13T21:00:00.000Z,14/2/2024,02:30 AM,Wed,0,2,0,27.5,50,0.17,0,104.43,20,50,0,0,10,0.95,6.92,104.43,0,723.16,0
2024-02-13T22:00:00.000Z,14/2/2024,03:30 AM,Wed,0,3,0,28.3,50,0.167,0,85.96,20,50,0,0,10,0.95,6.74,85.96,0,579.06,0
2024-02-13T23:00:00.000Z,14/2/2024,04:30 AM,Wed,0,4,0,29.4,50,0.162,0,117.3,20,50,0,0,10,0.95,5.52,117.3,0,647.8,0
2024-02-14T00:00:00.000Z,14/2/2024,05:30 AM,Wed,0,5,0,30.6,50,0.158,0,69.73,20,50,0,0,10,0.95,5.36,69.73,0,373.7,0
2024-02-14T01:00:00.000Z,14/2/2024,06:30 AM,Wed,0,6,0,31.9,50,0.152,0,251.12,20,50,0,0,10,0.95,9.67,251.12,0,2428.2,0
2024-02-14T02:00:00.000Z,14/2/2024,07:30 AM,Wed,0,7,315,33.2,50,0.147,2.32,167.87,20,50,0,0,10,0.95,8.12,165.55,0,1343.62,0
2024-02-14T03:00:00.000Z,14/2/2024,08:30 AM,Wed,0,8,477,34.4,50,0.142,3.4,160.97,20,50,0,0,10,0.95,9.31,157.57,0,1466.87,0
2024-02-14T04:00:00.000Z,14/2/2024,09:30 AM,Wed,0,9,788,35.4,50,0.138,5.45,174.34,20,50,0,0,10,0.95,8.68,168.89,0,1465.63,0
2024-02-14T05:00:00.000Z,14/2/2024,10:30 AM,Wed,0,10,829,36.2,50,0.135,5.6,34.08,20,50,0,0,10,0.95,9.79,28.48,0,278.79,0
2024-02-14T06:00:00.000Z,14/2/2024,11:30 AM,Wed,0,11,1013,36.7,50,0.133,6.75,31.31,20,50,0,0,10,0.95,6.06,24.56,0,148.74,0
2024-02-14T07:00:00.000Z,14/2/2024,12:30 PM,Wed,0,12,1084,36.9,50,0.132,7.18,32.56,20,50,0,0,10,0.95,6.08,25.38,0,154.23,0
2024-02-14T08:00:00.000Z,14/2/2024,01:30 PM,Wed,0,13,1044,36.7,50,0.133,6.95,37.51,20,50,0,0,10,0.95,5.45,30.56,0,166.53,0
2024-02-14T09:00:00.000Z,14/2/2024,02:30 PM,Wed,0,14,803,36.2,50,0.135,5.43,34.06,20,50,0,0,10,0.95,5.84,28.63,0,167.3,0
2024-02-14T10:00:00.000Z,14/2/2024,03:30 PM,Wed,0,15,734,35.4,50,0.138,5.08,32.81,20,50,0,0,10,0.95,5.65,27.73,0,156.59,0
2024-02-14T11:00:00.000Z,14/2/2024,04:30 PM,Wed,0,16,545,34.4,50,0.142,3.88,34.97,20,50,0,0,10,0.95,6.34,31.09,0,197.13,0
2024-02-14T12:00:00.000Z,14/2/2024,05:30 PM,Wed,0,17,281,33.2,50,0.147,2.07,36.26,20,50,0,0,10,0.95,5.56,34.19,0,190.27,0
2024-02-14T13:00:00.000Z,14/2/2024,06:30 PM,Wed,0,18,0,31.9,50,0.152,0,243.7,20,50,0,0,10,0.95,9.97,243.7,0,2430.47,0
2024-02-14T14:00:00.000Z,14/2/2024,07:30 PM,Wed,0,19,0,30.6,50,0.158,0,235.94,20,50,0,0,10,0.95,8.69,235.94,0,2049.55,0
2024-02-14T15:00:00.000Z,14/2/2024,08:30 PM,Wed,0,20,0,29.4,50,0.162,0,238.07,20,50,0,0,10,0.95,9.7,238.07,0,2309.8,0
2024-02-14T16:00:00.000Z,14/2/2024,09:30 PM,Wed,0,21,0,28.3,50,0.167,0,272.2,20,50,0,0,10,0.95,9.93,272.2,0,2702.01,0
2024-02-14T17:00:00.000Z,14/2/2024,10:30 PM,Wed,0,22,0,27.5,50,0.17,0,301.01,20,50,0,0,10,0.95,9.8,301.01,0,2951.05,0
2024-02-14T18:00:00.000Z,14/2/2024,11:30 PM,Wed,0,23,0,27,50,0.172,0,270.42,20,50,0,0,10,0.95,5.56,270.42,0,1503.34,0
2024-02-14T19:00:00.000Z,15/2/2024,12:30 AM,Thu,0,0,0,27,50,0.172,0,79.14,20,50,0,0,10,0.95,6.23,79.14,0,493.31,0
2024-02-14T20:00:00.000Z,15/2/2024,01:30 AM,Thu,0,1,0,27.2,50,0.171,0,114.14,20,50,0,0,10,0.95,6.02,114.14,0,686.95,0
2024-02-14T21:00:00.000Z,15/2/2024,02:30 AM,Thu,0,2,0,27.7,50,0.169,0,67.89,20,50,0,0,10,0.95,5.51,67.89,0,373.74,0
2024-02-14T22:00:00.000Z,15/2/2024,03:30 AM,Thu,0,3,0,28.5,50,0.166,0,78.84,20,50,0,0,10,0.95,5.85,78.84,0,461.35,0
2024-02-14T23:00:00.000Z,15/2/2024,04:30 AM,Thu,0,4,0,29.5,50,0.162,0,81.04,20,50,0,0,10,0.95,5.23,81.04,0,423.45,0
2024-02-15T00:00:00.000Z,15/2/2024,05:30 AM,Thu,0,5,0,30.7,50,0.157,0,89.68,20,50,0,0,10,0.95,5.3,89.68,0,474.94,0
2024-02-15T01:00:00.000Z,15/2/2024,06:30 AM,Thu,0,6,0,32,50,0.152,0,212.52,20,50,0,0,10,0.95,9.94,212.52,0,2112.28,0
2024-02-15T02:00:00.000Z,15/2/2024,07:30 AM,Thu,0,7,286,33.3,50,0.147,2.1,188.05,20,50,0,0,10,0.95,8.32,185.95,0,1546.8,0
2024-02-15T03:00:00.000Z,15/2/2024,08:30 AM,Thu,0,8,512,34.5,50,0.142,3.64,192.72,20,50,0,0,10,0.95,8.34,189.08,0,1576.8,0
2024-02-15T04:00:00.000Z,15/2/2024,09:30 AM,Thu,0,9,829,35.5,50,0.138,5.72,164.65,20,50,0,0,10,0.95,9.5,158.93,0,1509.59,0
2024-02-15T05:00:00.000Z,15/2/2024,10:30 AM,Thu,0,10,913,36.3,50,0.135,6.15,35.35,20,50,0,0,10,0.95,9.91,29.2,0,289.35,0
2024-02-15T06:00:00.000Z,15/2/2024,11:30 AM,Thu,0,11,902,36.8,50,0.133,5.99,31.26,20,50,0,0,10,0.95,6.72,25.27,0,169.94,0
2024-02-15T07:00:00.000Z,15/2/2024,12:30 PM,Thu,0,12,1220,37,50,0.132,8.05,38.19,20,50,0,0,10,0.95,5.36,30.14,0,161.5,0
2024-02-15T08:00:00.000Z,15/2/2024,01:30 PM,Thu,0,13,1077,36.8,50,0.133,7.15,35.92,20,50,0,0,10,0.95,6.18,28.77,0,177.7,0
2024-02-15T09:00:00.000Z,15/2/2024,02:30 PM,Thu,0,14,989,36.3,50,0.135,6.67,32.92,20,50,0,0,10,0.95,5.74,26.25,0,150.72,0
2024-02-15T10:00:00.000Z,15/2/2024,03:30 PM,Thu,0,15,740,35.5,50,0.138,5.11,31.08,20,50,0,0,10,0.95,6.44,25.97,0,167.35,0
2024-02-15T11:00:00.000Z,15/2/2024,04:30 PM,Thu,0,16,514,34.5,50,0.142,3.65,32.01,20,50,0,0,10,0.95,5.31,28.36,0,150.52,0
2024-02-15T12:00:00.000Z,15/2/2024,05:30 PM,Thu,0,17,287,33.3,50,0.147,2.11,36.91,20,50,0,0,10,0.95,6.17,34.8,0,214.83,0
2024-02-15T13:00:00.000Z,15/2/2024,06:30 PM,Thu,0,18,0,32,50,0.152,0,204.84,20,50,0,0,10,0.95,9.33,204.84,0,1911.18,0
2024-02-15T14:00:00.000Z,15/2/2024,07:30 PM,Thu,0,19,0,30.7,50,0.157,0,255.21,20,50,0,0,10,0.95,8.14,255.21,0,2078.07,0
2024-02-15T15:00:00.000Z,15/2/2024,08:30 PM,Thu,0,20,0,29.5,50,0.162,0,230.46,20,50,0,0,10,0.95,9.77,230.46,0,2251.61,0
2024-02-15T16:00:00.000Z,15/2/2024,09:30 PM,Thu,0,21,0,28.5,50,0.166,0,256.55,20,50,0,0,10,0.95,9.4,256.55,0,2410.62,0
2024-02-15T17:00:00.000Z,15/2/2024,10:30 PM,Thu,0,22,0,27.7,50,0.169,0,264.73,20,50,0,0,10,0.95,9,264.73,0,2383.3,0
2024-02-15T18:00:00.000Z,15/2/2024,11:30 PM,Thu,0,23,0,27.2,50,0.171,0,291.51,20,50,0,0,10,0.95,5.26,291.51,0,1533.16,0
2024-02-15T19:00:00.000Z,16/2/2024,12:30 AM,Fri,0,0,0,27.1,50,0.172,0,98.48,20,50,0,0,10,0.95,5.68,98.48,0,559.81,0
2024-02-15T20:00:00.000Z,16/2/2024,01:30 AM,Fri,0,1,0,27.3,50,0.171,0,77.14,20,50,0,0,10,0.95,6.08,77.14,0,468.84,0
2024-02-15T21:00:00.000Z,16/2/2024,02:30 AM,Fri,0,2,0,27.8,50,0.169,0,115.82,20,50,0,0,10,0.95,6.02,115.82,0,697.63,0
2024-02-15T22:00:00.000Z,16/2/2024,03:30 AM,Fri,0,3,0,28.6,50,0.166,0,98.95,20,50,0,0,10,0.95,6.24,98.95,0,617.06,0
2024-02-15T23:00:00.000Z,16/2/2024,04:30 AM,Fri,0,4,0,29.6,50,0.162,0,104.22,20,50,0,0,10,0.95,5.72,104.22,0,596.51,0
2024-02-16T00:00:00.000Z,16/2/2024,05:30 AM,Fri,0,5,0,30.8,50,0.157,0,97.64,20,50,0,0,10,0.95,5.03,97.64,0,491.33,0
2024-02-16T01:00:00.000Z,16/2/2024,06:30 AM,Fri,0,6,0,32.1,50,0.152,0,217.78,20,50,0,0,10,0.95,8.57,217.78,0,1867.11,0
2024-02-16T02:00:00.000Z,16/2/2024,07:30 AM,Fri,0,7,278,33.4,50,0.146,2.03,136.79,20,50,0,0,10,0.95,8.55,134.76,0,1152.65,0
2024-02-16T03:00:00.000Z,16/2/2024,08:30 AM,Fri,0,8,612,34.6,50,0.142,4.33,181.61,20,50,0,0,10,0.95,8.17,177.28,0,1447.52,0
2024-02-16T04:00:00.000Z,16/2/2024,09:30 AM,Fri,0,9,790,35.7,50,0.137,5.42,168.91,20,50,0,0,10,0.95,9.74,163.49,0,1593.07,0
2024-02-16T05:00:00.000Z,16/2/2024,10:30 AM,Fri,0,10,1072,36.4,50,0.134,7.2,31.33,20,50,0,0,10,0.95,8.65,24.13,0,208.73,0
2024-02-16T06:00:00.000Z,16/2/2024,11:30 AM,Fri,0,11,1090,36.9,50,0.132,7.22,34.51,20,50,0,0,10,0.95,6.59,27.29,0,179.77,0
2024-02-16T07:00:00.000Z,16/2/2024,12:30 PM,Fri,0,12,1026,37.1,50,0.132,6.75,33.55,20,50,0,0,10,0.95,5.64,26.8,0,151.02,0
2024-02-16T08:00:00.000Z,16/2/2024,01:30 PM,Fri,0,13,1060,36.9,50,0.132,7.02,36.82,20,50,0,0,10,0.95,6.76,29.8,0,201.49,0
2024-02-16T09:00:00.000Z,16/2/2024,02:30 PM,Fri,0,14,989,36.4,50,0.134,6.65,32.64,20,50,0,0,10,0.95,5.91,25.99,0,153.51,0
2024-02-16T10:00:00.000Z,16/2/2024,03:30 PM,Fri,0,15,762,35.7,50,0.137,5.23,34.83,20,50,0,0,10,0.95,5.77,29.6,0,170.95,0
2024-02-16T11:00:00.000Z,16/2/2024,04:30 PM,Fri,0,16,494,34.6,50,0.142,3.5,32.11,20,50,0,0,10,0.95,5.91,28.61,0,168.99,0
2024-02-16T12:00:00.000Z,16/2/2024,05:30 PM,Fri,0,17,239,33.4,50,0.146,1.75,32.53,20,50,0,0,10,0.95,6.2,30.78,0,190.71,0
2024-02-16T13:00:00.000Z,16/2/2024,06:30 PM,Fri,0,18,0,32.1,50,0.152,0,231.41,20,50,0,0,10,0.95,8.72,231.41,0,2017.02,0
2024-02-16T14:00:00.000Z,16/2/2024,07:30 PM,Fri,0,19,0,30.8,50,0.157,0,253.86,20,50,0,0,10,0.95,8.18,253.86,0,2075.96,0
2024-02-16T15:00:00.000Z,16/2/2024,08:30 PM,Fri,0,20,0,29.6,50,0.162,0,268,20,50,0,0,10,0.95,9.75,268,0,2612.3,0
2024-02-16T16:00:00.000Z,16/2/2024,09:30 PM,Fri,0,21,0,28.6,50,0.166,0,231.74,20,50,0,0,10,0.95,9.87,231.74,0,2286.53,0
2024-02-16T17:00:00.000Z,16/2/2024,10:30 PM,Fri,0,22,0,27.8,50,0.169,0,307.23,20,50,0,0,10,0.95,8.31,307.23,0,2551.68,0
2024-02-16T18:00:00.000Z,16/2/2024,11:30 PM,Fri,0,23,0,27.3,50,0.171,0,247.57,20,50,0,0,10,0.95,6.53,247.57,0,1617.27,0
2024-02-16T19:00:00.000Z,17/2/2024,12:30 AM,Sat,1,0,0,27.2,50,0.171,0,116.69,20,50,0,0,10,0.95,6.38,116.69,0,744.13,0
2024-02-16T20:00:00.000Z,17/2/2024,01:30 AM,Sat,1,1,0,27.4,50,0.17,0,120.02,20,50,0,0,10,0.95,5.07,120.02,0,608.85,0
2024-02-16T21:00:00.000Z,17/2/2024,02:30 AM,Sat,1,2,0,27.9,50,0.168,0,85.71,20,50,0,0,10,0.95,5.64,85.71,0,483.77,0
2024-02-16T22:00:00.000Z,17/2/2024,03:30 AM,Sat,1,3,0,28.7,50,0.165,0,100.69,20,50,0,0,10,0.95,5.13,100.69,0,516.25,0
2024-02-16T23:00:00.000Z,17/2/2024,04:30 AM,Sat,1,4,0,29.7,50,0.161,0,111.7,20,50,0,0,10,0.95,6.91,111.7,0,772.3,0
2024-02-17T00:00:00.000Z,17/2/2024,05:30 AM,Sat,1,5,0,30.9,50,0.156,0,97.96,20,50,0,0,10,0.95,5.82,97.96,0,570.03,0
2024-02-17T01:00:00.000Z,17/2/2024,06:30 AM,Sat,1,6,0,32.2,50,0.151,0,259.68,20,50,0,0,10,0.95,8.15,259.68,0,2116.13,0
2024-02-17T02:00:00.000Z,17/2/2024,07:30 AM,Sat,1,7,262,33.5,50,0.146,1.91,204.43,20,50,0,0,10,0.95,9.23,202.52,0,1869.75,0
2024-02-17T03:00:00.000Z,17/2/2024,08:30 AM,Sat,1,8,554,34.7,50,0.141,3.91,221.17,20,50,0,0,10,0.95,9.96,217.26,0,2163.11,0
2024-02-17T04:00:00.000Z,17/2/2024,09:30 AM,Sat,1,9,791,35.8,50,0.137,5.41,197.23,20,50,0,0,10,0.95,8.59,191.82,0,1647.97,0
2024-02-17T05:00:00.000Z,17/2/2024,10:30 AM,Sat,1,10,947,36.6,50,0.134,6.33,38.5,20,50,0,0,10,0.95,9.53,32.17,0,306.55,0
2024-02-17T06:00:00.000Z,17/2/2024,11:30 AM,Sat,1,11,1151,37.1,50,0.132,7.57,46.42,20,50,0,0,10,0.95,5.82,38.85,0,225.95,0
2024-02-17T07:00:00.000Z,17/2/2024,12:30 PM,Sat,1,12,1177,37.2,50,0.131,7.72,37.02,20,50,0,0,10,0.95,5.46,29.3,0,159.93,0
2024-02-17T08:00:00.000Z,17/2/2024,01:30 PM,Sat,1,13,1044,37.1,50,0.132,6.87,46.72,20,50,0,0,10,0.95,5.41,39.85,0,215.65,0
2024-02-17T09:00:00.000Z,17/2/2024,02:30 PM,Sat,1,14,909,36.6,50,0.134,6.07,45.37,20,50,0,0,10,0.95,5.88,39.3,0,230.93,0
2024-02-17T10:00:00.000Z,17/2/2024,03:30 PM,Sat,1,15,869,35.8,50,0.137,5.94,43.89,20,50,0,0,10,0.95,6.44,37.95,0,244.2,0
2024-02-17T11:00:00.000Z,17/2/2024,04:30 PM,Sat,1,16,589,34.7,50,0.141,4.16,42.54,20,50,0,0,10,0.95,6.32,38.38,0,242.5,0
2024-02-17T12:00:00.000Z,17/2/2024,05:30 PM,Sat,1,17,271,33.5,50,0.146,1.98,43.73,20,50,0,0,10,0.95,5.6,41.75,0,233.73,0
2024-02-17T13:00:00.000Z,17/2/2024,06:30 PM,Sat,1,18,0,32.2,50,0.151,0,302.37,20,50,0,0,10,0.95,9.55,302.37,0,2886.42,0
2024-02-17T14:00:00.000Z,17/2/2024,07:30 PM,Sat,1,19,0,30.9,50,0.156,0,287.28,20,50,0,0,10,0.95,8.29,287.28,0,2382.48,0
2024-02-17T15:00:00.000Z,17/2/2024,08:30 PM,Sat,1,20,0,29.7,50,0.161,0,289.51,20,50,0,0,10,0.95,9.67,289.51,0,2799.39,0
2024-02-17T16:00:00.000Z,17/2/2024,09:30 PM,Sat,1,21,0,28.7,50,0.165,0,258.65,20,50,0,0,10,0.95,8.46,258.65,0,2187.41,0
2024-02-17T17:00:00.000Z,17/2/2024,10:30 PM,Sat,1,22,0,27.9,50,0.168,0,292.36,20,50,0,0,10,0.95,9.03,292.36,0,2639.74,0
2024-02-17T18:00:00.000Z,17/2/2024,11:30 PM,Sat,1,23,0,27.4,50,0.17,0,298.75,20,50,0,0,10,0.95,6.5,298.75,0,1942.43,0
2024-02-17T19:00:00.000Z,18/2/2024,12:30 AM,Sun,1,0,0,27.4,50,0.17,0,130.2,20,50,0,0,10,0.95,5.77,130.2,0,750.91,0
2024-02-17T20:00:00.000Z,18/2/2024,01:30 AM,Sun,1,1,0,27.5,50,0.17,0,106.26,20,50,0,0,10,0.95,5.44,106.26,0,577.73,0
2024-02-17T21:00:00.000Z,18/2/2024,02:30 AM,Sun,1,2,0,28,50,0.168,0,100.38,20,50,0,0,10,0.95,5.57,100.38,0,559.14,0
2024-02-17T22:00:00.000Z,18/2/2024,03:30 AM,Sun,1,3,0,28.8,50,0.165,0,103.35,20,50,0,0,10,0.95,6.25,103.35,0,645.49,0
2024-02-17T23:00:00.000Z,18/2/2024,04:30 AM,Sun,1,4,0,29.9,50,0.16,0,82.81,20,50,0,0,10,0.95,6.98,82.81,0,577.83,0
2024-02-18T00:00:00.000Z,18/2/2024,05:30 AM,Sun,1,5,0,31.1,50,0.156,0,105.04,20,50,0,0,10,0.95,6.92,105.04,0,726.55,0
2024-02-18T01:00:00.000Z,18/2/2024,06:30 AM,Sun,1,6,0,32.4,50,0.15,0,265.57,20,50,0,0,10,0.95,8.2,265.57,0,2178.87,0
2024-02-18T02:00:00.000Z,18/2/2024,07:30 AM,Sun,1,7,318,33.6,50,0.146,2.32,222.97,20,50,0,0,10,0.95,9.57,220.65,0,2111.24,0
2024-02-18T03:00:00.000Z,18/2/2024,08:30 AM,Sun,1,8,568,34.9,50,0.14,3.99,194.87,20,50,0,0,10,0.95,9.49,190.88,0,1811.91,0
2024-02-18T04:00:00.000Z,18/2/2024,09:30 AM,Sun,1,9,727,35.9,50,0.136,4.96,185.84,20,50,0,0,10,0.95,9.55,180.88,0,1727.26,0
2024-02-18T05:00:00.000Z,18/2/2024,10:30 AM,Sun,1,10,878,36.7,50,0.133,5.85,43.37,20,50,0,0,10,0.95,9.96,37.52,0,373.81,0
2024-02-18T06:00:00.000Z,18/2/2024,11:30 AM,Sun,1,11,1209,37.2,50,0.131,7.93,46.73,20,50,0,0,10,0.95,6.25,38.8,0,242.43,0
2024-02-18T07:00:00.000Z,18/2/2024,12:30 PM,Sun,1,12,1089,37.4,50,0.13,7.1,45.38,20,50,0,0,10,0.95,5.03,38.28,0,192.41,0
2024-02-18T08:00:00.000Z,18/2/2024,01:30 PM,Sun,1,13,1128,37.2,50,0.131,7.4,43.17,20,50,0,0,10,0.95,5.92,35.77,0,211.72,0
2024-02-18T09:00:00.000Z,18/2/2024,02:30 PM,Sun,1,14,943,36.7,50,0.133,6.28,41.93,20,50,0,0,10,0.95,5.21,35.65,0,185.62,0
2024-02-18T10:00:00.000Z,18/2/2024,03:30 PM,Sun,1,15,688,35.9,50,0.136,4.69,40.67,20,50,0,0,10,0.95,6.6,35.98,0,237.46,0
2024-02-18T11:00:00.000Z,18/2/2024,04:30 PM,Sun,1,16,484,34.9,50,0.14,3.4,42.47,20,50,0,0,10,0.95,5.93,39.07,0,231.77,0
2024-02-18T12:00:00.000Z,18/2/2024,05:30 PM,Sun,1,17,252,33.6,50,0.146,1.83,44.16,20,50,0,0,10,0.95,6.25,42.33,0,264.37,0
2024-02-18T13:00:00.000Z,18/2/2024,06:30 PM,Sun,1,18,0,32.4,50,0.15,0,282.71,20,50,0,0,10,0.95,9.12,282.71,0,2578.27,0
2024-02-18T14:00:00.000Z,18/2/2024,07:30 PM,Sun,1,19,0,31.1,50,0.156,0,302.18,20,50,0,0,10,0.95,9.43,302.18,0,2848.45,0
2024-02-18T15:00:00.000Z,18/2/2024,08:30 PM,Sun,1,20,0,29.9,50,0.16,0,316.7,20,50,0,0,10,0.95,9.26,316.7,0,2933.97,0
2024-02-18T16:00:00.000Z,18/2/2024,09:30 PM,Sun,1,21,0,28.8,50,0.165,0,320.68,20,50,0,0,10,0.95,8.74,320.68,0,2802.09,0
2024-02-18T17:00:00.000Z,18/2/2024,10:30 PM,Sun,1,22,0,28,50,0.168,0,367.25,20,50,0,0,10,0.95,8.78,367.25,0,3223.2,0
2024-02-18T18:00:00.000Z,18/2/2024,11:30 PM,Sun,1,23,0,27.5,50,0.17,0,300.25,20,50,0,0,10,0.95,5.12,300.25,0,1537.74,0
2024-02-18T19:00:00.000Z,19/2/2024,12:30 AM,Mon,0,0,0,27.5,50,0.17,0,84.55,20,50,0,0,10,0.95,6.5,84.55,0,549.6,0
2024-02-18T20:00:00.000Z,19/2/2024,01:30 AM,Mon,0,1,0,27.6,50,0.17,0,107.51,20,50,0,0,10,0.95,6.73,107.51,0,723.69,0
2024-02-18T21:00:00.000Z,19/2/2024,02:30 AM,Mon,0,2,0,28.1,50,0.168,0,99.76,20,50,0,0,10,0.95,6.03,99.76,0,601.55,0
2024-02-18T22:00:00.000Z,19/2/2024,03:30 AM,Mon,0,3,0,28.9,50,0.164,0,71.05,20,50,0,0,10,0.95,6.04,71.05,0,429.43,0
2024-02-18T23:00:00.000Z,19/2/2024,04:30 AM,Mon,0,4,0,30,50,0.16,0,116.33,20,50,0,0,10,0.95,6.74,116.33,0,784.19,0
2024-02-19T00:00:00.000Z,19/2/2024,05:30 AM,Mon,0,5,0,31.2,50,0.155,0,109.06,20,50,0,0,10,0.95,6.39,109.06,0,697.04,0
2024-02-19T01:00:00.000Z,19/2/2024,06:30 AM,Mon,0,6,0,32.5,50,0.15,0,224.78,20,50,0,0,10,0.95,8.08,224.78,0,1815.12,0
2024-02-19T02:00:00.000Z,19/2/2024,07:30 AM,Mon,0,7,278,33.8,50,0.145,2.01,173.64,20,50,0,0,10,0.95,9.21,171.63,0,1581.53,0
2024-02-19T03:00:00.000Z,19/2/2024,08:30 AM,Mon,0,8,523,35,50,0.14,3.66,188.76,20,50,0,0,10,0.95,9.89,185.1,0,1830.41,0
2024-02-19T04:00:00.000Z,19/2/2024,09:30 AM,Mon,0,9,764,36,50,0.136,5.2,158.28,20,50,0,0,10,0.95,9.8,153.08,0,1500.28,0
2024-02-19T05:00:00.000Z,19/2/2024,10:30 AM,Mon,0,10,964,36.8,50,0.133,6.4,32.93,20,50,0,0,10,0.95,8.07,26.53,0,214.12,0
2024-02-19T06:00:00.000Z,19/2/2024,11:30 AM,Mon,0,11,995,37.3,50,0.131,6.51,33.95,20,50,0,0,10,0.95,5.65,27.44,0,155.13,0
2024-02-19T07:00:00.000Z,19/2/2024,12:30 PM,Mon,0,12,1077,37.5,50,0.13,7,38.88,20,50,0,0,10,0.95,6.8,31.88,0,216.86,0
2024-02-19T08:00:00.000Z,19/2/2024,01:30 PM,Mon,0,13,973,37.3,50,0.131,6.36,32.09,20,50,0,0,10,0.95,6.77,25.73,0,174.1,0
2024-02-19T09:00:00.000Z,19/2/2024,02:30 PM,Mon,0,14,971,36.8,50,0.133,6.45,32.04,20,50,0,0,10,0.95,5.7,25.59,0,145.87,0
2024-02-19T10:00:00.000Z,19/2/2024,03:30 PM,Mon,0,15,830,36,50,0.136,5.64,37.71,20,50,0,0,10,0.95,5.56,32.07,0,178.19,0
2024-02-19T11:00:00.000Z,19/2/2024,04:30 PM,Mon,0,16,585,35,50,0.14,4.1,33.23,20,50,0,0,10,0.95,6.91,29.14,0,201.32,0
2024-02-19T12:00:00.000Z,19/2/2024,05:30 PM,Mon,0,17,292,33.8,50,0.145,2.11,32.12,20,50,0,0,10,0.95,6.48,30.01,0,194.36,0
2024-02-19T13:00:00.000Z,19/2/2024,06:30 PM,Mon,0,18,0,32.5,50,0.15,0,252.61,20,50,0,0,10,0.95,9.66,252.61,0,2440.06,0
2024-02-19T14:00:00.000Z,19/2/2024,07:30 PM,Mon,0,19,0,31.2,50,0.155,0,236.61,20,50,0,0,10,0.95,9.97,236.61,0,2359.02,0
2024-02-19T15:00:00.000Z,19/2/2024,08:30 PM,Mon,0,20,0,30,50,0.16,0,225.65,20,50,0,0,10,0.95,9.53,225.65,0,2150.25,0
2024-02-19T16:00:00.000Z,19/2/2024,09:30 PM,Mon,0,21,0,28.9,50,0.164,0,235.13,20,50,0,0,10,0.95,8.64,235.13,0,2030.46,0
2024-02-19T17:00:00.000Z,19/2/2024,10:30 PM,Mon,0,22,0,28.1,50,0.168,0,302.47,20,50,0,0,10,0.95,8.44,302.47,0,2553.71,0
2024-02-19T18:00:00.000Z,19/2/2024,11:30 PM,Mon,0,23,0,27.6,50,0.17,0,314.58,20,50,0,0,10,0.95,5.75,314.58,0,1809.01,0
2024-02-19T19:00:00.000Z,20/2/2024,12:30 AM,Tue,0,0,0,27.6,50,0.17,0,100.01,20,50,0,0,10,0.95,5.63,100.01,0,563.42,0
2024-02-19T20:00:00.000Z,20/2/2024,01:30 AM,Tue,0,1,0,27.8,50,0.169,0,115.29,20,50,0,0,10,0.95,5.11,115.29,0,589.24,0
2024-02-19T21:00:00.000Z,20/2/2024,02:30 AM,Tue,0,2,0,28.3,50,0.167,0,67.95,20,50,0,0,10,0.95,5.56,67.95,0,377.83,0
2024-02-19T22:00:00.000Z,20/2/2024,03:30 AM,Tue,0,3,0,29,50,0.164,0,105.41,20,50,0,0,10,0.95,5.63,105.41,0,593.02,0
2024-02-19T23:00:00.000Z,20/2/2024,04:30 AM,Tue,0,4,0,30.1,50,0.16,0,105.14,20,50,0,0,10,0.95,6.62,105.14,0,695.7,0
2024-02-20T00:00:00.000Z,20/2/2024,05:30 AM,Tue,0,5,0,31.3,50,0.155,0,93.62,20,50,0,0,10,0.95,5.47,93.62,0,511.66,0
2024-02-20T01:00:00.000Z,20/2/2024,06:30 AM,Tue,0,6,0,32.6,50,0.15,0,277.42,20,50,0,0,10,0.95,8.49,277.42,0,2356.52,0
2024-02-20T02:00:00.000Z,20/2/2024,07:30 AM,Tue,0,7,276,33.9,50,0.144,1.99,175.58,20,50,0,0,10,0.95,8.11,173.59,0,1408.4,0
2024-02-20T03:00:00.000Z,20/2/2024,08:30 AM,Tue,0,8,521,35.1,50,0.14,3.64,154.44,20,50,0,0,10,0.95,8.96,150.8,0,1351.69,0
2024-02-20T04:00:00.000Z,20/2/2024,09:30 AM,Tue,0,9,891,36.1,50,0.136,6.04,174.58,20,50,0,0,10,0.95,8.24,168.54,0,1388.09,0
2024-02-20T05:00:00.000Z,20/2/2024,10:30 AM,Tue,0,10,858,36.9,50,0.132,5.68,35.29,20,50,0,0,10,0.95,8.81,29.61,0,260.97,0
2024-02-20T06:00:00.000Z,20/2/2024,11:30 AM,Tue,0,11,1048,37.4,50,0.13,6.83,33.22,20,50,0,0,10,0.95,5.96,26.39,0,157.32,0
2024-02-20T07:00:00.000Z,20/2/2024,12:30 PM,Tue,0,12,1226,37.6,50,0.13,7.94,30.22,20,50,0,0,10,0.95,5.97,22.28,0,133.06,0
2024-02-20T08:00:00.000Z,20/2/2024,01:30 PM,Tue,0,13,975,37.4,50,0.13,6.36,35.46,20,50,0,0,10,0.95,6.59,29.1,0,191.79,0
2024-02-20T09:00:00.000Z,20/2/2024,02:30 PM,Tue,0,14,1058,36.9,50,0.132,7,40.43,20,50,0,0,10,0.95,5.26,33.43,0,175.74,0
2024-02-20T10:00:00.000Z,20/2/2024,03:30 PM,Tue,0,15,787,36.1,50,0.136,5.34,32.33,20,50,0,0,10,0.95,6.09,26.99,0,164.44,0
2024-02-20T11:00:00.000Z,20/2/2024,04:30 PM,Tue,0,16,624,35.1,50,0.14,4.36,40.3,20,50,0,0,10,0.95,7,35.94,0,251.54,0
2024-02-20T12:00:00.000Z,20/2/2024,05:30 PM,Tue,0,17,305,33.9,50,0.144,2.2,30.04,20,50,0,0,10,0.95,6.25,27.84,0,174.12,0
2024-02-20T13:00:00.000Z,20/2/2024,06:30 PM,Tue,0,18,0,32.6,50,0.15,0,244.99,20,50,0,0,10,0.95,9.49,244.99,0,2324.2,0
2024-02-20T14:00:00.000Z,20/2/2024,07:30 PM,Tue,0,19,0,31.3,50,0.155,0,245.02,20,50,0,0,10,0.95,8.09,245.02,0,1982.06,0
2024-02-20T15:00:00.000Z,20/2/2024,08:30 PM,Tue,0,20,0,30.1,50,0.16,0,259.97,20,50,0,0,10,0.95,9.21,259.97,0,2393.74,0
2024-02-20T16:00:00.000Z,20/2/2024,09:30 PM,Tue,0,21,0,29,50,0.164,0,224.83,20,50,0,0,10,0.95,9.52,224.83,0,2141.12,0
2024-02-20T17:00:00.000Z,20/2/2024,10:30 PM,Tue,0,22,0,28.3,50,0.167,0,321.59,20,50,0,0,10,0.95,8.63,321.59,0,2775.73,0
2024-02-20T18:00:00.000Z,20/2/2024,11:30 PM,Tue,0,23,0,27.8,50,0.169,0,273.36,20,50,0,0,10,0.95,5.28,273.36,0,1442.69,0
2024-02-20T19:00:00.000Z,21/2/2024,12:30 AM,Wed,0,0,0,27.7,50,0.169,0,87.18,20,50,0,0,10,0.95,6.36,87.18,0,554.39,0
2024-02-20T20:00:00.000Z,21/2/2024,01:30 AM,Wed,0,1,0,27.9,50,0.168,0,79,20,50,0,0,10,0.95,6.78,79,0,535.9,0
2024-02-20T21:00:00.000Z,21/2/2024,02:30 AM,Wed,0,2,0,28.4,50,0.166,0,109.72,20,50,0,0,10,0.95,5.71,109.72,0,627.04,0
2024-02-20T22:00:00.000Z,21/2/2024,03:30 AM,Wed,0,3,0,29.2,50,0.163,0,105.81,20,50,0,0,10,0.95,5.63,105.81,0,596,0
2024-02-20T23:00:00.000Z,21/2/2024,04:30 AM,Wed,0,4,0,30.2,50,0.159,0,75.79,20,50,0,0,10,0.95,5.19,75.79,0,393.42,0
2024-02-21T00:00:00.000Z,21/2/2024,05:30 AM,Wed,0,5,0,31.4,50,0.154,0,104.27,20,50,0,0,10,0.95,5.47,104.27,0,570.56,0
2024-02-21T01:00:00.000Z,21/2/2024,06:30 AM,Wed,0,6,0,32.7,50,0.149,0,235.23,20,50,0,0,10,0.95,8.9,235.23,0,2093.72,0
2024-02-21T02:00:00.000Z,21/2/2024,07:30 AM,Wed,0,7,323,34,50,0.144,2.33,150.43,20,50,0,0,10,0.95,9.06,148.1,0,1341.62,0
2024-02-21T03:00:00.000Z,21/2/2024,08:30 AM,Wed,0,8,622,35.2,50,0.139,4.33,192.16,20,50,0,0,10,0.95,8.68,187.83,0,1630.5,0
2024-02-21T04:00:00.000Z,21/2/2024,09:30 AM,Wed,0,9,683,36.2,50,0.135,4.62,173.72,20,50,0,0,10,0.95,8.69,169.1,0,1469.9,0
2024-02-21T05:00:00.000Z,21/2/2024,10:30 AM,Wed,0,10,838,37,50,0.132,5.53,36.54,20,50,0,0,10,0.95,9.56,31.01,0,296.48,0
2024-02-21T06:00:00.000Z,21/2/2024,11:30 AM,Wed,0,11,1068,37.5,50,0.13,6.94,35.39,20,50,0,0,10,0.95,5,28.45,0,142.32,0
2024-02-21T07:00:00.000Z,21/2/2024,12:30 PM,Wed,0,12,991,37.7,50,0.129,6.4,37.84,20,50,0,0,10,0.95,5.24,31.44,0,164.78,0
2024-02-21T08:00:00.000Z,21/2/2024,01:30 PM,Wed,0,13,1129,37.5,50,0.13,7.34,30.29,20,50,0,0,10,0.95,6.97,22.95,0,160.05,0
2024-02-21T09:00:00.000Z,21/2/2024,02:30 PM,Wed,0,14,866,37,50,0.132,5.72,30.69,20,50,0,0,10,0.95,6.72,24.97,0,167.81,0
2024-02-21T10:00:00.000Z,21/2/2024,03:30 PM,Wed,0,15,819,36.2,50,0.135,5.54,37.84,20,50,0,0,10,0.95,5.94,32.3,0,191.74,0
2024-02-21T11:00:00.000Z,21/2/2024,04:30 PM,Wed,0,16,487,35.2,50,0.139,3.39,36.96,20,50,0,0,10,0.95,5.03,33.57,0,168.85,0
2024-02-21T12:00:00.000Z,21/2/2024,05:30 PM,Wed,0,17,324,34,50,0.144,2.33,37.49,20,50,0,0,10,0.95,6.21,35.16,0,218.21,0
2024-02-21T13:00:00.000Z,21/2/2024,06:30 PM,Wed,0,18,0,32.7,50,0.149,0,236.34,20,50,0,0,10,0.95,9.38,236.34,0,2216.27,0
2024-02-21T14:00:00.000Z,21/2/2024,07:30 PM,Wed,0,19,0,31.4,50,0.154,0,253.62,20,50,0,0,10,0.95,8.98,253.62,0,2278.1,0
2024-02-21T15:00:00.000Z,21/2/2024,08:30 PM,Wed,0,20,0,30.2,50,0.159,0,212.84,20,50,0,0,10,0.95,9.29,212.84,0,1977.86,0
2024-02-21T16:00:00.000Z,21/2/2024,09:30 PM,Wed,0,21,0,29.2,50,0.163,0,236.74,20,50,0,0,10,0.95,8.49,236.74,0,2010.63,0
2024-02-21T17:00:00.000Z,21/2/2024,10:30 PM,Wed,0,22,0,28.4,50,0.166,0,322.15,20,50,0,0,10,0.95,8.68,322.15,0,2796.23,0
2024-02-21T18:00:00.000Z,21/2/2024,11:30 PM,Wed,0,23,0,27.9,50,0.168,0,282.35,20,50,0,0,10,0.95,6.54,282.35,0,1847.25,0
2024-02-21T19:00:00.000Z,22/2/2024,12:30 AM,Thu,0,0,0,27.8,50,0.169,0,100.04,20,50,0,0,10,0.95,5.54,100.04,0,554.07,0
2024-02-21T20:00:00.000Z,22/2/2024,01:30 AM,Thu,0,1,0,28,50,0.168,0,74.52,20,50,0,0,10,0.95,6.58,74.52,0,490.54,0
2024-02-21T21:00:00.000Z,22/2/2024,02:30 AM,Thu,0,2,0,28.5,50,0.166,0,95.76,20,50,0,0,10,0.95,6.01,95.76,0,575.4,0
2024-02-21T22:00:00.000Z,22/2/2024,03:30 AM,Thu,0,3,0,29.3,50,0.163,0,78.43,20,50,0,0,10,0.95,5.75,78.43,0,450.81,0
2024-02-21T23:00:00.000Z,22/2/2024,04:30 AM,Thu,0,4,0,30.3,50,0.159,0,92.36,20,50,0,0,10,0.95,5.86,92.36,0,540.81,0
2024-02-22T00:00:00.000Z,22/2/2024,05:30 AM,Thu,0,5,0,31.5,50,0.154,0,93.92,20,50,0,0,10,0.95,5.14,93.92,0,482.96,0
2024-02-22T01:00:00.000Z,22/2/2024,06:30 AM,Thu,0,6,0,32.8,50,0.149,0,242.15,20,50,0,0,10,0.95,9.05,242.15,0,2190.97,0
2024-02-22T02:00:00.000Z,22/2/2024,07:30 AM,Thu,0,7,319,34.1,50,0.144,2.29,179.85,20,50,0,0,10,0.95,8.11,177.56,0,1440.61,0
2024-02-22T03:00:00.000Z,22/2/2024,08:30 AM,Thu,0,8,562,35.3,50,0.139,3.9,171.81,20,50,0,0,10,0.95,8.89,167.91,0,1493.43,0
2024-02-22T04:00:00.000Z,22/2/2024,09:30 AM,Thu,0,9,697,36.3,50,0.135,4.7,183.09,20,50,0,0,10,0.95,8.03,178.39,0,1433.08,0
2024-02-22T05:00:00.000Z,22/2/2024,10:30 AM,Thu,0,10,856,37.1,50,0.132,5.63,40.72,20,50,0,0,10,0.95,8.45,35.09,0,296.57,0
2024-02-22T06:00:00.000Z,22/2/2024,11:30 AM,Thu,0,11,1159,37.6,50,0.13,7.51,34.87,20,50,0,0,10,0.95,6.12,27.36,0,167.35,0
2024-02-22T07:00:00.000Z,22/2/2024,12:30 PM,Thu,0,12,1008,37.8,50,0.129,6.49,36.16,20,50,0,0,10,0.95,5.28,29.67,0,156.7,0
2024-02-22T08:00:00.000Z,22/2/2024,01:30 PM,Thu,0,13,1189,37.6,50,0.13,7.7,38.22,20,50,0,0,10,0.95,6.96,30.52,0,212.42,0
2024-02-22T09:00:00.000Z,22/2/2024,02:30 PM,Thu,0,14,824,37.1,50,0.132,5.42,35.19,20,50,0,0,10,0.95,5.75,29.77,0,171.28,0
2024-02-22T10:00:00.000Z,22/2/2024,03:30 PM,Thu,0,15,839,36.3,50,0.135,5.65,31.46,20,50,0,0,10,0.95,5.55,25.81,0,143.28,0
2024-02-22T11:00:00.000Z,22/2/2024,04:30 PM,Thu,0,16,585,35.3,50,0.139,4.06,35.94,20,50,0,0,10,0.95,6.52,31.88,0,207.78,0
2024-02-22T12:00:00.000Z,22/2/2024,05:30 PM,Thu,0,17,286,34.1,50,0.144,2.05,34.79,20,50,0,0,10,0.95,6.4,32.74,0,209.56,0
2024-02-22T13:00:00.000Z,22/2/2024,06:30 PM,Thu,0,18,0,32.8,50,0.149,0,230.56,20,50,0,0,10,0.95,9.99,230.56,0,2303.6,0
2024-02-22T14:00:00.000Z,22/2/2024,07:30 PM,Thu,0,19,0,31.5,50,0.154,0,251.08,20,50,0,0,10,0.95,8.05,251.08,0,2022.05,0
2024-02-22T15:00:00.000Z,22/2/2024,08:30 PM,Thu,0,20,0,30.3,50,0.159,0,228.52,20,50,0,0,10,0.95,9.79,228.52,0,2236.6,0
2024-02-22T16:00:00.000Z,22/2/2024,09:30 PM,Thu,0,21,0,29.3,50,0.163,0,251.34,20,50,0,0,10,0.95,8.28,251.34,0,2081.71,0
2024-02-22T17:00:00.000Z,22/2/2024,10:30 PM,Thu,0,22,0,28.5,50,0.166,0,319.15,20,50,0,0,10,0.95,9.7,319.15,0,3095.93,0
2024-02-22T18:00:00.000Z,22/2/2024,11:30 PM,Thu,0,23,0,28,50,0.168,0,282.87,20,50,0,0,10,0.95,5.57,282.87,0,1575.88,0
2024-02-22T19:00:00.000Z,23/2/2024,12:30 AM,Fri,0,0,0,27.9,50,0.168,0,79.53,20,50,0,0,10,0.95,5.38,79.53,0,428.18,0
2024-02-22T20:00:00.000Z,23/2/2024,01:30 AM,Fri,0,1,0,28.1,50,0.168,0,105.96,20,50,0,0,10,0.95,6.46,105.96,0,684.05,0
2024-02-22T21:00:00.000Z,23/2/2024,02:30 AM,Fri,0,2,0,28.6,50,0.166,0,95.8,20,50,0,0,10,0.95,5.72,95.8,0,548.12,0
2024-02-22T22:00:00.000Z,23/2/2024,03:30 AM,Fri,0,3,0,29.4,50,0.162,0,71.28,20,50,0,0,10,0.95,6.79,71.28,0,484.19,0
2024-02-22T23:00:00.000Z,23/2/2024,04:30 AM,Fri,0,4,0,30.4,50,0.158,0,103.71,20,50,0,0,10,0.95,6.61,103.71,0,685.66,0
2024-02-23T00:00:00.000Z,23/2/2024,05:30 AM,Fri,0,5,0,31.6,50,0.154,0,95.6,20,50,0,0,10,0.95,6.9,95.6,0,659.45,0
2024-02-23T01:00:00.000Z,23/2/2024,06:30 AM,Fri,0,6,0,32.9,50,0.148,0,199,20,50,0,0,10,0.95,9.45,199,0,1879.85,0
2024-02-23T02:00:00.000Z,23/2/2024,07:30 AM,Fri,0,7,298,34.2,50,0.143,2.13,176.71,20,50,0,0,10,0.95,8.82,174.58,0,1540.56,0
2024-02-23T03:00:00.000Z,23/2/2024,08:30 AM,Fri,0,8,519,35.4,50,0.138,3.59,167.68,20,50,0,0,10,0.95,9.18,164.09,0,1506.69,0
2024-02-23T04:00:00.000Z,23/2/2024,09:30 AM,Fri,0,9,883,36.4,50,0.134,5.93,175.01,20,50,0,0,10,0.95,8.74,169.08,0,1477.18,0
2024-02-23T05:00:00.000Z,23/2/2024,10:30 AM,Fri,0,10,925,37.2,50,0.131,6.07,36.89,20,50,0,0,10,0.95,8.47,30.82,0,261.17,0
2024-02-23T06:00:00.000Z,23/2/2024,11:30 AM,Fri,0,11,1221,37.7,50,0.129,7.89,34.46,20,50,0,0,10,0.95,6.67,26.57,0,177.2,0
2024-02-23T07:00:00.000Z,23/2/2024,12:30 PM,Fri,0,12,1137,37.9,50,0.128,7.3,36.72,20,50,0,0,10,0.95,6.57,29.42,0,193.42,0
2024-02-23T08:00:00.000Z,23/2/2024,01:30 PM,Fri,0,13,1011,37.7,50,0.129,6.53,30.73,20,50,0,0,10,0.95,6.98,24.2,0,168.92,0
2024-02-23T09:00:00.000Z,23/2/2024,02:30 PM,Fri,0,14,926,37.2,50,0.131,6.07,32.76,20,50,0,0,10,0.95,5.87,26.69,0,156.64,0
2024-02-23T10:00:00.000Z,23/2/2024,03:30 PM,Fri,0,15,882,36.4,50,0.134,5.93,36.62,20,50,0,0,10,0.95,5.35,30.69,0,164.35,0
2024-02-23T11:00:00.000Z,23/2/2024,04:30 PM,Fri,0,16,632,35.4,50,0.138,4.37,35.3,20,50,0,0,10,0.95,5.34,30.93,0,165.13,0
2024-02-23T12:00:00.000Z,23/2/2024,05:30 PM,Fri,0,17,318,34.2,50,0.143,2.28,37.76,20,50,0,0,10,0.95,6.57,35.48,0,233.24,0
2024-02-23T13:00:00.000Z,23/2/2024,06:30 PM,Fri,0,18,0,32.9,50,0.148,0,222.25,20,50,0,0,10,0.95,8.64,222.25,0,1921.16,0
2024-02-23T14:00:00.000Z,23/2/2024,07:30 PM,Fri,0,19,0,31.6,50,0.154,0,249.89,20,50,0,0,10,0.95,8.95,249.89,0,2235.65,0
2024-02-23T15:00:00.000Z,23/2/2024,08:30 PM,Fri,0,20,0,30.4,50,0.158,0,255.92,20,50,0,0,10,0.95,8.61,255.92,0,2204.52,0
2024-02-23T16:00:00.000Z,23/2/2024,09:30 PM,Fri,0,21,0,29.4,50,0.162,0,252.16,20,50,0,0,10,0.95,9.61,252.16,0,2423.92,0
2024-02-23T17:00:00.000Z,23/2/2024,10:30 PM,Fri,0,22,0,28.6,50,0.166,0,285.43,20,50,0,0,10,0.95,9.35,285.43,0,2667.75,0
2024-02-23T18:00:00.000Z,23/2/2024,11:30 PM,Fri,0,23,0,28.1,50,0.168,0,305.7,20,50,0,0,10,0.95,6.58,305.7,0,2010.87,0
2024-02-23T19:00:00.000Z,24/2/2024,12:30 AM,Sat,1,0,0,28,50,0.168,0,121.67,20,50,0,0,10,0.95,6.82,121.67,0,830.22,0
2024-02-23T20:00:00.000Z,24/2/2024,01:30 AM,Sat,1,1,0,28.2,50,0.167,0,97.55,20,50,0,0,10,0.95,6.93,97.55,0,676.28,0
2024-02-23T21:00:00.000Z,24/2/2024,02:30 AM,Sat,1,2,0,28.7,50,0.165,0,91.2,20,50,0,0,10,0.95,6.99,91.2,0,637.74,0
2024-02-23T22:00:00.000Z,24/2/2024,03:30 AM,Sat,1,3,0,29.5,50,0.162,0,89.84,20,50,0,0,10,0.95,5.57,89.84,0,500.78,0
2024-02-23T23:00:00.000Z,24/2/2024,04:30 AM,Sat,1,4,0,30.5,50,0.158,0,91.63,20,50,0,0,10,0.95,5.75,91.63,0,526.48,0
2024-02-24T00:00:00.000Z,24/2/2024,05:30 AM,Sat,1,5,0,31.7,50,0.153,0,123.73,20,50,0,0,10,0.95,6.56,123.73,0,812.24,0
2024-02-24T01:00:00.000Z,24/2/2024,06:30 AM,Sat,1,6,0,33,50,0.148,0,256.72,20,50,0,0,10,0.95,9.01,256.72,0,2312.58,0
2024-02-24T02:00:00.000Z,24/2/2024,07:30 AM,Sat,1,7,315,34.3,50,0.143,2.25,216.16,20,50,0,0,10,0.95,9.82,213.91,0,2099.57,0
2024-02-24T03:00:00.000Z,24/2/2024,08:30 AM,Sat,1,8,643,35.5,50,0.138,4.44,200.22,20,50,0,0,10,0.95,9.47,195.78,0,1854.57,0
2024-02-24T04:00:00.000Z,24/2/2024,09:30 AM,Sat,1,9,772,36.5,50,0.134,5.17,211.27,20,50,0,0,10,0.95,8.21,206.1,0,1692.79,0
2024-02-24T05:00:00.000Z,24/2/2024,10:30 AM,Sat,1,10,927,37.3,50,0.131,6.06,43.58,20,50,0,0,10,0.95,8.81,37.52,0,330.58,0
2024-02-24T06:00:00.000Z,24/2/2024,11:30 AM,Sat,1,11,1057,37.8,50,0.129,6.81,41.53,20,50,0,0,10,0.95,6.47,34.72,0,224.63,0
2024-02-24T07:00:00.000Z,24/2/2024,12:30 PM,Sat,1,12,970,38,50,0.128,6.21,33.43,20,50,0,0,10,0.95,6.8,27.22,0,185.15,0
2024-02-24T08:00:00.000Z,24/2/2024,01:30 PM,Sat,1,13,1039,37.8,50,0.129,6.69,42.94,20,50,0,0,10,0.95,5.6,36.25,0,203.12,0
2024-02-24T09:00:00.000Z,24/2/2024,02:30 PM,Sat,1,14,829,37.3,50,0.131,5.42,36.77,20,50,0,0,10,0.95,6.14,31.35,0,192.34,0
2024-02-24T10:00:00.000Z,24/2/2024,03:30 PM,Sat,1,15,808,36.5,50,0.134,5.41,43.84,20,50,0,0,10,0.95,5.34,38.43,0,205.31,0
2024-02-24T11:00:00.000Z,24/2/2024,04:30 PM,Sat,1,16,584,35.5,50,0.138,4.03,40.5,20,50,0,0,10,0.95,6.1,36.47,0,222.45,0
2024-02-24T12:00:00.000Z,24/2/2024,05:30 PM,Sat,1,17,325,34.3,50,0.143,2.32,42.72,20,50,0,0,10,0.95,6.26,40.4,0,252.88,0
2024-02-24T13:00:00.000Z,24/2/2024,06:30 PM,Sat,1,18,0,33,50,0.148,0,270.26,20,50,0,0,10,0.95,9.22,270.26,0,2491.11,0
2024-02-24T14:00:00.000Z,24/2/2024,07:30 PM,Sat,1,19,0,31.7,50,0.153,0,263.03,20,50,0,0,10,0.95,9.47,263.03,0,2491.17,0
2024-02-24T15:00:00.000Z,24/2/2024,08:30 PM,Sat,1,20,0,30.5,50,0.158,0,310.7,20,50,0,0,10,0.95,9.45,310.7,0,2936.37,0
2024-02-24T16:00:00.000Z,24/2/2024,09:30 PM,Sat,1,21,0,29.5,50,0.162,0,259.5,20,50,0,0,10,0.95,8.45,259.5,0,2191.55,0
2024-02-24T17:00:00.000Z,24/2/2024,10:30 PM,Sat,1,22,0,28.7,50,0.165,0,314.26,20,50,0,0,10,0.95,9.45,314.26,0,2969.67,0
2024-02-24T18:00:00.000Z,24/2/2024,11:30 PM,Sat,1,23,0,28.2,50,0.167,0,337.73,20,50,0,0,10,0.95,6.86,337.73,0,2315.95,0
2024-02-24T19:00:00.000Z,25/2/2024,12:30 AM,Sun,1,0,0,28.1,50,0.168,0,75.28,20,50,0,0,10,0.95,5.58,75.28,0,420.3,0
2024-02-24T20:00:00.000Z,25/2/2024,01:30 AM,Sun,1,1,0,28.3,50,0.167,0,131.3,20,50,0,0,10,0.95,6.04,131.3,0,793.19,0
2024-02-24T21:00:00.000Z,25/2/2024,02:30 AM,Sun,1,2,0,28.8,50,0.165,0,104.56,20,50,0,0,10,0.95,5.62,104.56,0,587.87,0
2024-02-24T22:00:00.000Z,25/2/2024,03:30 AM,Sun,1,3,0,29.6,50,0.162,0,95.65,20,50,0,0,10,0.95,6.86,95.65,0,656.1,0
2024-02-24T23:00:00.000Z,25/2/2024,04:30 AM,Sun,1,4,0,30.6,50,0.158,0,90.25,20,50,0,0,10,0.95,6.73,90.25,0,607.57,0
2024-02-25T00:00:00.000Z,25/2/2024,05:30 AM,Sun,1,5,0,31.8,50,0.153,0,95.51,20,50,0,0,10,0.95,6.4,95.51,0,611.19,0
2024-02-25T01:00:00.000Z,25/2/2024,06:30 AM,Sun,1,6,0,33.1,50,0.148,0,240.82,20,50,0,0,10,0.95,9,240.82,0,2166.51,0
2024-02-25T02:00:00.000Z,25/2/2024,07:30 AM,Sun,1,7,250,34.4,50,0.142,1.78,190,20,50,0,0,10,0.95,8.74,188.22,0,1645.05,0
2024-02-25T03:00:00.000Z,25/2/2024,08:30 AM,Sun,1,8,578,35.6,50,0.138,3.98,211.67,20,50,0,0,10,0.95,9.92,207.69,0,2060.43,0
2024-02-25T04:00:00.000Z,25/2/2024,09:30 AM,Sun,1,9,859,36.7,50,0.133,5.72,184.55,20,50,0,0,10,0.95,9.91,178.83,0,1772.01,0
2024-02-25T05:00:00.000Z,25/2/2024,10:30 AM,Sun,1,10,1106,37.4,50,0.13,7.21,42.98,20,50,0,0,10,0.95,9.83,35.77,0,351.76,0
2024-02-25T06:00:00.000Z,25/2/2024,11:30 AM,Sun,1,11,1022,37.9,50,0.128,6.56,40.04,20,50,0,0,10,0.95,6.95,33.48,0,232.83,0
2024-02-25T07:00:00.000Z,25/2/2024,12:30 PM,Sun,1,12,1061,38.1,50,0.128,6.77,39.85,20,50,0,0,10,0.95,5.25,33.08,0,173.53,0
2024-02-25T08:00:00.000Z,25/2/2024,01:30 PM,Sun,1,13,937,37.9,50,0.128,6.02,40.8,20,50,0,0,10,0.95,5.76,34.78,0,200.45,0
2024-02-25T09:00:00.000Z,25/2/2024,02:30 PM,Sun,1,14,1006,37.4,50,0.13,6.56,40.25,20,50,0,0,10,0.95,5.82,33.69,0,196.18,0
2024-02-25T10:00:00.000Z,25/2/2024,03:30 PM,Sun,1,15,838,36.7,50,0.133,5.58,40.94,20,50,0,0,10,0.95,5.39,35.36,0,190.42,0
2024-02-25T11:00:00.000Z,25/2/2024,04:30 PM,Sun,1,16,509,35.6,50,0.138,3.5,40.14,20,50,0,0,10,0.95,5.39,36.64,0,197.3,0
2024-02-25T12:00:00.000Z,25/2/2024,05:30 PM,Sun,1,17,270,34.4,50,0.142,1.92,43.41,20,50,0,0,10,0.95,5.25,41.49,0,217.9,0
2024-02-25T13:00:00.000Z,25/2/2024,06:30 PM,Sun,1,18,0,33.1,50,0.148,0,288.97,20,50,0,0,10,0.95,8.94,288.97,0,2582.8,0
2024-02-25T14:00:00.000Z,25/2/2024,07:30 PM,Sun,1,19,0,31.8,50,0.153,0,302.56,20,50,0,0,10,0.95,9.72,302.56,0,2941.03,0
2024-02-25T15:00:00.000Z,25/2/2024,08:30 PM,Sun,1,20,0,30.6,50,0.158,0,301.3,20,50,0,0,10,0.95,8.91,301.3,0,2685.69,0
2024-02-25T16:00:00.000Z,25/2/2024,09:30 PM,Sun,1,21,0,29.6,50,0.162,0,323.52,20,50,0,0,10,0.95,9.95,323.52,0,3220.46,0
2024-02-25T17:00:00.000Z,25/2/2024,10:30 PM,Sun,1,22,0,28.8,50,0.165,0,339.34,20,50,0,0,10,0.95,9.92,339.34,0,3366.77,0
2024-02-25T18:00:00.000Z,25/2/2024,11:30 PM,Sun,1,23,0,28.3,50,0.167,0,367.39,20,50,0,0,10,0.95,5.61,367.39,0,2061.25,0
2024-02-25T19:00:00.000Z,26/2/2024,12:30 AM,Mon,0,0,0,28.2,50,0.167,0,81.04,20,50,0,0,10,0.95,6.32,81.04,0,512.05,0
2024-02-25T20:00:00.000Z,26/2/2024,01:30 AM,Mon,0,1,0,28.4,50,0.166,0,93.59,20,50,0,0,10,0.95,6.29,93.59,0,589,0
2024-02-25T21:00:00.000Z,26/2/2024,02:30 AM,Mon,0,2,0,28.9,50,0.164,0,85.28,20,50,0,0,10,0.95,5.92,85.28,0,505.17,0
2024-02-25T22:00:00.000Z,26/2/2024,03:30 AM,Mon,0,3,0,29.7,50,0.161,0,100.64,20,50,0,0,10,0.95,5.61,100.64,0,564.3,0
2024-02-25T23:00:00.000Z,26/2/2024,04:30 AM,Mon,0,4,0,30.7,50,0.157,0,57.04,20,50,0,0,10,0.95,5.44,57.04,0,310.46,0
2024-02-26T00:00:00.000Z,26/2/2024,05:30 AM,Mon,0,5,0,31.9,50,0.152,0,110.2,20,50,0,0,10,0.95,5.14,110.2,0,566.04,0
2024-02-26T01:00:00.000Z,26/2/2024,06:30 AM,Mon,0,6,0,33.2,50,0.147,0,226.49,20,50,0,0,10,0.95,9.87,226.49,0,2234.65,0
2024-02-26T02:00:00.000Z,26/2/2024,07:30 AM,Mon,0,7,295,34.5,50,0.142,2.09,142.98,20,50,0,0,10,0.95,8.4,140.89,0,1183.66,0
2024-02-26T03:00:00.000Z,26/2/2024,08:30 AM,Mon,0,8,620,35.7,50,0.137,4.25,169.4,20,50,0,0,10,0.95,9.21,165.15,0,1520.7,0
2024-02-26T04:00:00.000Z,26/2/2024,09:30 AM,Mon,0,9,839,36.8,50,0.133,5.57,157.65,20,50,0,0,10,0.95,9.31,152.08,0,1415.87,0
2024-02-26T05:00:00.000Z,26/2/2024,10:30 AM,Mon,0,10,1015,37.5,50,0.13,6.6,35.79,20,50,0,0,10,0.95,9.99,29.19,0,291.74,0
2024-02-26T06:00:00.000Z,26/2/2024,11:30 AM,Mon,0,11,953,38,50,0.128,6.1,37.25,20,50,0,0,10,0.95,5.02,31.15,0,156.32,0
2024-02-26T07:00:00.000Z,26/2/2024,12:30 PM,Mon,0,12,1232,38.2,50,0.127,7.84,35.24,20,50,0,0,10,0.95,5.86,27.4,0,160.46,0
2024-02-26T08:00:00.000Z,26/2/2024,01:30 PM,Mon,0,13,1200,38,50,0.128,7.68,39.85,20,50,0,0,10,0.95,6.14,32.17,0,197.42,0
2024-02-26T09:00:00.000Z,26/2/2024,02:30 PM,Mon,0,14,926,37.5,50,0.13,6.02,34.44,20,50,0,0,10,0.95,6.95,28.42,0,197.65,0
2024-02-26T10:00:00.000Z,26/2/2024,03:30 PM,Mon,0,15,690,36.8,50,0.133,4.58,36.54,20,50,0,0,10,0.95,5.1,31.96,0,162.99,0
2024-02-26T11:00:00.000Z,26/2/2024,04:30 PM,Mon,0,16,531,35.7,50,0.137,3.64,32.91,20,50,0,0,10,0.95,6.91,29.27,0,202.2,0
2024-02-26T12:00:00.000Z,26/2/2024,05:30 PM,Mon,0,17,293,34.5,50,0.142,2.08,35.85,20,50,0,0,10,0.95,5.51,33.77,0,186.16,0
2024-02-26T13:00:00.000Z,26/2/2024,06:30 PM,Mon,0,18,0,33.2,50,0.147,0,239.76,20,50,0,0,10,0.95,8.94,239.76,0,2144.06,0
2024-02-26T14:00:00.000Z,26/2/2024,07:30 PM,Mon,0,19,0,31.9,50,0.152,0,244.17,20,50,0,0,10,0.95,9.59,244.17,0,2342.42,0
2024-02-26T15:00:00.000Z,26/2/2024,08:30 PM,Mon,0,20,0,30.7,50,0.157,0,226.84,20,50,0,0,10,0.95,8.71,226.84,0,1976.59,0
2024-02-26T16:00:00.000Z,26/2/2024,09:30 PM,Mon,0,21,0,29.7,50,0.161,0,220.9,20,50,0,0,10,0.95,9.3,220.9,0,2053.69,0
2024-02-26T17:00:00.000Z,26/2/2024,10:30 PM,Mon,0,22,0,28.9,50,0.164,0,312.83,20,50,0,0,10,0.95,8.9,312.83,0,2785.16,0
2024-02-26T18:00:00.000Z,26/2/2024,11:30 PM,Mon,0,23,0,28.4,50,0.166,0,280.28,20,50,0,0,10,0.95,5.81,280.28,0,1628.06,0
2024-02-26T19:00:00.000Z,27/2/2024,12:30 AM,Tue,0,0,0,28.3,50,0.167,0,124.13,20,50,0,0,10,0.95,6.27,124.13,0,778.28,0
2024-02-26T20:00:00.000Z,27/2/2024,01:30 AM,Tue,0,1,0,28.5,50,0.166,0,95.38,20,50,0,0,10,0.95,6.22,95.38,0,593.24,0
2024-02-26T21:00:00.000Z,27/2/2024,02:30 AM,Tue,0,2,0,29,50,0.164,0,85.87,20,50,0,0,10,0.95,6.15,85.87,0,527.82,0
2024-02-26T22:00:00.000Z,27/2/2024,03:30 AM,Tue,0,3,0,29.8,50,0.161,0,99.8,20,50,0,0,10,0.95,6.83,99.8,0,681.5,0
2024-02-26T23:00:00.000Z,27/2/2024,04:30 AM,Tue,0,4,0,30.8,50,0.157,0,85.89,20,50,0,0,10,0.95,5.97,85.89,0,513.11,0
2024-02-27T00:00:00.000Z,27/2/2024,05:30 AM,Tue,0,5,0,32,50,0.152,0,73.15,20,50,0,0,10,0.95,6.56,73.15,0,479.8,0
2024-02-27T01:00:00.000Z,27/2/2024,06:30 AM,Tue,0,6,0,33.3,50,0.147,0,257.6,20,50,0,0,10,0.95,9.51,257.6,0,2449.84,0
2024-02-27T02:00:00.000Z,27/2/2024,07:30 AM,Tue,0,7,298,34.6,50,0.142,2.11,169.62,20,50,0,0,10,0.95,9.38,167.51,0,1571.07,0
2024-02-27T03:00:00.000Z,27/2/2024,08:30 AM,Tue,0,8,629,35.8,50,0.137,4.3,156.28,20,50,0,0,10,0.95,8.71,151.98,0,1323.58,0
2024-02-27T04:00:00.000Z,27/2/2024,09:30 AM,Tue,0,9,724,36.8,50,0.133,4.81,187.27,20,50,0,0,10,0.95,8.18,182.46,0,1493.38,0
2024-02-27T05:00:00.000Z,27/2/2024,10:30 AM,Tue,0,10,969,37.6,50,0.13,6.28,35.67,20,50,0,0,10,0.95,9.67,29.39,0,284.25,0
2024-02-27T06:00:00.000Z,27/2/2024,11:30 AM,Tue,0,11,1237,38.1,50,0.128,7.89,36.84,20,50,0,0,10,0.95,6.47,28.95,0,187.17,0
2024-02-27T07:00:00.000Z,27/2/2024,12:30 PM,Tue,0,12,1163,38.3,50,0.127,7.37,33.8,20,50,0,0,10,0.95,5.42,26.43,0,143.26,0
2024-02-27T08:00:00.000Z,27/2/2024,01:30 PM,Tue,0,13,953,38.1,50,0.128,6.08,37.77,20,50,0,0,10,0.95,5.91,31.69,0,187.2,0
2024-02-27T09:00:00.000Z,27/2/2024,02:30 PM,Tue,0,14,1002,37.6,50,0.13,6.49,34.89,20,50,0,0,10,0.95,5.41,28.4,0,153.55,0
2024-02-27T10:00:00.000Z,27/2/2024,03:30 PM,Tue,0,15,736,36.8,50,0.133,4.89,34.17,20,50,0,0,10,0.95,5.86,29.28,0,171.53,0
2024-02-27T11:00:00.000Z,27/2/2024,04:30 PM,Tue,0,16,504,35.8,50,0.137,3.45,33.31,20,50,0,0,10,0.95,5.89,29.86,0,176.02,0
2024-02-27T12:00:00.000Z,27/2/2024,05:30 PM,Tue,0,17,303,34.6,50,0.142,2.15,31.66,20,50,0,0,10,0.95,5.94,29.51,0,175.25,0
2024-02-27T13:00:00.000Z,27/2/2024,06:30 PM,Tue,0,18,0,33.3,50,0.147,0,250.94,20,50,0,0,10,0.95,8.84,250.94,0,2219.51,0
2024-02-27T14:00:00.000Z,27/2/2024,07:30 PM,Tue,0,19,0,32,50,0.152,0,251.95,20,50,0,0,10,0.95,8.23,251.95,0,2074.5,0
2024-02-27T15:00:00.000Z,27/2/2024,08:30 PM,Tue,0,20,0,30.8,50,0.157,0,282.47,20,50,0,0,10,0.95,9.55,282.47,0,2698.28,0
2024-02-27T16:00:00.000Z,27/2/2024,09:30 PM,Tue,0,21,0,29.8,50,0.161,0,265.71,20,50,0,0,10,0.95,9.43,265.71,0,2506.63,0
2024-02-27T17:00:00.000Z,27/2/2024,10:30 PM,Tue,0,22,0,29,50,0.164,0,252.15,20,50,0,0,10,0.95,8.78,252.15,0,2212.71,0
2024-02-27T18:00:00.000Z,27/2/2024,11:30 PM,Tue,0,23,0,28.5,50,0.166,0,275.6,20,50,0,0,10,0.95,5.97,275.6,0,1644.8,0
2024-02-27T19:00:00.000Z,28/2/2024,12:30 AM,Wed,0,0,0,28.4,50,0.166,0,82.65,20,50,0,0,10,0.95,5.42,82.65,0,448.29,0
2024-02-27T20:00:00.000Z,28/2/2024,01:30 AM,Wed,0,1,0,28.6,50,0.166,0,109.47,20,50,0,0,10,0.95,6.89,109.47,0,753.92,0
2024-02-27T21:00:00.000Z,28/2/2024,02:30 AM,Wed,0,2,0,29.1,50,0.164,0,94.06,20,50,0,0,10,0.95,6.5,94.06,0,611.72,0
2024-02-27T22:00:00.000Z,28/2/2024,03:30 AM,Wed,0,3,0,29.9,50,0.16,0,96.51,20,50,0,0,10,0.95,6.9,96.51,0,665.77,0
2024-02-27T23:00:00.000Z,28/2/2024,04:30 AM,Wed,0,4,0,30.9,50,0.156,0,84.46,20,50,0,0,10,0.95,6.74,84.46,0,568.9,0
2024-02-28T00:00:00.000Z,28/2/2024,05:30 AM,Wed,0,5,0,32.1,50,0.152,0,71.34,20,50,0,0,10,0.95,6.96,71.34,0,496.85,0
2024-02-28T01:00:00.000Z,28/2/2024,06:30 AM,Wed,0,6,0,33.4,50,0.146,0,255.98,20,50,0,0,10,0.95,8.49,255.98,0,2174.02,0
2024-02-28T02:00:00.000Z,28/2/2024,07:30 AM,Wed,0,7,319,34.7,50,0.141,2.25,187.79,20,50,0,0,10,0.95,8.69,185.54,0,1611.57,0
2024-02-28T03:00:00.000Z,28/2/2024,08:30 AM,Wed,0,8,547,35.9,50,0.136,3.73,174.02,20,50,0,0,10,0.95,8.89,170.29,0,1514.54,0
2024-02-28T04:00:00.000Z,28/2/2024,09:30 AM,Wed,0,9,868,36.9,50,0.132,5.75,162.73,20,50,0,0,10,0.95,8.48,156.98,0,1331.48,0
2024-02-28T05:00:00.000Z,28/2/2024,10:30 AM,Wed,0,10,863,37.7,50,0.129,5.57,38.95,20,50,0,0,10,0.95,8.9,33.38,0,297.02,0
2024-02-28T06:00:00.000Z,28/2/2024,11:30 AM,Wed,0,11,993,38.2,50,0.127,6.32,35.54,20,50,0,0,10,0.95,6.11,29.22,0,178.63,0
2024-02-28T07:00:00.000Z,28/2/2024,12:30 PM,Wed,0,12,1030,38.4,50,0.126,6.51,31.37,20,50,0,0,10,0.95,6,24.86,0,149.05,0
2024-02-28T08:00:00.000Z,28/2/2024,01:30 PM,Wed,0,13,943,38.2,50,0.127,6,33.87,20,50,0,0,10,0.95,5.55,27.87,0,154.56,0
2024-02-28T09:00:00.000Z,28/2/2024,02:30 PM,Wed,0,14,1121,37.7,50,0.129,7.24,34.66,20,50,0,0,10,0.95,5.61,27.42,0,153.85,0
2024-02-28T10:00:00.000Z,28/2/2024,03:30 PM,Wed,0,15,871,36.9,50,0.132,5.77,33.28,20,50,0,0,10,0.95,6.74,27.51,0,185.33,0
2024-02-28T11:00:00.000Z,28/2/2024,04:30 PM,Wed,0,16,650,35.9,50,0.136,4.43,34.62,20,50,0,0,10,0.95,5.13,30.19,0,154.76,0
2024-02-28T12:00:00.000Z,28/2/2024,05:30 PM,Wed,0,17,334,34.7,50,0.141,2.36,30.33,20,50,0,0,10,0.95,5.93,27.97,0,165.96,0
2024-02-28T13:00:00.000Z,28/2/2024,06:30 PM,Wed,0,18,0,33.4,50,0.146,0,251.51,20,50,0,0,10,0.95,8.13,251.51,0,2044.83,0
2024-02-28T14:00:00.000Z,28/2/2024,07:30 PM,Wed,0,19,0,32.1,50,0.152,0,225.88,20,50,0,0,10,0.95,8.08,225.88,0,1824.52,0
2024-02-28T15:00:00.000Z,28/2/2024,08:30 PM,Wed,0,20,0,30.9,50,0.156,0,240.48,20,50,0,0,10,0.95,8.2,240.48,0,1970.96,0
2024-02-28T16:00:00.000Z,28/2/2024,09:30 PM,Wed,0,21,0,29.9,50,0.16,0,246.71,20,50,0,0,10,0.95,8.1,246.71,0,1998.33,0
2024-02-28T17:00:00.000Z,28/2/2024,10:30 PM,Wed,0,22,0,29.1,50,0.164,0,279.97,20,50,0,0,10,0.95,9.17,279.97,0,2566.05,0
2024-02-28T18:00:00.000Z,28/2/2024,11:30 PM,Wed,0,23,0,28.6,50,0.166,0,255.39,20,50,0,0,10,0.95,5.67,255.39,0,1448.28,0
2024-02-28T19:00:00.000Z,29/2/2024,12:30 AM,Thu,0,0,0,28.5,50,0.166,0,109.63,20,50,0,0,10,0.95,5.13,109.63,0,562.05,0
2024-02-28T20:00:00.000Z,29/2/2024,01:30 AM,Thu,0,1,0,28.7,50,0.165,0,85,20,50,0,0,10,0.95,5.18,85,0,440.72,0
2024-02-28T21:00:00.000Z,29/2/2024,02:30 AM,Thu,0,2,0,29.2,50,0.163,0,60.17,20,50,0,0,10,0.95,6.09,60.17,0,366.52,0
2024-02-28T22:00:00.000Z,29/2/2024,03:30 AM,Thu,0,3,0,30,50,0.16,0,103.13,20,50,0,0,10,0.95,6.02,103.13,0,620.82,0
2024-02-28T23:00:00.000Z,29/2/2024,04:30 AM,Thu,0,4,0,31,50,0.156,0,87.81,20,50,0,0,10,0.95,5.83,87.81,0,511.52,0
2024-02-29T00:00:00.000Z,29/2/2024,05:30 AM,Thu,0,5,0,32.2,50,0.151,0,91.05,20,50,0,0,10,0.95,6.76,91.05,0,615.5,0
2024-02-29T01:00:00.000Z,29/2/2024,06:30 AM,Thu,0,6,0,33.5,50,0.146,0,271.54,20,50,0,0,10,0.95,9.96,271.54,0,2703.97,0
2024-02-29T02:00:00.000Z,29/2/2024,07:30 AM,Thu,0,7,297,34.8,50,0.141,2.09,177.63,20,50,0,0,10,0.95,8.13,175.54,0,1427.05,0
2024-02-29T03:00:00.000Z,29/2/2024,08:30 AM,Thu,0,8,507,36,50,0.136,3.45,204.99,20,50,0,0,10,0.95,9.1,201.54,0,1834.46,0
2024-02-29T04:00:00.000Z,29/2/2024,09:30 AM,Thu,0,9,806,37,50,0.132,5.32,182.94,20,50,0,0,10,0.95,8.74,177.62,0,1552.56,0
2024-02-29T05:00:00.000Z,29/2/2024,10:30 AM,Thu,0,10,946,37.8,50,0.129,6.09,33.47,20,50,0,0,10,0.95,8.78,27.38,0,240.5,0
2024-02-29T06:00:00.000Z,29/2/2024,11:30 AM,Thu,0,11,1004,38.3,50,0.127,6.37,30.52,20,50,0,0,10,0.95,5.31,24.15,0,128.22,0
2024-02-29T07:00:00.000Z,29/2/2024,12:30 PM,Thu,0,12,981,38.5,50,0.126,6.18,32.53,20,50,0,0,10,0.95,6.18,26.35,0,162.86,0
2024-02-29T08:00:00.000Z,29/2/2024,01:30 PM,Thu,0,13,957,38.3,50,0.127,6.07,34.41,20,50,0,0,10,0.95,5.65,28.34,0,160.18,0
2024-02-29T09:00:00.000Z,29/2/2024,02:30 PM,Thu,0,14,1021,37.8,50,0.129,6.58,35.04,20,50,0,0,10,0.95,6.8,28.46,0,193.61,0
2024-02-29T10:00:00.000Z,29/2/2024,03:30 PM,Thu,0,15,778,37,50,0.132,5.13,38.32,20,50,0,0,10,0.95,5.85,33.19,0,194.3,0
2024-02-29T11:00:00.000Z,29/2/2024,04:30 PM,Thu,0,16,518,36,50,0.136,3.52,33.49,20,50,0,0,10,0.95,5.76,29.97,0,172.75,0
2024-02-29T12:00:00.000Z,29/2/2024,05:30 PM,Thu,0,17,318,34.8,50,0.141,2.24,32.9,20,50,0,0,10,0.95,5.77,30.66,0,176.95,0
2024-02-29T13:00:00.000Z,29/2/2024,06:30 PM,Thu,0,18,0,33.5,50,0.146,0,224.33,20,50,0,0,10,0.95,9.5,224.33,0,2132.11,0
2024-02-29T14:00:00.000Z,29/2/2024,07:30 PM,Thu,0,19,0,32.2,50,0.151,0,217.63,20,50,0,0,10,0.95,8.9,217.63,0,1937.67,0
2024-02-29T15:00:00.000Z,29/2/2024,08:30 PM,Thu,0,20,0,31,50,0.156,0,244.48,20,50,0,0,10,0.95,8.8,244.48,0,2150.64,0
2024-02-29T16:00:00.000Z,29/2/2024,09:30 PM,Thu,0,21,0,30,50,0.16,0,234.73,20,50,0,0,10,0.95,9.61,234.73,0,2255.58,0
2024-02-29T17:00:00.000Z,29/2/2024,10:30 PM,Thu,0,22,0,29.2,50,0.163,0,285.89,20,50,0,0,10,0.95,8.36,285.89,0,2391.32,0
2024-02-29T18:00:00.000Z,29/2/2024,11:30 PM,Thu,0,23,0,28.7,50,0.165,0,270.11,20,50,0,0,10,0.95,6.44,270.11,0,1739.15,0
2024-02-29T19:00:00.000Z,1/3/2024,12:30 AM,Fri,0,0,0,28.6,50,0.166,0,113.6,20,50,0,0,10,0.95,5.59,113.6,0,634.99,0
2024-02-29T20:00:00.000Z,1/3/2024,01:30 AM,Fri,0,1,0,28.8,50,0.165,0,88.27,20,50,0,0,10,0.95,6.96,88.27,0,614.2,0
2024-02-29T21:00:00.000Z,1/3/2024,02:30 AM,Fri,0,2,0,29.3,50,0.163,0,102.21,20,50,0,0,10,0.95,6.66,102.21,0,681.11,0
2024-02-29T22:00:00.000Z,1/3/2024,03:30 AM,Fri,0,3,0,30.1,50,0.16,0,103.28,20,50,0,0,10,0.95,6.9,103.28,0,712.57,0
2024-02-29T23:00:00.000Z,1/3/2024,04:30 AM,Fri,0,4,0,31.1,50,0.156,0,107.93,20,50,0,0,10,0.95,5.01,107.93,0,540.52,0
2024-03-01T00:00:00.000Z,1/3/2024,05:30 AM,Fri,0,5,0,32.3,50,0.151,0,90.05,20,50,0,0,10,0.95,5.6,90.05,0,504.5,0
2024-03-01T01:00:00.000Z,1/3/2024,06:30 AM,Fri,0,6,0,33.6,50,0.146,0,195.12,20,50,0,0,10,0.95,9.27,195.12,0,1809.72,0
2024-03-01T02:00:00.000Z,1/3/2024,07:30 AM,Fri,0,7,272,34.9,50,0.14,1.91,187.91,20,50,0,0,10,0.95,8.81,186,0,1637.74,0
2024-03-01T03:00:00.000Z,1/3/2024,08:30 AM,Fri,0,8,530,36.1,50,0.136,3.59,180.99,20,50,0,0,10,0.95,9.16,177.4,0,1625.56,0
2024-03-01T04:00:00.000Z,1/3/2024,09:30 AM,Fri,0,9,895,37.1,50,0.132,5.89,168.46,20,50,0,0,10,0.95,9.94,162.57,0,1615.59,0
2024-03-01T05:00:00.000Z,1/3/2024,10:30 AM,Fri,0,10,862,37.9,50,0.128,5.53,34.94,20,50,0,0,10,0.95,9.33,29.41,0,274.43,0
2024-03-01T06:00:00.000Z,1/3/2024,11:30 AM,Fri,0,11,1213,38.4,50,0.126,7.67,37,20,50,0,0,10,0.95,5.24,29.33,0,153.58,0
2024-03-01T07:00:00.000Z,1/3/2024,12:30 PM,Fri,0,12,1024,38.6,50,0.126,6.43,33.51,20,50,0,0,10,0.95,5.15,27.08,0,139.38,0
2024-03-01T08:00:00.000Z,1/3/2024,01:30 PM,Fri,0,13,1029,38.4,50,0.126,6.5,36.81,20,50,0,0,10,0.95,5.35,30.31,0,162.14,0
2024-03-01T09:00:00.000Z,1/3/2024,02:30 PM,Fri,0,14,884,37.9,50,0.128,5.68,31.24,20,50,0,0,10,0.95,6.39,25.56,0,163.27,0
2024-03-01T10:00:00.000Z,1/3/2024,03:30 PM,Fri,0,15,895,37.1,50,0.132,5.89,39.19,20,50,0,0,10,0.95,5.41,33.3,0,180.01,0
2024-03-01T11:00:00.000Z,1/3/2024,04:30 PM,Fri,0,16,580,36.1,50,0.136,3.93,36.67,20,50,0,0,10,0.95,5.73,32.74,0,187.52,0
2024-03-01T12:00:00.000Z,1/3/2024,05:30 PM,Fri,0,17,311,34.9,50,0.14,2.18,32.13,20,50,0,0,10,0.95,6.53,29.95,0,195.47,0
2024-03-01T13:00:00.000Z,1/3/2024,06:30 PM,Fri,0,18,0,33.6,50,0.146,0,193.76,20,50,0,0,10,0.95,8.02,193.76,0,1553.62,0
2024-03-01T14:00:00.000Z,1/3/2024,07:30 PM,Fri,0,19,0,32.3,50,0.151,0,230.11,20,50,0,0,10,0.95,9.31,230.11,0,2143.3,0
2024-03-01T15:00:00.000Z,1/3/2024,08:30 PM,Fri,0,20,0,31.1,50,0.156,0,233.81,20,50,0,0,10,0.95,9.54,233.81,0,2231.6,0
2024-03-01T16:00:00.000Z,1/3/2024,09:30 PM,Fri,0,21,0,30.1,50,0.16,0,252.98,20,50,0,0,10,0.95,8.13,252.98,0,2057.75,0
2024-03-01T17:00:00.000Z,1/3/2024,10:30 PM,Fri,0,22,0,29.3,50,0.163,0,323.01,20,50,0,0,10,0.95,9.96,323.01,0,3217.85,0
2024-03-01T18:00:00.000Z,1/3/2024,11:30 PM,Fri,0,23,0,28.8,50,0.165,0,290.52,20,50,0,0,10,0.95,5,290.52,0,1453.36,0
2024-03-01T19:00:00.000Z,2/3/2024,12:30 AM,Sat,1,0,0,28.7,50,0.165,0,67.97,20,50,0,0,10,0.95,5.25,67.97,0,356.54,0
2024-03-01T20:00:00.000Z,2/3/2024,01:30 AM,Sat,1,1,0,28.8,50,0.165,0,96.77,20,50,0,0,10,0.95,5.02,96.77,0,485.98,0
2024-03-01T21:00:00.000Z,2/3/2024,02:30 AM,Sat,1,2,0,29.3,50,0.163,0,128.86,20,50,0,0,10,0.95,5.2,128.86,0,669.46,0
2024-03-01T22:00:00.000Z,2/3/2024,03:30 AM,Sat,1,3,0,30.1,50,0.16,0,88.69,20,50,0,0,10,0.95,5.39,88.69,0,478.02,0
2024-03-01T23:00:00.000Z,2/3/2024,04:30 AM,Sat,1,4,0,31.2,50,0.155,0,108.25,20,50,0,0,10,0.95,6.45,108.25,0,698.66,0
2024-03-02T00:00:00.000Z,2/3/2024,05:30 AM,Sat,1,5,0,32.4,50,0.15,0,104.52,20,50,0,0,10,0.95,5.3,104.52,0,553.92,0
2024-03-02T01:00:00.000Z,2/3/2024,06:30 AM,Sat,1,6,0,33.7,50,0.145,0,252.08,20,50,0,0,10,0.95,9.33,252.08,0,2352.21,0
2024-03-02T02:00:00.000Z,2/3/2024,07:30 AM,Sat,1,7,319,35,50,0.14,2.23,210.6,20,50,0,0,10,0.95,9.45,208.37,0,1968.44,0
2024-03-02T03:00:00.000Z,2/3/2024,08:30 AM,Sat,1,8,551,36.2,50,0.135,3.72,211.64,20,50,0,0,10,0.95,9.91,207.92,0,2059.82,0
2024-03-02T04:00:00.000Z,2/3/2024,09:30 AM,Sat,1,9,786,37.2,50,0.131,5.16,204.1,20,50,0,0,10,0.95,9.31,198.94,0,1852.53,0
2024-03-02T05:00:00.000Z,2/3/2024,10:30 AM,Sat,1,10,978,38,50,0.128,6.26,41.91,20,50,0,0,10,0.95,9.4,35.65,0,335.29,0
2024-03-02T06:00:00.000Z,2/3/2024,11:30 AM,Sat,1,11,1246,38.5,50,0.126,7.85,45.44,20,50,0,0,10,0.95,5.73,37.59,0,215.31,0
2024-03-02T07:00:00.000Z,2/3/2024,12:30 PM,Sat,1,12,1254,38.7,50,0.125,7.85,42.25,20,50,0,0,10,0.95,6.23,34.4,0,214.18,0
2024-03-02T08:00:00.000Z,2/3/2024,01:30 PM,Sat,1,13,1105,38.5,50,0.126,6.96,42.24,20,50,0,0,10,0.95,5.51,35.28,0,194.22,0
2024-03-02T09:00:00.000Z,2/3/2024,02:30 PM,Sat,1,14,1036,38,50,0.128,6.63,45.41,20,50,0,0,10,0.95,6.57,38.78,0,254.93,0
2024-03-02T10:00:00.000Z,2/3/2024,03:30 PM,Sat,1,15,701,37.2,50,0.131,4.6,40.68,20,50,0,0,10,0.95,6.25,36.08,0,225.69,0
2024-03-02T11:00:00.000Z,2/3/2024,04:30 PM,Sat,1,16,492,36.2,50,0.135,3.33,42.17,20,50,0,0,10,0.95,5.59,38.84,0,217.18,0
2024-03-02T12:00:00.000Z,2/3/2024,05:30 PM,Sat,1,17,314,35,50,0.14,2.2,38.57,20,50,0,0,10,0.95,5.33,36.37,0,193.78,0
2024-03-02T13:00:00.000Z,2/3/2024,06:30 PM,Sat,1,18,0,33.7,50,0.145,0,278.2,20,50,0,0,10,0.95,9.05,278.2,0,2517.19,0
2024-03-02T14:00:00.000Z,2/3/2024,07:30 PM,Sat,1,19,0,32.4,50,0.15,0,282.08,20,50,0,0,10,0.95,9.82,282.08,0,2769.84,0
2024-03-02T15:00:00.000Z,2/3/2024,08:30 PM,Sat,1,20,0,31.2,50,0.155,0,340.89,20,50,0,0,10,0.95,8.8,340.89,0,3001.19,0
2024-03-02T16:00:00.000Z,2/3/2024,09:30 PM,Sat,1,21,0,30.1,50,0.16,0,288.81,20,50,0,0,10,0.95,8.74,288.81,0,2524.07,0
2024-03-02T17:00:00.000Z,2/3/2024,10:30 PM,Sat,1,22,0,29.3,50,0.163,0,352.83,20,50,0,0,10,0.95,8.84,352.83,0,3120.28,0
2024-03-02T18:00:00.000Z,2/3/2024,11:30 PM,Sat,1,23,0,28.8,50,0.165,0,389.26,20,50,0,0,10,0.95,6.92,389.26,0,2695.39,0
2024-03-02T19:00:00.000Z,3/3/2024,12:30 AM,Sun,1,0,0,28.8,50,0.165,0,71.31,20,50,0,0,10,0.95,6.43,71.31,0,458.47,0
2024-03-02T20:00:00.000Z,3/3/2024,01:30 AM,Sun,1,1,0,28.9,50,0.164,0,88.98,20,50,0,0,10,0.95,6.69,88.98,0,595.03,0
2024-03-02T21:00:00.000Z,3/3/2024,02:30 AM,Sun,1,2,0,29.4,50,0.162,0,111.01,20,50,0,0,10,0.95,6.44,111.01,0,715.19,0
2024-03-02T22:00:00.000Z,3/3/2024,03:30 AM,Sun,1,3,0,30.2,50,0.159,0,98.47,20,50,0,0,10,0.95,6.88,98.47,0,677.91,0
2024-03-02T23:00:00.000Z,3/3/2024,04:30 AM,Sun,1,4,0,31.3,50,0.155,0,108.94,20,50,0,0,10,0.95,6.44,108.94,0,701.16,0
2024-03-03T00:00:00.000Z,3/3/2024,05:30 AM,Sun,1,5,0,32.5,50,0.15,0,103,20,50,0,0,10,0.95,6.65,103,0,684.82,0
2024-03-03T01:00:00.000Z,3/3/2024,06:30 AM,Sun,1,6,0,33.8,50,0.145,0,288.22,20,50,0,0,10,0.95,8.45,288.22,0,2436.43,0
2024-03-03T02:00:00.000Z,3/3/2024,07:30 AM,Sun,1,7,290,35.1,50,0.14,2.02,231.02,20,50,0,0,10,0.95,9.9,229,0,2267.54,0
2024-03-03T03:00:00.000Z,3/3/2024,08:30 AM,Sun,1,8,592,36.3,50,0.135,3.99,188.09,20,50,0,0,10,0.95,8.48,184.1,0,1560.42,0
2024-03-03T04:00:00.000Z,3/3/2024,09:30 AM,Sun,1,9,882,37.3,50,0.131,5.77,229.19,20,50,0,0,10,0.95,8.5,223.42,0,1900.13,0
2024-03-03T05:00:00.000Z,3/3/2024,10:30 AM,Sun,1,10,925,38.1,50,0.128,5.9,44.1,20,50,0,0,10,0.95,8.56,38.2,0,327.05,0
2024-03-03T06:00:00.000Z,3/3/2024,11:30 AM,Sun,1,11,947,38.6,50,0.126,5.95,41.81,20,50,0,0,10,0.95,5.72,35.86,0,205.17,0
2024-03-03T07:00:00.000Z,3/3/2024,12:30 PM,Sun,1,12,1085,38.8,50,0.125,6.77,42.2,20,50,0,0,10,0.95,5.19,35.43,0,183.7,0
2024-03-03T08:00:00.000Z,3/3/2024,01:30 PM,Sun,1,13,1244,38.6,50,0.126,7.81,41.46,20,50,0,0,10,0.95,5.63,33.65,0,189.31,0
2024-03-03T09:00:00.000Z,3/3/2024,02:30 PM,Sun,1,14,976,38.1,50,0.128,6.23,37.11,20,50,0,0,10,0.95,5.91,30.88,0,182.65,0
2024-03-03T10:00:00.000Z,3/3/2024,03:30 PM,Sun,1,15,798,37.3,50,0.131,5.22,48.25,20,50,0,0,10,0.95,6.86,43.03,0,295.37,0
2024-03-03T11:00:00.000Z,3/3/2024,04:30 PM,Sun,1,16,632,36.3,50,0.135,4.26,36.16,20,50,0,0,10,0.95,6.78,31.9,0,216.22,0
2024-03-03T12:00:00.000Z,3/3/2024,05:30 PM,Sun,1,17,323,35.1,50,0.14,2.25,37.95,20,50,0,0,10,0.95,5.9,35.7,0,210.7,0
2024-03-03T13:00:00.000Z,3/3/2024,06:30 PM,Sun,1,18,0,33.8,50,0.145,0,320.45,20,50,0,0,10,0.95,9.58,320.45,0,3069.41,0
2024-03-03T14:00:00.000Z,3/3/2024,07:30 PM,Sun,1,19,0,32.5,50,0.15,0,270.62,20,50,0,0,10,0.95,8.79,270.62,0,2377.77,0
2024-03-03T15:00:00.000Z,3/3/2024,08:30 PM,Sun,1,20,0,31.3,50,0.155,0,271.78,20,50,0,0,10,0.95,9.14,271.78,0,2483.24,0
2024-03-03T16:00:00.000Z,3/3/2024,09:30 PM,Sun,1,21,0,30.2,50,0.159,0,252.44,20,50,0,0,10,0.95,8.37,252.44,0,2113.73,0
2024-03-03T17:00:00.000Z,3/3/2024,10:30 PM,Sun,1,22,0,29.4,50,0.162,0,398.85,20,50,0,0,10,0.95,8.99,398.85,0,3585.23,0
2024-03-03T18:00:00.000Z,3/3/2024,11:30 PM,Sun,1,23,0,28.9,50,0.164,0,325.27,20,50,0,0,10,0.95,5.98,325.27,0,1945.08,0
2024-03-03T19:00:00.000Z,4/3/2024,12:30 AM,Mon,0,0,0,28.8,50,0.165,0,70.58,20,50,0,0,10,0.95,5.35,70.58,0,377.68,0
2024-03-03T20:00:00.000Z,4/3/2024,01:30 AM,Mon,0,1,0,29,50,0.164,0,81.04,20,50,0,0,10,0.95,6.78,81.04,0,549.51,0
2024-03-03T21:00:00.000Z,4/3/2024,02:30 AM,Mon,0,2,0,29.5,50,0.162,0,93.11,20,50,0,0,10,0.95,5.69,93.11,0,529.58,0
2024-03-03T22:00:00.000Z,4/3/2024,03:30 AM,Mon,0,3,0,30.3,50,0.159,0,84.88,20,50,0,0,10,0.95,6.33,84.88,0,537.29,0
2024-03-03T23:00:00.000Z,4/3/2024,04:30 AM,Mon,0,4,0,31.3,50,0.155,0,99.95,20,50,0,0,10,0.95,6.27,99.95,0,626.52,0
2024-03-04T00:00:00.000Z,4/3/2024,05:30 AM,Mon,0,5,0,32.5,50,0.15,0,83.1,20,50,0,0,10,0.95,5.21,83.1,0,433.11,0
2024-03-04T01:00:00.000Z,4/3/2024,06:30 AM,Mon,0,6,0,33.8,50,0.145,0,225.52,20,50,0,0,10,0.95,8.89,225.52,0,2005.82,0
2024-03-04T02:00:00.000Z,4/3/2024,07:30 AM,Mon,0,7,255,35.1,50,0.14,1.78,175.63,20,50,0,0,10,0.95,9.95,173.85,0,1730.35,0
2024-03-04T03:00:00.000Z,4/3/2024,08:30 AM,Mon,0,8,519,36.3,50,0.135,3.5,176.64,20,50,0,0,10,0.95,8.74,173.14,0,1513.79,0
2024-03-04T04:00:00.000Z,4/3/2024,09:30 AM,Mon,0,9,858,37.4,50,0.13,5.59,172.81,20,50,0,0,10,0.95,8.61,167.22,0,1440.04,0
2024-03-04T05:00:00.000Z,4/3/2024,10:30 AM,Mon,0,10,1028,38.2,50,0.127,6.54,32.1,20,50,0,0,10,0.95,8.22,25.56,0,210.21,0
2024-03-04T06:00:00.000Z,4/3/2024,11:30 AM,Mon,0,11,1120,38.7,50,0.125,7.01,33.62,20,50,0,0,10,0.95,5.83,26.61,0,155,0
2024-03-04T07:00:00.000Z,4/3/2024,12:30 PM,Mon,0,12,1054,38.8,50,0.125,6.58,38.04,20,50,0,0,10,0.95,5.66,31.46,0,178.21,0
2024-03-04T08:00:00.000Z,4/3/2024,01:30 PM,Mon,0,13,1276,38.7,50,0.125,7.99,33.77,20,50,0,0,10,0.95,6.87,25.78,0,177.14,0
2024-03-04T09:00:00.000Z,4/3/2024,02:30 PM,Mon,0,14,962,38.2,50,0.127,6.12,38.31,20,50,0,0,10,0.95,5.98,32.19,0,192.65,0
2024-03-04T10:00:00.000Z,4/3/2024,03:30 PM,Mon,0,15,748,37.4,50,0.13,4.88,32.89,20,50,0,0,10,0.95,6.55,28.01,0,183.57,0
2024-03-04T11:00:00.000Z,4/3/2024,04:30 PM,Mon,0,16,567,36.3,50,0.135,3.82,35.86,20,50,0,0,10,0.95,5.05,32.04,0,161.82,0
2024-03-04T12:00:00.000Z,4/3/2024,05:30 PM,Mon,0,17,341,35.1,50,0.14,2.38,32.91,20,50,0,0,10,0.95,6.01,30.53,0,183.56,0
2024-03-04T13:00:00.000Z,4/3/2024,06:30 PM,Mon,0,18,0,33.8,50,0.145,0,248.7,20,50,0,0,10,0.95,8.44,248.7,0,2098.21,0
2024-03-04T14:00:00.000Z,4/3/2024,07:30 PM,Mon,0,19,0,32.5,50,0.15,0,260.23,20,50,0,0,10,0.95,9.13,260.23,0,2377.03,0
2024-03-04T15:00:00.000Z,4/3/2024,08:30 PM,Mon,0,20,0,31.3,50,0.155,0,252.71,20,50,0,0,10,0.95,8.59,252.71,0,2169.9,0
2024-03-04T16:00:00.000Z,4/3/2024,09:30 PM,Mon,0,21,0,30.3,50,0.159,0,223.25,20,50,0,0,10,0.95,8.73,223.25,0,1949.36,0
2024-03-04T17:00:00.000Z,4/3/2024,10:30 PM,Mon,0,22,0,29.5,50,0.162,0,255.67,20,50,0,0,10,0.95,8.34,255.67,0,2132.05,0
2024-03-04T18:00:00.000Z,4/3/2024,11:30 PM,Mon,0,23,0,29,50,0.164,0,288.1,20,50,0,0,10,0.95,5.53,288.1,0,1593.1,0
2024-03-04T19:00:00.000Z,5/3/2024,12:30 AM,Tue,0,0,0,28.9,50,0.164,0,85.18,20,50,0,0,10,0.95,5.26,85.18,0,448.01,0
2024-03-04T20:00:00.000Z,5/3/2024,01:30 AM,Tue,0,1,0,29.1,50,0.164,0,105.92,20,50,0,0,10,0.95,6.13,105.92,0,649.3,0
2024-03-04T21:00:00.000Z,5/3/2024,02:30 AM,Tue,0,2,0,29.6,50,0.162,0,144.17,20,50,0,0,10,0.95,5.88,144.17,0,847.9,0
2024-03-04T22:00:00.000Z,5/3/2024,03:30 AM,Tue,0,3,0,30.4,50,0.158,0,94.64,20,50,0,0,10,0.95,5.45,94.64,0,515.52,0
2024-03-04T23:00:00.000Z,5/3/2024,04:30 AM,Tue,0,4,0,31.4,50,0.154,0,78.46,20,50,0,0,10,0.95,5.48,78.46,0,429.71,0
2024-03-05T00:00:00.000Z,5/3/2024,05:30 AM,Tue,0,5,0,32.6,50,0.15,0,84.11,20,50,0,0,10,0.95,6.32,84.11,0,531.63,0
2024-03-05T01:00:00.000Z,5/3/2024,06:30 AM,Tue,0,6,0,33.9,50,0.144,0,226.17,20,50,0,0,10,0.95,8.25,226.17,0,1866.68,0
2024-03-05T02:00:00.000Z,5/3/2024,07:30 AM,Tue,0,7,335,35.2,50,0.139,2.33,171.33,20,50,0,0,10,0.95,9.37,169,0,1584.34,0
2024-03-05T03:00:00.000Z,5/3/2024,08:30 AM,Tue,0,8,609,36.4,50,0.134,4.09,143.41,20,50,0,0,10,0.95,9.64,139.32,0,1343.14,0
2024-03-05T04:00:00.000Z,5/3/2024,09:30 AM,Tue,0,9,832,37.5,50,0.13,5.41,194.79,20,50,0,0,10,0.95,8.37,189.38,0,1584.39,0
2024-03-05T05:00:00.000Z,5/3/2024,10:30 AM,Tue,0,10,1036,38.2,50,0.127,6.59,37.24,20,50,0,0,10,0.95,8.27,30.65,0,253.33,0
2024-03-05T06:00:00.000Z,5/3/2024,11:30 AM,Tue,0,11,1213,38.7,50,0.125,7.59,33.64,20,50,0,0,10,0.95,6.95,26.05,0,181.15,0
2024-03-05T07:00:00.000Z,5/3/2024,12:30 PM,Tue,0,12,1168,38.9,50,0.124,7.26,31.84,20,50,0,0,10,0.95,6.18,24.58,0,151.85,0
2024-03-05T08:00:00.000Z,5/3/2024,01:30 PM,Tue,0,13,1235,38.7,50,0.125,7.73,35.17,20,50,0,0,10,0.95,6.85,27.44,0,187.89,0
2024-03-05T09:00:00.000Z,5/3/2024,02:30 PM,Tue,0,14,1142,38.2,50,0.127,7.26,36.58,20,50,0,0,10,0.95,5.61,29.32,0,164.54,0
2024-03-05T10:00:00.000Z,5/3/2024,03:30 PM,Tue,0,15,723,37.5,50,0.13,4.7,35.05,20,50,0,0,10,0.95,5.51,30.35,0,167.18,0
2024-03-05T11:00:00.000Z,5/3/2024,04:30 PM,Tue,0,16,573,36.4,50,0.134,3.85,37.14,20,50,0,0,10,0.95,5.1,33.29,0,169.83,0
2024-03-05T12:00:00.000Z,5/3/2024,05:30 PM,Tue,0,17,315,35.2,50,0.139,2.19,32.55,20,50,0,0,10,0.95,5.38,30.36,0,163.35,0
2024-03-05T13:00:00.000Z,5/3/2024,06:30 PM,Tue,0,18,0,33.9,50,0.144,0,271.84,20,50,0,0,10,0.95,9.81,271.84,0,2667.06,0
2024-03-05T14:00:00.000Z,5/3/2024,07:30 PM,Tue,0,19,0,32.6,50,0.15,0,241.12,20,50,0,0,10,0.95,9.96,241.12,0,2401.18,0
2024-03-05T15:00:00.000Z,5/3/2024,08:30 PM,Tue,0,20,0,31.4,50,0.154,0,251.96,20,50,0,0,10,0.95,9.57,251.96,0,2411.43,0
2024-03-05T16:00:00.000Z,5/3/2024,09:30 PM,Tue,0,21,0,30.4,50,0.158,0,219.72,20,50,0,0,10,0.95,9.09,219.72,0,1996.89,0
2024-03-05T17:00:00.000Z,5/3/2024,10:30 PM,Tue,0,22,0,29.6,50,0.162,0,303.33,20,50,0,0,10,0.95,8.33,303.33,0,2527.81,0
2024-03-05T18:00:00.000Z,5/3/2024,11:30 PM,Tue,0,23,0,29.1,50,0.164,0,261.06,20,50,0,0,10,0.95,5.57,261.06,0,1453.2,0
2024-03-05T19:00:00.000Z,6/3/2024,12:30 AM,Wed,0,0,0,29,50,0.164,0,61.53,20,50,0,0,10,0.95,6.35,61.53,0,390.87,0
2024-03-05T20:00:00.000Z,6/3/2024,01:30 AM,Wed,0,1,0,29.2,50,0.163,0,82.47,20,50,0,0,10,0.95,5.88,82.47,0,484.6,0
2024-03-05T21:00:00.000Z,6/3/2024,02:30 AM,Wed,0,2,0,29.7,50,0.161,0,71.92,20,50,0,0,10,0.95,5.93,71.92,0,426.39,0
2024-03-05T22:00:00.000Z,6/3/2024,03:30 AM,Wed,0,3,0,30.5,50,0.158,0,103.26,20,50,0,0,10,0.95,5.94,103.26,0,613.86,0
2024-03-05T23:00:00.000Z,6/3/2024,04:30 AM,Wed,0,4,0,31.5,50,0.154,0,83.16,20,50,0,0,10,0.95,6.44,83.16,0,535.22,0
2024-03-06T00:00:00.000Z,6/3/2024,05:30 AM,Wed,0,5,0,32.7,50,0.149,0,75.06,20,50,0,0,10,0.95,6.18,75.06,0,463.55,0
2024-03-06T01:00:00.000Z,6/3/2024,06:30 AM,Wed,0,6,0,34,50,0.144,0,248.73,20,50,0,0,10,0.95,9.76,248.73,0,2426.46,0
2024-03-06T02:00:00.000Z,6/3/2024,07:30 AM,Wed,0,7,307,35.3,50,0.139,2.13,165.58,20,50,0,0,10,0.95,9.38,163.45,0,1533.92,0
2024-03-06T03:00:00.000Z,6/3/2024,08:30 AM,Wed,0,8,546,36.5,50,0.134,3.66,198.89,20,50,0,0,10,0.95,9.49,195.23,0,1852.72,0
2024-03-06T04:00:00.000Z,6/3/2024,09:30 AM,Wed,0,9,885,37.5,50,0.13,5.75,167.29,20,50,0,0,10,0.95,9.29,161.54,0,1501.23,0
2024-03-06T05:00:00.000Z,6/3/2024,10:30 AM,Wed,0,10,1006,38.3,50,0.127,6.38,33.15,20,50,0,0,10,0.95,8.65,26.77,0,231.46,0
2024-03-06T06:00:00.000Z,6/3/2024,11:30 AM,Wed,0,11,1114,38.8,50,0.125,6.95,33.48,20,50,0,0,10,0.95,6.17,26.53,0,163.73,0
2024-03-06T07:00:00.000Z,6/3/2024,12:30 PM,Wed,0,12,1239,39,50,0.124,7.68,34.74,20,50,0,0,10,0.95,6.45,27.06,0,174.48,0
2024-03-06T08:00:00.000Z,6/3/2024,01:30 PM,Wed,0,13,1266,38.8,50,0.125,7.9,34.02,20,50,0,0,10,0.95,6.33,26.12,0,165.24,0
2024-03-06T09:00:00.000Z,6/3/2024,02:30 PM,Wed,0,14,1139,38.3,50,0.127,7.22,34.67,20,50,0,0,10,0.95,6.1,27.45,0,167.45,0
2024-03-06T10:00:00.000Z,6/3/2024,03:30 PM,Wed,0,15,939,37.5,50,0.13,6.1,37.91,20,50,0,0,10,0.95,5.27,31.81,0,167.65,0
2024-03-06T11:00:00.000Z,6/3/2024,04:30 PM,Wed,0,16,557,36.5,50,0.134,3.73,38.38,20,50,0,0,10,0.95,5.64,34.65,0,195.39,0
2024-03-06T12:00:00.000Z,6/3/2024,05:30 PM,Wed,0,17,278,35.3,50,0.139,1.93,34.85,20,50,0,0,10,0.95,6.68,32.92,0,219.99,0
2024-03-06T13:00:00.000Z,6/3/2024,06:30 PM,Wed,0,18,0,34,50,0.144,0,227.92,20,50,0,0,10,0.95,8.99,227.92,0,2048.58,0
2024-03-06T14:00:00.000Z,6/3/2024,07:30 PM,Wed,0,19,0,32.7,50,0.149,0,249.48,20,50,0,0,10,0.95,9.42,249.48,0,2351.04,0
2024-03-06T15:00:00.000Z,6/3/2024,08:30 PM,Wed,0,20,0,31.5,50,0.154,0,227.19,20,50,0,0,10,0.95,9.21,227.19,0,2091.52,0
2024-03-06T16:00:00.000Z,6/3/2024,09:30 PM,Wed,0,21,0,30.5,50,0.158,0,255.12,20,50,0,0,10,0.95,9.96,255.12,0,2541.65,0
2024-03-06T17:00:00.000Z,6/3/2024,10:30 PM,Wed,0,22,0,29.7,50,0.161,0,273.01,20,50,0,0,10,0.95,8.24,273.01,0,2248.74,0
2024-03-06T18:00:00.000Z,6/3/2024,11:30 PM,Wed,0,23,0,29.2,50,0.163,0,270.14,20,50,0,0,10,0.95,5.28,270.14,0,1425.73,0
2024-03-06T19:00:00.000Z,7/3/2024,12:30 AM,Thu,0,0,0,29.1,50,0.164,0,91.58,20,50,0,0,10,0.95,5.99,91.58,0,548.96,0
2024-03-06T20:00:00.000Z,7/3/2024,01:30 AM,Thu,0,1,0,29.2,50,0.163,0,111.62,20,50,0,0,10,0.95,5.19,111.62,0,579.32,0
2024-03-06T21:00:00.000Z,7/3/2024,02:30 AM,Thu,0,2,0,29.7,50,0.161,0,85.17,20,50,0,0,10,0.95,5.16,85.17,0,439.38,0
2024-03-06T22:00:00.000Z,7/3/2024,03:30 AM,Thu,0,3,0,30.5,50,0.158,0,98.95,20,50,0,0,10,0.95,6.47,98.95,0,640.65,0
2024-03-06T23:00:00.000Z,7/3/2024,04:30 AM,Thu,0,4,0,31.6,50,0.154,0,59.95,20,50,0,0,10,0.95,5.12,59.95,0,306.7,0
2024-03-07T00:00:00.000Z,7/3/2024,05:30 AM,Thu,0,5,0,32.8,50,0.149,0,102.5,20,50,0,0,10,0.95,6.03,102.5,0,617.81,0
2024-03-07T01:00:00.000Z,7/3/2024,06:30 AM,Thu,0,6,0,34.1,50,0.144,0,197.33,20,50,0,0,10,0.95,8.67,197.33,0,1710.8,0
2024-03-07T02:00:00.000Z,7/3/2024,07:30 AM,Thu,0,7,334,35.4,50,0.138,2.31,192.66,20,50,0,0,10,0.95,8.32,190.35,0,1584.04,0
2024-03-07T03:00:00.000Z,7/3/2024,08:30 AM,Thu,0,8,634,36.6,50,0.134,4.24,157.96,20,50,0,0,10,0.95,8.85,153.72,0,1360.03,0
2024-03-07T04:00:00.000Z,7/3/2024,09:30 AM,Thu,0,9,780,37.6,50,0.13,5.05,179.76,20,50,0,0,10,0.95,8.04,174.71,0,1404.81,0
2024-03-07T05:00:00.000Z,7/3/2024,10:30 AM,Thu,0,10,1144,38.4,50,0.126,7.23,37.29,20,50,0,0,10,0.95,8.48,30.06,0,254.76,0
2024-03-07T06:00:00.000Z,7/3/2024,11:30 AM,Thu,0,11,1088,38.9,50,0.124,6.77,36.53,20,50,0,0,10,0.95,6.84,29.76,0,203.55,0
2024-03-07T07:00:00.000Z,7/3/2024,12:30 PM,Thu,0,12,1247,39.1,50,0.124,7.71,33.64,20,50,0,0,10,0.95,5.17,25.93,0,134.07,0
2024-03-07T08:00:00.000Z,7/3/2024,01:30 PM,Thu,0,13,1033,38.9,50,0.124,6.43,41.08,20,50,0,0,10,0.95,5.89,34.65,0,204.21,0
2024-03-07T09:00:00.000Z,7/3/2024,02:30 PM,Thu,0,14,1001,38.4,50,0.126,6.33,34.82,20,50,0,0,10,0.95,5.55,28.49,0,158.07,0
2024-03-07T10:00:00.000Z,7/3/2024,03:30 PM,Thu,0,15,902,37.6,50,0.13,5.84,33.77,20,50,0,0,10,0.95,6.98,27.93,0,194.95,0
2024-03-07T11:00:00.000Z,7/3/2024,04:30 PM,Thu,0,16,624,36.6,50,0.134,4.17,30.38,20,50,0,0,10,0.95,5.56,26.21,0,145.79,0
2024-03-07T12:00:00.000Z,7/3/2024,05:30 PM,Thu,0,17,286,35.4,50,0.138,1.98,31.69,20,50,0,0,10,0.95,5.85,29.71,0,173.94,0
2024-03-07T13:00:00.000Z,7/3/2024,06:30 PM,Thu,0,18,0,34.1,50,0.144,0,233.07,20,50,0,0,10,0.95,9.7,233.07,0,2260.65,0
2024-03-07T14:00:00.000Z,7/3/2024,07:30 PM,Thu,0,19,0,32.8,50,0.149,0,243.82,20,50,0,0,10,0.95,8.41,243.82,0,2050.16,0
2024-03-07T15:00:00.000Z,7/3/2024,08:30 PM,Thu,0,20,0,31.6,50,0.154,0,260.89,20,50,0,0,10,0.95,8.8,260.89,0,2295.73,0
2024-03-07T16:00:00.000Z,7/3/2024,09:30 PM,Thu,0,21,0,30.5,50,0.158,0,281.38,20,50,0,0,10,0.95,9.19,281.38,0,2584.92,0
2024-03-07T17:00:00.000Z,7/3/2024,10:30 PM,Thu,0,22,0,29.7,50,0.161,0,289.2,20,50,0,0,10,0.95,9.88,289.2,0,2856.53,0
2024-03-07T18:00:00.000Z,7/3/2024,11:30 PM,Thu,0,23,0,29.2,50,0.163,0,277.33,20,50,0,0,10,0.95,5.15,277.33,0,1427.68,0
2024-03-07T19:00:00.000Z,8/3/2024,12:30 AM,Fri,0,0,0,29.1,50,0.164,0,92.59,20,50,0,0,10,0.95,5.48,92.59,0,507.54,0
2024-03-07T20:00:00.000Z,8/3/2024,01:30 AM,Fri,0,1,0,29.3,50,0.163,0,77.6,20,50,0,0,10,0.95,5.52,77.6,0,428.48,0
2024-03-07T21:00:00.000Z,8/3/2024,02:30 AM,Fri,0,2,0,29.8,50,0.161,0,119.09,20,50,0,0,10,0.95,5.8,119.09,0,690.39,0
2024-03-07T22:00:00.000Z,8/3/2024,03:30 AM,Fri,0,3,0,30.6,50,0.158,0,74.43,20,50,0,0,10,0.95,5.23,74.43,0,389.11,0
2024-03-07T23:00:00.000Z,8/3/2024,04:30 AM,Fri,0,4,0,31.6,50,0.154,0,94.63,20,50,0,0,10,0.95,6.03,94.63,0,570.33,0
2024-03-08T00:00:00.000Z,8/3/2024,05:30 AM,Fri,0,5,0,32.8,50,0.149,0,84.64,20,50,0,0,10,0.95,5.17,84.64,0,437.22,0
2024-03-08T01:00:00.000Z,8/3/2024,06:30 AM,Fri,0,6,0,34.1,50,0.144,0,219.48,20,50,0,0,10,0.95,9.89,219.48,0,2170.95,0
2024-03-08T02:00:00.000Z,8/3/2024,07:30 AM,Fri,0,7,273,35.4,50,0.138,1.89,181.41,20,50,0,0,10,0.95,9.07,179.52,0,1628.08,0
2024-03-08T03:00:00.000Z,8/3/2024,08:30 AM,Fri,0,8,655,36.6,50,0.134,4.38,199.8,20,50,0,0,10,0.95,8.39,195.42,0,1638.76,0
2024-03-08T04:00:00.000Z,8/3/2024,09:30 AM,Fri,0,9,710,37.7,50,0.129,4.59,185.68,20,50,0,0,10,0.95,9.99,181.09,0,1809.39,0
2024-03-08T05:00:00.000Z,8/3/2024,10:30 AM,Fri,0,10,960,38.5,50,0.126,6.05,35.17,20,50,0,0,10,0.95,9.6,29.12,0,279.65,0
2024-03-08T06:00:00.000Z,8/3/2024,11:30 AM,Fri,0,11,1199,39,50,0.124,7.43,35.98,20,50,0,0,10,0.95,5.3,28.55,0,151.24,0
2024-03-08T07:00:00.000Z,8/3/2024,12:30 PM,Fri,0,12,1303,39.1,50,0.124,8.05,33.43,20,50,0,0,10,0.95,6.21,25.38,0,157.62,0
2024-03-08T08:00:00.000Z,8/3/2024,01:30 PM,Fri,0,13,1187,39,50,0.124,7.36,37.81,20,50,0,0,10,0.95,6.75,30.45,0,205.52,0
2024-03-08T09:00:00.000Z,8/3/2024,02:30 PM,Fri,0,14,1155,38.5,50,0.126,7.28,30.11,20,50,0,0,10,0.95,6.05,22.83,0,138.05,0
2024-03-08T10:00:00.000Z,8/3/2024,03:30 PM,Fri,0,15,744,37.7,50,0.129,4.81,34.66,20,50,0,0,10,0.95,5.96,29.85,0,177.79,0
2024-03-08T11:00:00.000Z,8/3/2024,04:30 PM,Fri,0,16,567,36.6,50,0.134,3.79,35.43,20,50,0,0,10,0.95,5.64,31.64,0,178.57,0
2024-03-08T12:00:00.000Z,8/3/2024,05:30 PM,Fri,0,17,345,35.4,50,0.138,2.39,37.74,20,50,0,0,10,0.95,6.85,35.35,0,242.27,0
2024-03-08T13:00:00.000Z,8/3/2024,06:30 PM,Fri,0,18,0,34.1,50,0.144,0,240.98,20,50,0,0,10,0.95,9.67,240.98,0,2329.87,0
2024-03-08T14:00:00.000Z,8/3/2024,07:30 PM,Fri,0,19,0,32.8,50,0.149,0,241.46,20,50,0,0,10,0.95,8.83,241.46,0,2133.12,0
2024-03-08T15:00:00.000Z,8/3/2024,08:30 PM,Fri,0,20,0,31.6,50,0.154,0,217.1,20,50,0,0,10,0.95,8.73,217.1,0,1896.25,0
2024-03-08T16:00:00.000Z,8/3/2024,09:30 PM,Fri,0,21,0,30.6,50,0.158,0,239.37,20,50,0,0,10,0.95,8.21,239.37,0,1964.47,0
2024-03-08T17:00:00.000Z,8/3/2024,10:30 PM,Fri,0,22,0,29.8,50,0.161,0,260.78,20,50,0,0,10,0.95,8.46,260.78,0,2206.58,0
2024-03-08T18:00:00.000Z,8/3/2024,11:30 PM,Fri,0,23,0,29.3,50,0.163,0,232.76,20,50,0,0,10,0.95,6.09,232.76,0,1417.91,0
2024-03-08T19:00:00.000Z,9/3/2024,12:30 AM,Sat,1,0,0,29.2,50,0.163,0,91.67,20,50,0,0,10,0.95,6.06,91.67,0,555.37,0
2024-03-08T20:00:00.000Z,9/3/2024,01:30 AM,Sat,1,1,0,29.4,50,0.162,0,94.05,20,50,0,0,10,0.95,5.81,94.05,0,546.43,0
2024-03-08T21:00:00.000Z,9/3/2024,02:30 AM,Sat,1,2,0,29.9,50,0.16,0,107.83,20,50,0,0,10,0.95,5.43,107.83,0,585.28,0
2024-03-08T22:00:00.000Z,9/3/2024,03:30 AM,Sat,1,3,0,30.7,50,0.157,0,90.48,20,50,0,0,10,0.95,5.39,90.48,0,487.25,0
2024-03-08T23:00:00.000Z,9/3/2024,04:30 AM,Sat,1,4,0,31.7,50,0.153,0,95.76,20,50,0,0,10,0.95,5.76,95.76,0,551.54,0
2024-03-09T00:00:00.000Z,9/3/2024,05:30 AM,Sat,1,5,0,32.9,50,0.148,0,102.48,20,50,0,0,10,0.95,5.18,102.48,0,530.63,0
2024-03-09T01:00:00.000Z,9/3/2024,06:30 AM,Sat,1,6,0,34.2,50,0.143,0,256.4,20,50,0,0,10,0.95,8.13,256.4,0,2083.4,0
2024-03-09T02:00:00.000Z,9/3/2024,07:30 AM,Sat,1,7,271,35.5,50,0.138,1.87,177.99,20,50,0,0,10,0.95,8.14,176.12,0,1434.21,0
2024-03-09T03:00:00.000Z,9/3/2024,08:30 AM,Sat,1,8,533,36.7,50,0.133,3.55,210.4,20,50,0,0,10,0.95,9.92,206.85,0,2052.37,0
2024-03-09T04:00:00.000Z,9/3/2024,09:30 AM,Sat,1,9,747,37.7,50,0.129,4.83,210.08,20,50,0,0,10,0.95,9.77,205.25,0,2005.79,0
2024-03-09T05:00:00.000Z,9/3/2024,10:30 AM,Sat,1,10,885,38.5,50,0.126,5.58,41.61,20,50,0,0,10,0.95,8.11,36.03,0,292.21,0
2024-03-09T06:00:00.000Z,9/3/2024,11:30 AM,Sat,1,11,1231,39,50,0.124,7.63,39.84,20,50,0,0,10,0.95,6.66,32.21,0,214.58,0
2024-03-09T07:00:00.000Z,9/3/2024,12:30 PM,Sat,1,12,1291,39.2,50,0.123,7.95,45.25,20,50,0,0,10,0.95,5.88,37.3,0,219.46,0
2024-03-09T08:00:00.000Z,9/3/2024,01:30 PM,Sat,1,13,1091,39,50,0.124,6.76,43.57,20,50,0,0,10,0.95,5.86,36.81,0,215.82,0
2024-03-09T09:00:00.000Z,9/3/2024,02:30 PM,Sat,1,14,1108,38.5,50,0.126,6.98,37.24,20,50,0,0,10,0.95,6.27,30.26,0,189.61,0
2024-03-09T10:00:00.000Z,9/3/2024,03:30 PM,Sat,1,15,843,37.7,50,0.129,5.45,42.27,20,50,0,0,10,0.95,6.83,36.82,0,251.58,0
2024-03-09T11:00:00.000Z,9/3/2024,04:30 PM,Sat,1,16,501,36.7,50,0.133,3.34,44.28,20,50,0,0,10,0.95,5.94,40.94,0,243.26,0
2024-03-09T12:00:00.000Z,9/3/2024,05:30 PM,Sat,1,17,293,35.5,50,0.138,2.02,45.37,20,50,0,0,10,0.95,6.69,43.35,0,289.83,0
2024-03-09T13:00:00.000Z,9/3/2024,06:30 PM,Sat,1,18,0,34.2,50,0.143,0,299.13,20,50,0,0,10,0.95,9.27,299.13,0,2773.73,0
2024-03-09T14:00:00.000Z,9/3/2024,07:30 PM,Sat,1,19,0,32.9,50,0.148,0,254.79,20,50,0,0,10,0.95,8.25,254.79,0,2101.75,0
2024-03-09T15:00:00.000Z,9/3/2024,08:30 PM,Sat,1,20,0,31.7,50,0.153,0,281.22,20,50,0,0,10,0.95,9.66,281.22,0,2717.17,0
2024-03-09T16:00:00.000Z,9/3/2024,09:30 PM,Sat,1,21,0,30.7,50,0.157,0,252.49,20,50,0,0,10,0.95,9.32,252.49,0,2353.9,0
2024-03-09T17:00:00.000Z,9/3/2024,10:30 PM,Sat,1,22,0,29.9,50,0.16,0,331.8,20,50,0,0,10,0.95,8.22,331.8,0,2726.3,0
2024-03-09T18:00:00.000Z,9/3/2024,11:30 PM,Sat,1,23,0,29.4,50,0.162,0,300,20,50,0,0,10,0.95,5.53,300,0,1660.31,0
2024-03-09T19:00:00.000Z,10/3/2024,12:30 AM,Sun,1,0,0,29.3,50,0.163,0,117.66,20,50,0,0,10,0.95,5.56,117.66,0,654,0
2024-03-09T20:00:00.000Z,10/3/2024,01:30 AM,Sun,1,1,0,29.4,50,0.162,0,81.25,20,50,0,0,10,0.95,6.6,81.25,0,536.57,0
2024-03-09T21:00:00.000Z,10/3/2024,02:30 AM,Sun,1,2,0,29.9,50,0.16,0,102,20,50,0,0,10,0.95,6.41,102,0,653.72,0
2024-03-09T22:00:00.000Z,10/3/2024,03:30 AM,Sun,1,3,0,30.7,50,0.157,0,83.91,20,50,0,0,10,0.95,6.08,83.91,0,510.42,0
2024-03-09T23:00:00.000Z,10/3/2024,04:30 AM,Sun,1,4,0,31.8,50,0.153,0,114.39,20,50,0,0,10,0.95,5.53,114.39,0,632.31,0
2024-03-10T00:00:00.000Z,10/3/2024,05:30 AM,Sun,1,5,0,33,50,0.148,0,114.57,20,50,0,0,10,0.95,6.05,114.57,0,693.51,0
2024-03-10T01:00:00.000Z,10/3/2024,06:30 AM,Sun,1,6,0,34.3,50,0.143,0,241.24,20,50,0,0,10,0.95,9.08,241.24,0,2191.32,0
2024-03-10T02:00:00.000Z,10/3/2024,07:30 AM,Sun,1,7,262,35.6,50,0.138,1.8,212.69,20,50,0,0,10,0.95,9.61,210.89,0,2025.66,0
2024-03-10T03:00:00.000Z,10/3/2024,08:30 AM,Sun,1,8,661,36.8,50,0.133,4.39,194.13,20,50,0,0,10,0.95,9.27,189.74,0,1758.7,0
2024-03-10T04:00:00.000Z,10/3/2024,09:30 AM,Sun,1,9,789,37.8,50,0.129,5.08,253.29,20,50,0,0,10,0.95,9.4,248.21,0,2332.85,0
2024-03-10T05:00:00.000Z,10/3/2024,10:30 AM,Sun,1,10,1034,38.6,50,0.126,6.49,46.62,20,50,0,0,10,0.95,9.65,40.13,0,387.41,0
2024-03-10T06:00:00.000Z,10/3/2024,11:30 AM,Sun,1,11,987,39.1,50,0.124,6.1,39.91,20,50,0,0,10,0.95,6.04,33.81,0,204.36,0
2024-03-10T07:00:00.000Z,10/3/2024,12:30 PM,Sun,1,12,1274,39.3,50,0.123,7.82,44.39,20,50,0,0,10,0.95,6.29,36.57,0,229.83,0
2024-03-10T08:00:00.000Z,10/3/2024,01:30 PM,Sun,1,13,1207,39.1,50,0.124,7.46,46.28,20,50,0,0,10,0.95,6.69,38.82,0,259.55,0
2024-03-10T09:00:00.000Z,10/3/2024,02:30 PM,Sun,1,14,1101,38.6,50,0.126,6.91,45.02,20,50,0,0,10,0.95,6.77,38.11,0,258.15,0
2024-03-10T10:00:00.000Z,10/3/2024,03:30 PM,Sun,1,15,898,37.8,50,0.129,5.78,42.19,20,50,0,0,10,0.95,5.07,36.41,0,184.71,0
2024-03-10T11:00:00.000Z,10/3/2024,04:30 PM,Sun,1,16,600,36.8,50,0.133,3.98,46.93,20,50,0,0,10,0.95,5.97,42.95,0,256.18,0
2024-03-10T12:00:00.000Z,10/3/2024,05:30 PM,Sun,1,17,331,35.6,50,0.138,2.28,42.87,20,50,0,0,10,0.95,6.29,40.59,0,255.41,0
2024-03-10T13:00:00.000Z,10/3/2024,06:30 PM,Sun,1,18,0,34.3,50,0.143,0,279.64,20,50,0,0,10,0.95,8.86,279.64,0,2477.75,0
2024-03-10T14:00:00.000Z,10/3/2024,07:30 PM,Sun,1,19,0,33,50,0.148,0,303.68,20,50,0,0,10,0.95,8.51,303.68,0,2584.94,0
2024-03-10T15:00:00.000Z,10/3/2024,08:30 PM,Sun,1,20,0,31.8,50,0.153,0,293.14,20,50,0,0,10,0.95,8.33,293.14,0,2441.49,0
2024-03-10T16:00:00.000Z,10/3/2024,09:30 PM,Sun,1,21,0,30.7,50,0.157,0,334.33,20,50,0,0,10,0.95,8.18,334.33,0,2735.61,0
2024-03-10T17:00:00.000Z,10/3/2024,10:30 PM,Sun,1,22,0,29.9,50,0.16,0,328.05,20,50,0,0,10,0.95,8.88,328.05,0,2913.47,0
2024-03-10T18:00:00.000Z,10/3/2024,11:30 PM,Sun,1,23,0,29.4,50,0.162,0,306.38,20,50,0,0,10,0.95,6.53,306.38,0,2000.85,0
2024-03-10T19:00:00.000Z,11/3/2024,12:30 AM,Mon,0,0,0,29.3,50,0.163,0,87.4,20,50,0,0,10,0.95,5.96,87.4,0,520.64,0
2024-03-10T20:00:00.000Z,11/3/2024,01:30 AM,Mon,0,1,0,29.5,50,0.162,0,106.17,20,50,0,0,10,0.95,5.32,106.17,0,564.47,0
2024-03-10T21:00:00.000Z,11/3/2024,02:30 AM,Mon,0,2,0,30,50,0.16,0,98,20,50,0,0,10,0.95,5.71,98,0,559.77,0
2024-03-10T22:00:00.000Z,11/3/2024,03:30 AM,Mon,0,3,0,30.8,50,0.157,0,89.95,20,50,0,0,10,0.95,5.96,89.95,0,535.72,0
2024-03-10T23:00:00.000Z,11/3/2024,04:30 AM,Mon,0,4,0,31.8,50,0.153,0,70.06,20,50,0,0,10,0.95,6.49,70.06,0,454.54,0
2024-03-11T00:00:00.000Z,11/3/2024,05:30 AM,Mon,0,5,0,33,50,0.148,0,74.82,20,50,0,0,10,0.95,5.57,74.82,0,416.5,0
2024-03-11T01:00:00.000Z,11/3/2024,06:30 AM,Mon,0,6,0,34.3,50,0.143,0,234.33,20,50,0,0,10,0.95,8.93,234.33,0,2092.79,0
2024-03-11T02:00:00.000Z,11/3/2024,07:30 AM,Mon,0,7,302,35.6,50,0.138,2.08,128.73,20,50,0,0,10,0.95,8.99,126.65,0,1138.83,0
2024-03-11T03:00:00.000Z,11/3/2024,08:30 AM,Mon,0,8,629,36.8,50,0.133,4.18,163.33,20,50,0,0,10,0.95,9.64,159.15,0,1534.75,0
2024-03-11T04:00:00.000Z,11/3/2024,09:30 AM,Mon,0,9,933,37.9,50,0.128,5.99,157.25,20,50,0,0,10,0.95,8.35,151.26,0,1262.52,0
2024-03-11T05:00:00.000Z,11/3/2024,10:30 AM,Mon,0,10,933,38.7,50,0.125,5.84,29.36,20,50,0,0,10,0.95,9.88,23.52,0,232.43,0
2024-03-11T06:00:00.000Z,11/3/2024,11:30 AM,Mon,0,11,1165,39.2,50,0.123,7.18,36.14,20,50,0,0,10,0.95,6.46,28.96,0,187.02,0
2024-03-11T07:00:00.000Z,11/3/2024,12:30 PM,Mon,0,12,1062,39.3,50,0.123,6.52,34.86,20,50,0,0,10,0.95,6.54,28.34,0,185.31,0
2024-03-11T08:00:00.000Z,11/3/2024,01:30 PM,Mon,0,13,1223,39.2,50,0.123,7.53,34.67,20,50,0,0,10,0.95,6.53,27.14,0,177.3,0
2024-03-11T09:00:00.000Z,11/3/2024,02:30 PM,Mon,0,14,1034,38.7,50,0.125,6.47,35.21,20,50,0,0,10,0.95,5.84,28.74,0,167.77,0
2024-03-11T10:00:00.000Z,11/3/2024,03:30 PM,Mon,0,15,748,37.9,50,0.128,4.8,31.79,20,50,0,0,10,0.95,5.71,26.99,0,154.03,0
2024-03-11T11:00:00.000Z,11/3/2024,04:30 PM,Mon,0,16,526,36.8,50,0.133,3.49,35.88,20,50,0,0,10,0.95,5.5,32.39,0,178.25,0
2024-03-11T12:00:00.000Z,11/3/2024,05:30 PM,Mon,0,17,292,35.6,50,0.138,2.01,33.45,20,50,0,0,10,0.95,6.97,31.44,0,219.09,0
2024-03-11T13:00:00.000Z,11/3/2024,06:30 PM,Mon,0,18,0,34.3,50,0.143,0,255.91,20,50,0,0,10,0.95,9.21,255.91,0,2357.97,0
2024-03-11T14:00:00.000Z,11/3/2024,07:30 PM,Mon,0,19,0,33,50,0.148,0,242.96,20,50,0,0,10,0.95,8.92,242.96,0,2167.4,0
2024-03-11T15:00:00.000Z,11/3/2024,08:30 PM,Mon,0,20,0,31.8,50,0.153,0,242.81,20,50,0,0,10,0.95,9.13,242.81,0,2217,0
2024-03-11T16:00:00.000Z,11/3/2024,09:30 PM,Mon,0,21,0,30.8,50,0.157,0,261.18,20,50,0,0,10,0.95,8.48,261.18,0,2215.01,0
2024-03-11T17:00:00.000Z,11/3/2024,10:30 PM,Mon,0,22,0,30,50,0.16,0,268.77,20,50,0,0,10,0.95,9.99,268.77,0,2684.44,0
2024-03-11T18:00:00.000Z,11/3/2024,11:30 PM,Mon,0,23,0,29.5,50,0.162,0,290.06,20,50,0,0,10,0.95,6.25,290.06,0,1812.82,0
2024-03-11T19:00:00.000Z,12/3/2024,12:30 AM,Tue,0,0,0,29.4,50,0.162,0,65.7,20,50,0,0,10,0.95,5.71,65.7,0,375.19,0
2024-03-11T20:00:00.000Z,12/3/2024,01:30 AM,Tue,0,1,0,29.6,50,0.162,0,89.07,20,50,0,0,10,0.95,6.94,89.07,0,618.2,0
2024-03-11T21:00:00.000Z,12/3/2024,02:30 AM,Tue,0,2,0,30.1,50,0.16,0,111.62,20,50,0,0,10,0.95,5.58,111.62,0,622.77,0
2024-03-11T22:00:00.000Z,12/3/2024,03:30 AM,Tue,0,3,0,30.9,50,0.156,0,86.22,20,50,0,0,10,0.95,5.23,86.22,0,450.97,0
2024-03-11T23:00:00.000Z,12/3/2024,04:30 AM,Tue,0,4,0,31.9,50,0.152,0,112.73,20,50,0,0,10,0.95,6.54,112.73,0,737.55,0
2024-03-12T00:00:00.000Z,12/3/2024,05:30 AM,Tue,0,5,0,33.1,50,0.148,0,92.35,20,50,0,0,10,0.95,5.72,92.35,0,528.25,0
2024-03-12T01:00:00.000Z,12/3/2024,06:30 AM,Tue,0,6,0,34.4,50,0.142,0,217.12,20,50,0,0,10,0.95,8.69,217.12,0,1886.49,0
2024-03-12T02:00:00.000Z,12/3/2024,07:30 AM,Tue,0,7,300,35.7,50,0.137,2.06,184.39,20,50,0,0,10,0.95,9.96,182.33,0,1815.88,0
2024-03-12T03:00:00.000Z,12/3/2024,08:30 AM,Tue,0,8,601,36.9,50,0.132,3.98,168.18,20,50,0,0,10,0.95,9.79,164.2,0,1607.46,0
2024-03-12T04:00:00.000Z,12/3/2024,09:30 AM,Tue,0,9,790,37.9,50,0.128,5.07,199.63,20,50,0,0,10,0.95,8.21,194.56,0,1597.52,0
2024-03-12T05:00:00.000Z,12/3/2024,10:30 AM,Tue,0,10,1023,38.7,50,0.125,6.4,38.04,20,50,0,0,10,0.95,8.02,31.64,0,253.59,0
2024-03-12T06:00:00.000Z,12/3/2024,11:30 AM,Tue,0,11,1225,39.2,50,0.123,7.55,40.19,20,50,0,0,10,0.95,6.8,32.64,0,222.12,0
2024-03-12T07:00:00.000Z,12/3/2024,12:30 PM,Tue,0,12,1248,39.4,50,0.122,7.64,32.03,20,50,0,0,10,0.95,5.37,24.39,0,130.9,0
2024-03-12T08:00:00.000Z,12/3/2024,01:30 PM,Tue,0,13,1304,39.2,50,0.123,8.03,32.88,20,50,0,0,10,0.95,5.03,24.85,0,124.9,0
2024-03-12T09:00:00.000Z,12/3/2024,02:30 PM,Tue,0,14,922,38.7,50,0.125,5.77,32.58,20,50,0,0,10,0.95,6.28,26.81,0,168.48,0
2024-03-12T10:00:00.000Z,12/3/2024,03:30 PM,Tue,0,15,922,37.9,50,0.128,5.92,37.57,20,50,0,0,10,0.95,5.71,31.65,0,180.85,0
2024-03-12T11:00:00.000Z,12/3/2024,04:30 PM,Tue,0,16,598,36.9,50,0.132,3.96,32.62,20,50,0,0,10,0.95,5.89,28.66,0,168.72,0
2024-03-12T12:00:00.000Z,12/3/2024,05:30 PM,Tue,0,17,321,35.7,50,0.137,2.2,36.83,20,50,0,0,10,0.95,6.24,34.63,0,215.96,0
2024-03-12T13:00:00.000Z,12/3/2024,06:30 PM,Tue,0,18,0,34.4,50,0.142,0,243.89,20,50,0,0,10,0.95,9.71,243.89,0,2369.14,0
2024-03-12T14:00:00.000Z,12/3/2024,07:30 PM,Tue,0,19,0,33.1,50,0.148,0,248.41,20,50,0,0,10,0.95,9.04,248.41,0,2244.83,0
2024-03-12T15:00:00.000Z,12/3/2024,08:30 PM,Tue,0,20,0,31.9,50,0.152,0,222.44,20,50,0,0,10,0.95,9.22,222.44,0,2051.51,0
2024-03-12T16:00:00.000Z,12/3/2024,09:30 PM,Tue,0,21,0,30.9,50,0.156,0,279.29,20,50,0,0,10,0.95,9.7,279.29,0,2708,0
2024-03-12T17:00:00.000Z,12/3/2024,10:30 PM,Tue,0,22,0,30.1,50,0.16,0,266.76,20,50,0,0,10,0.95,8.91,266.76,0,2377.3,0
2024-03-12T18:00:00.000Z,12/3/2024,11:30 PM,Tue,0,23,0,29.6,50,0.162,0,270.28,20,50,0,0,10,0.95,6.55,270.28,0,1770.93,0
2024-03-12T19:00:00.000Z,13/3/2024,12:30 AM,Wed,0,0,0,29.5,50,0.162,0,87,20,50,0,0,10,0.95,6.56,87,0,570.49,0
2024-03-12T20:00:00.000Z,13/3/2024,01:30 AM,Wed,0,1,0,29.6,50,0.162,0,103.16,20,50,0,0,10,0.95,6.1,103.16,0,629.34,0
2024-03-12T21:00:00.000Z,13/3/2024,02:30 AM,Wed,0,2,0,30.1,50,0.16,0,97.1,20,50,0,0,10,0.95,6.51,97.1,0,631.64,0
2024-03-12T22:00:00.000Z,13/3/2024,03:30 AM,Wed,0,3,0,30.9,50,0.156,0,89.67,20,50,0,0,10,0.95,5.29,89.67,0,474.45,0
2024-03-12T23:00:00.000Z,13/3/2024,04:30 AM,Wed,0,4,0,32,50,0.152,0,109.33,20,50,0,0,10,0.95,5.42,109.33,0,592.59,0
2024-03-13T00:00:00.000Z,13/3/2024,05:30 AM,Wed,0,5,0,33.2,50,0.147,0,101.29,20,50,0,0,10,0.95,6.99,101.29,0,708.16,0
2024-03-13T01:00:00.000Z,13/3/2024,06:30 AM,Wed,0,6,0,34.5,50,0.142,0,216.25,20,50,0,0,10,0.95,9.38,216.25,0,2029.33,0
2024-03-13T02:00:00.000Z,13/3/2024,07:30 AM,Wed,0,7,285,35.8,50,0.137,1.95,158.75,20,50,0,0,10,0.95,9,156.8,0,1411.52,0
2024-03-13T03:00:00.000Z,13/3/2024,08:30 AM,Wed,0,8,520,37,50,0.132,3.43,172.01,20,50,0,0,10,0.95,9.57,168.58,0,1613.15,0
2024-03-13T04:00:00.000Z,13/3/2024,09:30 AM,Wed,0,9,715,38,50,0.128,4.58,161.4,20,50,0,0,10,0.95,9.76,156.82,0,1531.3,0
2024-03-13T05:00:00.000Z,13/3/2024,10:30 AM,Wed,0,10,1066,38.8,50,0.125,6.65,36.12,20,50,0,0,10,0.95,8.29,29.47,0,244.36,0
2024-03-13T06:00:00.000Z,13/3/2024,11:30 AM,Wed,0,11,1187,39.3,50,0.123,7.29,35.11,20,50,0,0,10,0.95,6.93,27.82,0,192.75,0
2024-03-13T07:00:00.000Z,13/3/2024,12:30 PM,Wed,0,12,1225,39.5,50,0.122,7.47,34.93,20,50,0,0,10,0.95,6.9,27.46,0,189.41,0
2024-03-13T08:00:00.000Z,13/3/2024,01:30 PM,Wed,0,13,973,39.3,50,0.123,5.97,32.82,20,50,0,0,10,0.95,6.9,26.85,0,185.2,0
2024-03-13T09:00:00.000Z,13/3/2024,02:30 PM,Wed,0,14,1138,38.8,50,0.125,7.1,33.83,20,50,0,0,10,0.95,5.12,26.73,0,136.84,0
2024-03-13T10:00:00.000Z,13/3/2024,03:30 PM,Wed,0,15,903,38,50,0.128,5.78,41.66,20,50,0,0,10,0.95,5.15,35.88,0,184.78,0
2024-03-13T11:00:00.000Z,13/3/2024,04:30 PM,Wed,0,16,659,37,50,0.132,4.35,31.87,20,50,0,0,10,0.95,6.5,27.52,0,178.79,0
2024-03-13T12:00:00.000Z,13/3/2024,05:30 PM,Wed,0,17,264,35.8,50,0.137,1.81,39.8,20,50,0,0,10,0.95,6.45,37.99,0,244.94,0
2024-03-13T13:00:00.000Z,13/3/2024,06:30 PM,Wed,0,18,0,34.5,50,0.142,0,238.42,20,50,0,0,10,0.95,9.02,238.42,0,2150.32,0
2024-03-13T14:00:00.000Z,13/3/2024,07:30 PM,Wed,0,19,0,33.2,50,0.147,0,243.3,20,50,0,0,10,0.95,9.68,243.3,0,2354.73,0
2024-03-13T15:00:00.000Z,13/3/2024,08:30 PM,Wed,0,20,0,32,50,0.152,0,276.42,20,50,0,0,10,0.95,8.54,276.42,0,2360.58,0
2024-03-13T16:00:00.000Z,13/3/2024,09:30 PM,Wed,0,21,0,30.9,50,0.156,0,280.64,20,50,0,0,10,0.95,8.51,280.64,0,2388.35,0
2024-03-13T17:00:00.000Z,13/3/2024,10:30 PM,Wed,0,22,0,30.1,50,0.16,0,233.57,20,50,0,0,10,0.95,9.76,233.57,0,2279.59,0
2024-03-13T18:00:00.000Z,13/3/2024,11:30 PM,Wed,0,23,0,29.6,50,0.162,0,259.16,20,50,0,0,10,0.95,5.27,259.16,0,1366.14,0
2024-03-13T19:00:00.000Z,14/3/2024,12:30 AM,Thu,0,0,0,29.5,50,0.162,0,80.34,20,50,0,0,10,0.95,5.7,80.34,0,457.61,0
2024-03-13T20:00:00.000Z,14/3/2024,01:30 AM,Thu,0,1,0,29.7,50,0.161,0,93.04,20,50,0,0,10,0.95,6.85,93.04,0,637.47,0
2024-03-13T21:00:00.000Z,14/3/2024,02:30 AM,Thu,0,2,0,30.2,50,0.159,0,69.76,20,50,0,0,10,0.95,5.52,69.76,0,384.95,0
2024-03-13T22:00:00.000Z,14/3/2024,03:30 AM,Thu,0,3,0,31,50,0.156,0,107.21,20,50,0,0,10,0.95,5.56,107.21,0,595.68,0
2024-03-13T23:00:00.000Z,14/3/2024,04:30 AM,Thu,0,4,0,32,50,0.152,0,88.47,20,50,0,0,10,0.95,6.43,88.47,0,568.69,0
2024-03-14T00:00:00.000Z,14/3/2024,05:30 AM,Thu,0,5,0,33.2,50,0.147,0,74.54,20,50,0,0,10,0.95,6.28,74.54,0,468.2,0
2024-03-14T01:00:00.000Z,14/3/2024,06:30 AM,Thu,0,6,0,34.5,50,0.142,0,251.58,20,50,0,0,10,0.95,9,251.58,0,2265.48,0
2024-03-14T02:00:00.000Z,14/3/2024,07:30 AM,Thu,0,7,289,35.8,50,0.137,1.98,187.97,20,50,0,0,10,0.95,9.38,185.99,0,1743.89,0
2024-03-14T03:00:00.000Z,14/3/2024,08:30 AM,Thu,0,8,554,37,50,0.132,3.66,181.43,20,50,0,0,10,0.95,8.59,177.77,0,1527.5,0
2024-03-14T04:00:00.000Z,14/3/2024,09:30 AM,Thu,0,9,727,38,50,0.128,4.65,170.33,20,50,0,0,10,0.95,9.77,165.68,0,1618.14,0
2024-03-14T05:00:00.000Z,14/3/2024,10:30 AM,Thu,0,10,882,38.8,50,0.125,5.5,36.06,20,50,0,0,10,0.95,8.25,30.56,0,251.99,0
2024-03-14T06:00:00.000Z,14/3/2024,11:30 AM,Thu,0,11,1066,39.3,50,0.123,6.55,39.76,20,50,0,0,10,0.95,6.05,33.21,0,200.8,0
2024-03-14T07:00:00.000Z,14/3/2024,12:30 PM,Thu,0,12,1303,39.5,50,0.122,7.95,40.32,20,50,0,0,10,0.95,5.47,32.37,0,176.99,0
2024-03-14T08:00:00.000Z,14/3/2024,01:30 PM,Thu,0,13,1282,39.3,50,0.123,7.87,34.33,20,50,0,0,10,0.95,6.54,26.46,0,173,0
2024-03-14T09:00:00.000Z,14/3/2024,02:30 PM,Thu,0,14,886,38.8,50,0.125,5.53,32.19,20,50,0,0,10,0.95,5.18,26.66,0,138.01,0
2024-03-14T10:00:00.000Z,14/3/2024,03:30 PM,Thu,0,15,926,38,50,0.128,5.93,38.46,20,50,0,0,10,0.95,5.72,32.53,0,186.21,0
2024-03-14T11:00:00.000Z,14/3/2024,04:30 PM,Thu,0,16,517,37,50,0.132,3.41,36.8,20,50,0,0,10,0.95,5.88,33.39,0,196.47,0
2024-03-14T12:00:00.000Z,14/3/2024,05:30 PM,Thu,0,17,311,35.8,50,0.137,2.13,31.98,20,50,0,0,10,0.95,6.74,29.85,0,201.34,0
2024-03-14T13:00:00.000Z,14/3/2024,06:30 PM,Thu,0,18,0,34.5,50,0.142,0,220.35,20,50,0,0,10,0.95,8.17,220.35,0,1799.68,0
2024-03-14T14:00:00.000Z,14/3/2024,07:30 PM,Thu,0,19,0,33.2,50,0.147,0,267.41,20,50,0,0,10,0.95,8.02,267.41,0,2144.72,0
2024-03-14T15:00:00.000Z,14/3/2024,08:30 PM,Thu,0,20,0,32,50,0.152,0,253.63,20,50,0,0,10,0.95,8.69,253.63,0,2204.18,0
2024-03-14T16:00:00.000Z,14/3/2024,09:30 PM,Thu,0,21,0,31,50,0.156,0,227.83,20,50,0,0,10,0.95,9.75,227.83,0,2220.61,0
2024-03-14T17:00:00.000Z,14/3/2024,10:30 PM,Thu,0,22,0,30.2,50,0.159,0,287.96,20,50,0,0,10,0.95,8.38,287.96,0,2413.77,0
2024-03-14T18:00:00.000Z,14/3/2024,11:30 PM,Thu,0,23,0,29.7,50,0.161,0,275.59,20,50,0,0,10,0.95,5.63,275.59,0,1552.47,0
2024-03-14T19:00:00.000Z,15/3/2024,12:30 AM,Fri,0,0,0,29.6,50,0.162,0,69.75,20,50,0,0,10,0.95,6.38,69.75,0,445.27,0
2024-03-14T20:00:00.000Z,15/3/2024,01:30 AM,Fri,0,1,0,29.7,50,0.161,0,100.18,20,50,0,0,10,0.95,6.84,100.18,0,685.43,0
2024-03-14T21:00:00.000Z,15/3/2024,02:30 AM,Fri,0,2,0,30.2,50,0.159,0,113.66,20,50,0,0,10,0.95,6.55,113.66,0,744.71,0
2024-03-14T22:00:00.000Z,15/3/2024,03:30 AM,Fri,0,3,0,31,50,0.156,0,87.49,20,50,0,0,10,0.95,6.47,87.49,0,566.02,0
2024-03-14T23:00:00.000Z,15/3/2024,04:30 AM,Fri,0,4,0,32.1,50,0.152,0,107.61,20,50,0,0,10,0.95,5.7,107.61,0,613.78,0
2024-03-15T00:00:00.000Z,15/3/2024,05:30 AM,Fri,0,5,0,33.3,50,0.147,0,77.81,20,50,0,0,10,0.95,5.37,77.81,0,417.69,0
2024-03-15T01:00:00.000Z,15/3/2024,06:30 AM,Fri,0,6,0,34.6,50,0.142,0,241.39,20,50,0,0,10,0.95,9.68,241.39,0,2335.62,0
2024-03-15T02:00:00.000Z,15/3/2024,07:30 AM,Fri,0,7,270,35.9,50,0.136,1.84,175.71,20,50,0,0,10,0.95,8.77,173.87,0,1524.1,0
2024-03-15T03:00:00.000Z,15/3/2024,08:30 AM,Fri,0,8,619,37.1,50,0.132,4.07,185.36,20,50,0,0,10,0.95,9.82,181.29,0,1780.5,0
2024-03-15T04:00:00.000Z,15/3/2024,09:30 AM,Fri,0,9,768,38.1,50,0.128,4.9,185.73,20,50,0,0,10,0.95,8.47,180.83,0,1531.43,0
2024-03-15T05:00:00.000Z,15/3/2024,10:30 AM,Fri,0,10,1062,38.9,50,0.124,6.61,37.07,20,50,0,0,10,0.95,9.07,30.46,0,276.37,0
2024-03-15T06:00:00.000Z,15/3/2024,11:30 AM,Fri,0,11,1124,39.4,50,0.122,6.88,34.11,20,50,0,0,10,0.95,5.29,27.23,0,144.11,0
2024-03-15T07:00:00.000Z,15/3/2024,12:30 PM,Fri,0,12,1154,39.6,50,0.122,7.02,34.48,20,50,0,0,10,0.95,6.95,27.46,0,190.99,0
2024-03-15T08:00:00.000Z,15/3/2024,01:30 PM,Fri,0,13,1125,39.4,50,0.122,6.89,29.73,20,50,0,0,10,0.95,5.78,22.85,0,132.11,0
2024-03-15T09:00:00.000Z,15/3/2024,02:30 PM,Fri,0,14,1138,38.9,50,0.124,7.08,34.61,20,50,0,0,10,0.95,6.96,27.53,0,191.73,0
2024-03-15T10:00:00.000Z,15/3/2024,03:30 PM,Fri,0,15,922,38.1,50,0.128,5.88,33.1,20,50,0,0,10,0.95,6.05,27.22,0,164.62,0
2024-03-15T11:00:00.000Z,15/3/2024,04:30 PM,Fri,0,16,514,37.1,50,0.132,3.38,30.94,20,50,0,0,10,0.95,5.48,27.56,0,150.96,0
2024-03-15T12:00:00.000Z,15/3/2024,05:30 PM,Fri,0,17,280,35.9,50,0.136,1.91,36.12,20,50,0,0,10,0.95,5.46,34.21,0,186.63,0
2024-03-15T13:00:00.000Z,15/3/2024,06:30 PM,Fri,0,18,0,34.6,50,0.142,0,247.34,20,50,0,0,10,0.95,9.29,247.34,0,2297.72,0
2024-03-15T14:00:00.000Z,15/3/2024,07:30 PM,Fri,0,19,0,33.3,50,0.147,0,242.2,20,50,0,0,10,0.95,9.32,242.2,0,2257.96,0
2024-03-15T15:00:00.000Z,15/3/2024,08:30 PM,Fri,0,20,0,32.1,50,0.152,0,258.62,20,50,0,0,10,0.95,8.91,258.62,0,2304.27,0
2024-03-15T16:00:00.000Z,15/3/2024,09:30 PM,Fri,0,21,0,31,50,0.156,0,234.99,20,50,0,0,10,0.95,9.68,234.99,0,2275.29,0
2024-03-15T17:00:00.000Z,15/3/2024,10:30 PM,Fri,0,22,0,30.2,50,0.159,0,328.96,20,50,0,0,10,0.95,9.7,328.96,0,3190.75,0
2024-03-15T18:00:00.000Z,15/3/2024,11:30 PM,Fri,0,23,0,29.7,50,0.161,0,278.45,20,50,0,0,10,0.95,6.74,278.45,0,1877.5,0
2024-03-15T19:00:00.000Z,16/3/2024,12:30 AM,Sat,1,0,0,29.6,50,0.162,0,95.77,20,50,0,0,10,0.95,5.66,95.77,0,541.78,0
2024-03-15T20:00:00.000Z,16/3/2024,01:30 AM,Sat,1,1,0,29.8,50,0.161,0,99.03,20,50,0,0,10,0.95,5.73,99.03,0,567.27,0
2024-03-15T21:00:00.000Z,16/3/2024,02:30 AM,Sat,1,2,0,30.3,50,0.159,0,87.22,20,50,0,0,10,0.95,5.64,87.22,0,491.65,0
2024-03-15T22:00:00.000Z,16/3/2024,03:30 AM,Sat,1,3,0,31.1,50,0.156,0,94.87,20,50,0,0,10,0.95,6.98,94.87,0,662.52,0
2024-03-15T23:00:00.000Z,16/3/2024,04:30 AM,Sat,1,4,0,32.1,50,0.152,0,98.62,20,50,0,0,10,0.95,6.14,98.62,0,605.44,0
2024-03-16T00:00:00.000Z,16/3/2024,05:30 AM,Sat,1,5,0,33.3,50,0.147,0,117.47,20,50,0,0,10,0.95,6.09,117.47,0,715.54,0
2024-03-16T01:00:00.000Z,16/3/2024,06:30 AM,Sat,1,6,0,34.6,50,0.142,0,249.09,20,50,0,0,10,0.95,9.91,249.09,0,2468.86,0
2024-03-16T02:00:00.000Z,16/3/2024,07:30 AM,Sat,1,7,343,35.9,50,0.136,2.34,207.09,20,50,0,0,10,0.95,9.71,204.75,0,1987.39,0
2024-03-16T03:00:00.000Z,16/3/2024,08:30 AM,Sat,1,8,556,37.1,50,0.132,3.66,218.54,20,50,0,0,10,0.95,8,214.88,0,1719.71,0
2024-03-16T04:00:00.000Z,16/3/2024,09:30 AM,Sat,1,9,923,38.1,50,0.128,5.89,201.35,20,50,0,0,10,0.95,8.35,195.46,0,1631.15,0
2024-03-16T05:00:00.000Z,16/3/2024,10:30 AM,Sat,1,10,983,38.9,50,0.124,6.11,44.31,20,50,0,0,10,0.95,9.59,38.2,0,366.39,0
2024-03-16T06:00:00.000Z,16/3/2024,11:30 AM,Sat,1,11,1145,39.4,50,0.122,7.01,40.92,20,50,0,0,10,0.95,6.31,33.91,0,214,0
2024-03-16T07:00:00.000Z,16/3/2024,12:30 PM,Sat,1,12,1119,39.6,50,0.122,6.8,41.66,20,50,0,0,10,0.95,5.24,34.86,0,182.6,0
2024-03-16T08:00:00.000Z,16/3/2024,01:30 PM,Sat,1,13,1282,39.4,50,0.122,7.85,44.97,20,50,0,0,10,0.95,5.34,37.12,0,198.28,0
2024-03-16T09:00:00.000Z,16/3/2024,02:30 PM,Sat,1,14,1150,38.9,50,0.124,7.15,44.48,20,50,0,0,10,0.95,6.11,37.33,0,227.98,0
2024-03-16T10:00:00.000Z,16/3/2024,03:30 PM,Sat,1,15,910,38.1,50,0.128,5.81,42.78,20,50,0,0,10,0.95,5.27,36.97,0,194.72,0
2024-03-16T11:00:00.000Z,16/3/2024,04:30 PM,Sat,1,16,574,37.1,50,0.132,3.78,34.41,20,50,0,0,10,0.95,6.4,30.63,0,196.07,0
2024-03-16T12:00:00.000Z,16/3/2024,05:30 PM,Sat,1,17,287,35.9,50,0.136,1.96,38.87,20,50,0,0,10,0.95,6.69,36.91,0,247.1,0
2024-03-16T13:00:00.000Z,16/3/2024,06:30 PM,Sat,1,18,0,34.6,50,0.142,0,309,20,50,0,0,10,0.95,9.06,309,0,2799.37,0
2024-03-16T14:00:00.000Z,16/3/2024,07:30 PM,Sat,1,19,0,33.3,50,0.147,0,276.23,20,50,0,0,10,0.95,8.46,276.23,0,2337.46,0
2024-03-16T15:00:00.000Z,16/3/2024,08:30 PM,Sat,1,20,0,32.1,50,0.152,0,282.48,20,50,0,0,10,0.95,9.4,282.48,0,2655.34,0
2024-03-16T16:00:00.000Z,16/3/2024,09:30 PM,Sat,1,21,0,31.1,50,0.156,0,329.9,20,50,0,0,10,0.95,9.41,329.9,0,3105.32,0
2024-03-16T17:00:00.000Z,16/3/2024,10:30 PM,Sat,1,22,0,30.3,50,0.159,0,366.86,20,50,0,0,10,0.95,8.47,366.86,0,3107.96,0
2024-03-16T18:00:00.000Z,16/3/2024,11:30 PM,Sat,1,23,0,29.8,50,0.161,0,321.95,20,50,0,0,10,0.95,6.25,321.95,0,2010.75,0
2024-03-16T19:00:00.000Z,17/3/2024,12:30 AM,Sun,1,0,0,29.7,50,0.161,0,97.65,20,50,0,0,10,0.95,6.67,97.65,0,651,0
2024-03-16T20:00:00.000Z,17/3/2024,01:30 AM,Sun,1,1,0,29.8,50,0.161,0,120.61,20,50,0,0,10,0.95,6.85,120.61,0,826.54,0
2024-03-16T21:00:00.000Z,17/3/2024,02:30 AM,Sun,1,2,0,30.3,50,0.159,0,68.28,20,50,0,0,10,0.95,6.38,68.28,0,435.5,0
2024-03-16T22:00:00.000Z,17/3/2024,03:30 AM,Sun,1,3,0,31.1,50,0.156,0,94.13,20,50,0,0,10,0.95,5.53,94.13,0,520.21,0
2024-03-16T23:00:00.000Z,17/3/2024,04:30 AM,Sun,1,4,0,32.2,50,0.151,0,121.53,20,50,0,0,10,0.95,5.52,121.53,0,671.43,0
2024-03-17T00:00:00.000Z,17/3/2024,05:30 AM,Sun,1,5,0,33.4,50,0.146,0,96.9,20,50,0,0,10,0.95,5.29,96.9,0,512.68,0
2024-03-17T01:00:00.000Z,17/3/2024,06:30 AM,Sun,1,6,0,34.7,50,0.141,0,224.05,20,50,0,0,10,0.95,8.65,224.05,0,1937.67,0
2024-03-17T02:00:00.000Z,17/3/2024,07:30 AM,Sun,1,7,267,36,50,0.136,1.82,241.9,20,50,0,0,10,0.95,9.12,240.08,0,2189.1,0
2024-03-17T03:00:00.000Z,17/3/2024,08:30 AM,Sun,1,8,611,37.2,50,0.131,4.01,208.51,20,50,0,0,10,0.95,8.26,204.5,0,1688.89,0
2024-03-17T04:00:00.000Z,17/3/2024,09:30 AM,Sun,1,9,921,38.2,50,0.127,5.86,165.02,20,50,0,0,10,0.95,8.79,159.16,0,1398.68,0
2024-03-17T05:00:00.000Z,17/3/2024,10:30 AM,Sun,1,10,1081,39,50,0.124,6.7,48.37,20,50,0,0,10,0.95,9.98,41.67,0,415.84,0
2024-03-17T06:00:00.000Z,17/3/2024,11:30 AM,Sun,1,11,1162,39.5,50,0.122,7.09,45.27,20,50,0,0,10,0.95,5.29,38.18,0,202.01,0
2024-03-17T07:00:00.000Z,17/3/2024,12:30 PM,Sun,1,12,1149,39.7,50,0.121,6.96,44.93,20,50,0,0,10,0.95,5.35,37.97,0,203.02,0
2024-03-17T08:00:00.000Z,17/3/2024,01:30 PM,Sun,1,13,1213,39.5,50,0.122,7.4,49.16,20,50,0,0,10,0.95,5.13,41.76,0,214.25,0
2024-03-17T09:00:00.000Z,17/3/2024,02:30 PM,Sun,1,14,1177,39,50,0.124,7.3,46.65,20,50,0,0,10,0.95,6.14,39.35,0,241.77,0
2024-03-17T10:00:00.000Z,17/3/2024,03:30 PM,Sun,1,15,822,38.2,50,0.127,5.23,40.43,20,50,0,0,10,0.95,6.95,35.2,0,244.78,0
2024-03-17T11:00:00.000Z,17/3/2024,04:30 PM,Sun,1,16,653,37.2,50,0.131,4.28,43.8,20,50,0,0,10,0.95,6.43,39.52,0,253.9,0
2024-03-17T12:00:00.000Z,17/3/2024,05:30 PM,Sun,1,17,316,36,50,0.136,2.15,44.07,20,50,0,0,10,0.95,5.21,41.92,0,218.55,0
2024-03-17T13:00:00.000Z,17/3/2024,06:30 PM,Sun,1,18,0,34.7,50,0.141,0,273.81,20,50,0,0,10,0.95,9.61,273.81,0,2631.42,0
2024-03-17T14:00:00.000Z,17/3/2024,07:30 PM,Sun,1,19,0,33.4,50,0.146,0,261.73,20,50,0,0,10,0.95,9.33,261.73,0,2440.75,0
2024-03-17T15:00:00.000Z,17/3/2024,08:30 PM,Sun,1,20,0,32.2,50,0.151,0,324.92,20,50,0,0,10,0.95,8.33,324.92,0,2706.8,0
2024-03-17T16:00:00.000Z,17/3/2024,09:30 PM,Sun,1,21,0,31.1,50,0.156,0,292.61,20,50,0,0,10,0.95,8.04,292.61,0,2353.47,0
2024-03-17T17:00:00.000Z,17/3/2024,10:30 PM,Sun,1,22,0,30.3,50,0.159,0,321.24,20,50,0,0,10,0.95,8.14,321.24,0,2615.95,0
2024-03-17T18:00:00.000Z,17/3/2024,11:30 PM,Sun,1,23,0,29.8,50,0.161,0,326.7,20,50,0,0,10,0.95,6.92,326.7,0,2260,0
2024-03-17T19:00:00.000Z,18/3/2024,12:30 AM,Mon,0,0,0,29.7,50,0.161,0,81.04,20,50,0,0,10,0.95,6.93,81.04,0,561.22,0
2024-03-17T20:00:00.000Z,18/3/2024,01:30 AM,Mon,0,1,0,29.9,50,0.16,0,108.54,20,50,0,0,10,0.95,6.48,108.54,0,703.39,0
2024-03-17T21:00:00.000Z,18/3/2024,02:30 AM,Mon,0,2,0,30.4,50,0.158,0,79.08,20,50,0,0,10,0.95,5.67,79.08,0,448.31,0
2024-03-17T22:00:00.000Z,18/3/2024,03:30 AM,Mon,0,3,0,31.2,50,0.155,0,73.7,20,50,0,0,10,0.95,5.26,73.7,0,387.49,0
2024-03-17T23:00:00.000Z,18/3/2024,04:30 AM,Mon,0,4,0,32.2,50,0.151,0,93.55,20,50,0,0,10,0.95,6.53,93.55,0,610.96,0
2024-03-18T00:00:00.000Z,18/3/2024,05:30 AM,Mon,0,5,0,33.4,50,0.146,0,94.23,20,50,0,0,10,0.95,5.71,94.23,0,538.48,0
2024-03-18T01:00:00.000Z,18/3/2024,06:30 AM,Mon,0,6,0,34.7,50,0.141,0,224.64,20,50,0,0,10,0.95,9.57,224.64,0,2149.8,0
2024-03-18T02:00:00.000Z,18/3/2024,07:30 AM,Mon,0,7,331,36,50,0.136,2.25,173.16,20,50,0,0,10,0.95,9.34,170.91,0,1596.9,0
2024-03-18T03:00:00.000Z,18/3/2024,08:30 AM,Mon,0,8,540,37.2,50,0.131,3.54,170.94,20,50,0,0,10,0.95,8.27,167.4,0,1384.54,0
2024-03-18T04:00:00.000Z,18/3/2024,09:30 AM,Mon,0,9,741,38.2,50,0.127,4.71,174.06,20,50,0,0,10,0.95,9.91,169.35,0,1678.49,0
2024-03-18T05:00:00.000Z,18/3/2024,10:30 AM,Mon,0,10,1066,39,50,0.124,6.61,37.18,20,50,0,0,10,0.95,9.97,30.57,0,304.79,0
2024-03-18T06:00:00.000Z,18/3/2024,11:30 AM,Mon,0,11,1245,39.5,50,0.122,7.59,37.52,20,50,0,0,10,0.95,5.74,29.93,0,171.74,0
2024-03-18T07:00:00.000Z,18/3/2024,12:30 PM,Mon,0,12,1326,39.7,50,0.121,8.04,35.69,20,50,0,0,10,0.95,5.79,27.65,0,159.99,0
2024-03-18T08:00:00.000Z,18/3/2024,01:30 PM,Mon,0,13,1119,39.5,50,0.122,6.83,29.43,20,50,0,0,10,0.95,6.78,22.6,0,153.3,0
2024-03-18T09:00:00.000Z,18/3/2024,02:30 PM,Mon,0,14,1009,39,50,0.124,6.26,39.53,20,50,0,0,10,0.95,5.73,33.27,0,190.73,0
2024-03-18T10:00:00.000Z,18/3/2024,03:30 PM,Mon,0,15,822,38.2,50,0.127,5.23,32.42,20,50,0,0,10,0.95,6.73,27.19,0,183,0
2024-03-18T11:00:00.000Z,18/3/2024,04:30 PM,Mon,0,16,660,37.2,50,0.131,4.33,30.38,20,50,0,0,10,0.95,6.38,26.05,0,166.31,0
2024-03-18T12:00:00.000Z,18/3/2024,05:30 PM,Mon,0,17,325,36,50,0.136,2.21,32.55,20,50,0,0,10,0.95,6.06,30.34,0,183.83,0
2024-03-18T13:00:00.000Z,18/3/2024,06:30 PM,Mon,0,18,0,34.7,50,0.141,0,246.68,20,50,0,0,10,0.95,8.14,246.68,0,2008.18,0
2024-03-18T14:00:00.000Z,18/3/2024,07:30 PM,Mon,0,19,0,33.4,50,0.146,0,239.49,20,50,0,0,10,0.95,9.34,239.49,0,2236.65,0
2024-03-18T15:00:00.000Z,18/3/2024,08:30 PM,Mon,0,20,0,32.2,50,0.151,0,212.17,20,50,0,0,10,0.95,9.5,212.17,0,2015.32,0
2024-03-18T16:00:00.000Z,18/3/2024,09:30 PM,Mon,0,21,0,31.2,50,0.155,0,234.48,20,50,0,0,10,0.95,9.7,234.48,0,2274.63,0
2024-03-18T17:00:00.000Z,18/3/2024,10:30 PM,Mon,0,22,0,30.4,50,0.158,0,256.51,20,50,0,0,10,0.95,8.3,256.51,0,2129.44,0
2024-03-18T18:00:00.000Z,18/3/2024,11:30 PM,Mon,0,23,0,29.9,50,0.16,0,252.99,20,50,0,0,10,0.95,5.26,252.99,0,1330.02,0
2024-03-18T19:00:00.000Z,19/3/2024,12:30 AM,Tue,0,0,0,29.7,50,0.161,0,62.74,20,50,0,0,10,0.95,5.93,62.74,0,371.75,0
2024-03-18T20:00:00.000Z,19/3/2024,01:30 AM,Tue,0,1,0,29.9,50,0.16,0,104.92,20,50,0,0,10,0.95,6.33,104.92,0,663.73,0
2024-03-18T21:00:00.000Z,19/3/2024,02:30 AM,Tue,0,2,0,30.4,50,0.158,0,80.27,20,50,0,0,10,0.95,6.69,80.27,0,537.21,0
2024-03-18T22:00:00.000Z,19/3/2024,03:30 AM,Tue,0,3,0,31.2,50,0.155,0,120.25,20,50,0,0,10,0.95,5.43,120.25,0,652.83,0
2024-03-18T23:00:00.000Z,19/3/2024,04:30 AM,Tue,0,4,0,32.2,50,0.151,0,123.03,20,50,0,0,10,0.95,6.06,123.03,0,745.5,0
2024-03-19T00:00:00.000Z,19/3/2024,05:30 AM,Tue,0,5,0,33.4,50,0.146,0,67.67,20,50,0,0,10,0.95,5.57,67.67,0,377.17,0
2024-03-19T01:00:00.000Z,19/3/2024,06:30 AM,Tue,0,6,0,34.7,50,0.141,0,212.37,20,50,0,0,10,0.95,9.5,212.37,0,2018.18,0
2024-03-19T02:00:00.000Z,19/3/2024,07:30 AM,Tue,0,7,347,36,50,0.136,2.36,185.61,20,50,0,0,10,0.95,8.18,183.25,0,1499.84,0
2024-03-19T03:00:00.000Z,19/3/2024,08:30 AM,Tue,0,8,528,37.2,50,0.131,3.46,174.77,20,50,0,0,10,0.95,9.03,171.31,0,1546.4,0
2024-03-19T04:00:00.000Z,19/3/2024,09:30 AM,Tue,0,9,760,38.3,50,0.127,4.82,174.36,20,50,0,0,10,0.95,8.82,169.54,0,1495.47,0
2024-03-19T05:00:00.000Z,19/3/2024,10:30 AM,Tue,0,10,1136,39.1,50,0.124,7.02,34.73,20,50,0,0,10,0.95,9.04,27.71,0,250.63,0
2024-03-19T06:00:00.000Z,19/3/2024,11:30 AM,Tue,0,11,1084,39.6,50,0.122,6.59,36.27,20,50,0,0,10,0.95,5.69,29.68,0,168.94,0
2024-03-19T07:00:00.000Z,19/3/2024,12:30 PM,Tue,0,12,1078,39.7,50,0.121,6.53,36.46,20,50,0,0,10,0.95,5.31,29.93,0,158.8,0
2024-03-19T08:00:00.000Z,19/3/2024,01:30 PM,Tue,0,13,1108,39.6,50,0.122,6.74,32.19,20,50,0,0,10,0.95,6.7,25.45,0,170.57,0
2024-03-19T09:00:00.000Z,19/3/2024,02:30 PM,Tue,0,14,1104,39.1,50,0.124,6.82,35.81,20,50,0,0,10,0.95,5.81,28.99,0,168.41,0
2024-03-19T10:00:00.000Z,19/3/2024,03:30 PM,Tue,0,15,859,38.3,50,0.127,5.45,30.72,20,50,0,0,10,0.95,6.65,25.27,0,167.99,0
2024-03-19T11:00:00.000Z,19/3/2024,04:30 PM,Tue,0,16,515,37.2,50,0.131,3.38,30.48,20,50,0,0,10,0.95,6.19,27.1,0,167.76,0
2024-03-19T12:00:00.000Z,19/3/2024,05:30 PM,Tue,0,17,295,36,50,0.136,2.01,34.02,20,50,0,0,10,0.95,5.01,32.01,0,160.31,0
2024-03-19T13:00:00.000Z,19/3/2024,06:30 PM,Tue,0,18,0,34.7,50,0.141,0,225.27,20,50,0,0,10,0.95,8.78,225.27,0,1976.91,0
2024-03-19T14:00:00.000Z,19/3/2024,07:30 PM,Tue,0,19,0,33.4,50,0.146,0,247.79,20,50,0,0,10,0.95,8.09,247.79,0,2003.39,0
2024-03-19T15:00:00.000Z,19/3/2024,08:30 PM,Tue,0,20,0,32.2,50,0.151,0,248.26,20,50,0,0,10,0.95,8.76,248.26,0,2173.82,0
2024-03-19T16:00:00.000Z,19/3/2024,09:30 PM,Tue,0,21,0,31.2,50,0.155,0,231.24,20,50,0,0,10,0.95,9.44,231.24,0,2183.2,0
2024-03-19T17:00:00.000Z,19/3/2024,10:30 PM,Tue,0,22,0,30.4,50,0.158,0,283.27,20,50,0,0,10,0.95,8.7,283.27,0,2464.02,0
2024-03-19T18:00:00.000Z,19/3/2024,11:30 PM,Tue,0,23,0,29.9,50,0.16,0,259.46,20,50,0,0,10,0.95,6.11,259.46,0,1584.37,0
2024-03-19T19:00:00.000Z,20/3/2024,12:30 AM,Wed,0,0,0,29.8,50,0.161,0,73.54,20,50,0,0,10,0.95,6.21,73.54,0,457.01,0
2024-03-19T20:00:00.000Z,20/3/2024,01:30 AM,Wed,0,1,0,29.9,50,0.16,0,97.2,20,50,0,0,10,0.95,5.46,97.2,0,530.67,0
2024-03-19T21:00:00.000Z,20/3/2024,02:30 AM,Wed,0,2,0,30.4,50,0.158,0,67.12,20,50,0,0,10,0.95,6.64,67.12,0,445.48,0
2024-03-19T22:00:00.000Z,20/3/2024,03:30 AM,Wed,0,3,0,31.2,50,0.155,0,93.45,20,50,0,0,10,0.95,6.37,93.45,0,595.53,0
2024-03-19T23:00:00.000Z,20/3/2024,04:30 AM,Wed,0,4,0,32.3,50,0.151,0,100.46,20,50,0,0,10,0.95,5.21,100.46,0,523.01,0
2024-03-20T00:00:00.000Z,20/3/2024,05:30 AM,Wed,0,5,0,33.5,50,0.146,0,99.46,20,50,0,0,10,0.95,6.07,99.46,0,603.26,0
2024-03-20T01:00:00.000Z,20/3/2024,06:30 AM,Wed,0,6,0,34.8,50,0.141,0,226.9,20,50,0,0,10,0.95,9.2,226.9,0,2086.66,0
2024-03-20T02:00:00.000Z,20/3/2024,07:30 AM,Wed,0,7,307,36.1,50,0.136,2.08,195.61,20,50,0,0,10,0.95,8.12,193.53,0,1571.58,0
2024-03-20T03:00:00.000Z,20/3/2024,08:30 AM,Wed,0,8,601,37.3,50,0.131,3.93,149.9,20,50,0,0,10,0.95,8.24,145.97,0,1202.39,0
2024-03-20T04:00:00.000Z,20/3/2024,09:30 AM,Wed,0,9,940,38.3,50,0.127,5.96,181.79,20,50,0,0,10,0.95,8.72,175.83,0,1533.83,0
2024-03-20T05:00:00.000Z,20/3/2024,10:30 AM,Wed,0,10,1000,39.1,50,0.124,6.18,33.74,20,50,0,0,10,0.95,9.24,27.56,0,254.74,0
2024-03-20T06:00:00.000Z,20/3/2024,11:30 AM,Wed,0,11,1320,39.6,50,0.122,8.03,36.2,20,50,0,0,10,0.95,6.99,28.17,0,196.9,0
2024-03-20T07:00:00.000Z,20/3/2024,12:30 PM,Wed,0,12,1226,39.8,50,0.121,7.41,36.24,20,50,0,0,10,0.95,6.96,28.83,0,200.72,0
2024-03-20T08:00:00.000Z,20/3/2024,01:30 PM,Wed,0,13,1016,39.6,50,0.122,6.18,37.18,20,50,0,0,10,0.95,6.02,31,0,186.66,0
2024-03-20T09:00:00.000Z,20/3/2024,02:30 PM,Wed,0,14,1045,39.1,50,0.124,6.46,32.05,20,50,0,0,10,0.95,5.97,25.59,0,152.72,0
2024-03-20T10:00:00.000Z,20/3/2024,03:30 PM,Wed,0,15,923,38.3,50,0.127,5.85,33.82,20,50,0,0,10,0.95,5.48,27.97,0,153.3,0
2024-03-20T11:00:00.000Z,20/3/2024,04:30 PM,Wed,0,16,519,37.3,50,0.131,3.39,31.99,20,50,0,0,10,0.95,5.6,28.6,0,160.23,0
2024-03-20T12:00:00.000Z,20/3/2024,05:30 PM,Wed,0,17,280,36.1,50,0.136,1.9,30.61,20,50,0,0,10,0.95,5.96,28.71,0,171.14,0
2024-03-20T13:00:00.000Z,20/3/2024,06:30 PM,Wed,0,18,0,34.8,50,0.141,0,252.48,20,50,0,0,10,0.95,8.19,252.48,0,2069.07,0
2024-03-20T14:00:00.000Z,20/3/2024,07:30 PM,Wed,0,19,0,33.5,50,0.146,0,239.22,20,50,0,0,10,0.95,8.07,239.22,0,1930.92,0
2024-03-20T15:00:00.000Z,20/3/2024,08:30 PM,Wed,0,20,0,32.3,50,0.151,0,261.15,20,50,0,0,10,0.95,8.69,261.15,0,2268.81,0
2024-03-20T16:00:00.000Z,20/3/2024,09:30 PM,Wed,0,21,0,31.2,50,0.155,0,247.79,20,50,0,0,10,0.95,8.88,247.79,0,2201.4,0
2024-03-20T17:00:00.000Z,20/3/2024,10:30 PM,Wed,0,22,0,30.4,50,0.158,0,314.37,20,50,0,0,10,0.95,8.96,314.37,0,2818.17,0
2024-03-20T18:00:00.000Z,20/3/2024,11:30 PM,Wed,0,23,0,29.9,50,0.16,0,293.58,20,50,0,0,10,0.95,6.49,293.58,0,1904.39,0
2024-03-20T19:00:00.000Z,21/3/2024,12:30 AM,Thu,0,0,0,29.8,50,0.161,0,73.81,20,50,0,0,10,0.95,6.99,73.81,0,515.96,0
2024-03-20T20:00:00.000Z,21/3/2024,01:30 AM,Thu,0,1,0,30,50,0.16,0,72.32,20,50,0,0,10,0.95,5.89,72.32,0,426.15,0
2024-03-20T21:00:00.000Z,21/3/2024,02:30 AM,Thu,0,2,0,30.5,50,0.158,0,101.6,20,50,0,0,10,0.95,6.74,101.6,0,684.6,0
2024-03-20T22:00:00.000Z,21/3/2024,03:30 AM,Thu,0,3,0,31.3,50,0.155,0,80.57,20,50,0,0,10,0.95,5.13,80.57,0,413.52,0
2024-03-20T23:00:00.000Z,21/3/2024,04:30 AM,Thu,0,4,0,32.3,50,0.151,0,83.88,20,50,0,0,10,0.95,6.04,83.88,0,506.62,0
2024-03-21T00:00:00.000Z,21/3/2024,05:30 AM,Thu,0,5,0,33.5,50,0.146,0,66.89,20,50,0,0,10,0.95,6.63,66.89,0,443.34,0
2024-03-21T01:00:00.000Z,21/3/2024,06:30 AM,Thu,0,6,0,34.8,50,0.141,0,242.61,20,50,0,0,10,0.95,9.87,242.61,0,2393.7,0
2024-03-21T02:00:00.000Z,21/3/2024,07:30 AM,Thu,0,7,292,36.1,50,0.136,1.98,190.1,20,50,0,0,10,0.95,9.53,188.12,0,1793.52,0
2024-03-21T03:00:00.000Z,21/3/2024,08:30 AM,Thu,0,8,513,37.3,50,0.131,3.36,178.69,20,50,0,0,10,0.95,9.99,175.33,0,1750.89,0
2024-03-21T04:00:00.000Z,21/3/2024,09:30 AM,Thu,0,9,802,38.3,50,0.127,5.08,179.48,20,50,0,0,10,0.95,9.58,174.4,0,1671.05,0
2024-03-21T05:00:00.000Z,21/3/2024,10:30 AM,Thu,0,10,1035,39.1,50,0.124,6.4,39.24,20,50,0,0,10,0.95,9.44,32.84,0,309.97,0
2024-03-21T06:00:00.000Z,21/3/2024,11:30 AM,Thu,0,11,1247,39.6,50,0.122,7.58,32.2,20,50,0,0,10,0.95,6.08,24.62,0,149.72,0
2024-03-21T07:00:00.000Z,21/3/2024,12:30 PM,Thu,0,12,1361,39.8,50,0.121,8.22,30.95,20,50,0,0,10,0.95,5.11,22.73,0,116.05,0
2024-03-21T08:00:00.000Z,21/3/2024,01:30 PM,Thu,0,13,1283,39.6,50,0.122,7.8,34.14,20,50,0,0,10,0.95,6.62,26.34,0,174.41,0
2024-03-21T09:00:00.000Z,21/3/2024,02:30 PM,Thu,0,14,1098,39.1,50,0.124,6.79,35.77,20,50,0,0,10,0.95,6.03,28.98,0,174.73,0
2024-03-21T10:00:00.000Z,21/3/2024,03:30 PM,Thu,0,15,772,38.3,50,0.127,4.89,38.41,20,50,0,0,10,0.95,5.49,33.52,0,184.02,0
2024-03-21T11:00:00.000Z,21/3/2024,04:30 PM,Thu,0,16,512,37.3,50,0.131,3.35,31.65,20,50,0,0,10,0.95,5.59,28.3,0,158.19,0
2024-03-21T12:00:00.000Z,21/3/2024,05:30 PM,Thu,0,17,314,36.1,50,0.136,2.13,37.51,20,50,0,0,10,0.95,6.24,35.38,0,220.86,0
2024-03-21T13:00:00.000Z,21/3/2024,06:30 PM,Thu,0,18,0,34.8,50,0.141,0,268.41,20,50,0,0,10,0.95,8.11,268.41,0,2175.82,0
2024-03-21T14:00:00.000Z,21/3/2024,07:30 PM,Thu,0,19,0,33.5,50,0.146,0,230.43,20,50,0,0,10,0.95,8.86,230.43,0,2041.66,0
2024-03-21T15:00:00.000Z,21/3/2024,08:30 PM,Thu,0,20,0,32.3,50,0.151,0,259.88,20,50,0,0,10,0.95,8.19,259.88,0,2128.88,0
2024-03-21T16:00:00.000Z,21/3/2024,09:30 PM,Thu,0,21,0,31.3,50,0.155,0,254.36,20,50,0,0,10,0.95,9.36,254.36,0,2380.79,0
2024-03-21T17:00:00.000Z,21/3/2024,10:30 PM,Thu,0,22,0,30.5,50,0.158,0,245.59,20,50,0,0,10,0.95,8.27,245.59,0,2030.6,0
2024-03-21T18:00:00.000Z,21/3/2024,11:30 PM,Thu,0,23,0,30,50,0.16,0,321.56,20,50,0,0,10,0.95,6.88,321.56,0,2213.22,0
2024-03-21T19:00:00.000Z,22/3/2024,12:30 AM,Fri,0,0,0,29.8,50,0.161,0,98.39,20,50,0,0,10,0.95,5.27,98.39,0,518.49,0
2024-03-21T20:00:00.000Z,22/3/2024,01:30 AM,Fri,0,1,0,30,50,0.16,0,114.11,20,50,0,0,10,0.95,5.51,114.11,0,629.13,0
2024-03-21T21:00:00.000Z,22/3/2024,02:30 AM,Fri,0,2,0,30.5,50,0.158,0,84.67,20,50,0,0,10,0.95,6.81,84.67,0,576.59,0
2024-03-21T22:00:00.000Z,22/3/2024,03:30 AM,Fri,0,3,0,31.3,50,0.155,0,88.68,20,50,0,0,10,0.95,5.85,88.68,0,518.37,0
2024-03-21T23:00:00.000Z,22/3/2024,04:30 AM,Fri,0,4,0,32.3,50,0.151,0,101.06,20,50,0,0,10,0.95,6.49,101.06,0,656,0
2024-03-22T00:00:00.000Z,22/3/2024,05:30 AM,Fri,0,5,0,33.6,50,0.146,0,86.07,20,50,0,0,10,0.95,5.96,86.07,0,512.57,0
2024-03-22T01:00:00.000Z,22/3/2024,06:30 AM,Fri,0,6,0,34.8,50,0.141,0,291.72,20,50,0,0,10,0.95,9.45,291.72,0,2756.26,0
2024-03-22T02:00:00.000Z,22/3/2024,07:30 AM,Fri,0,7,288,36.1,50,0.136,1.95,191.11,20,50,0,0,10,0.95,9.87,189.16,0,1866.25,0
2024-03-22T03:00:00.000Z,22/3/2024,08:30 AM,Fri,0,8,532,37.3,50,0.131,3.48,161.34,20,50,0,0,10,0.95,9.41,157.86,0,1485.02,0
2024-03-22T04:00:00.000Z,22/3/2024,09:30 AM,Fri,0,9,739,38.4,50,0.126,4.67,173.96,20,50,0,0,10,0.95,9.56,169.29,0,1619.1,0
2024-03-22T05:00:00.000Z,22/3/2024,10:30 AM,Fri,0,10,965,39.2,50,0.123,5.94,31.76,20,50,0,0,10,0.95,9.74,25.82,0,251.45,0
2024-03-22T06:00:00.000Z,22/3/2024,11:30 AM,Fri,0,11,1018,39.7,50,0.121,6.17,34.64,20,50,0,0,10,0.95,5.35,28.47,0,152.39,0
2024-03-22T07:00:00.000Z,22/3/2024,12:30 PM,Fri,0,12,1119,39.8,50,0.121,6.76,30.05,20,50,0,0,10,0.95,5.47,23.29,0,127.5,0
2024-03-22T08:00:00.000Z,22/3/2024,01:30 PM,Fri,0,13,1162,39.7,50,0.121,7.04,33.12,20,50,0,0,10,0.95,5.81,26.08,0,151.59,0
2024-03-22T09:00:00.000Z,22/3/2024,02:30 PM,Fri,0,14,929,39.2,50,0.123,5.72,35.64,20,50,0,0,10,0.95,6.47,29.92,0,193.42,0
2024-03-22T10:00:00.000Z,22/3/2024,03:30 PM,Fri,0,15,790,38.4,50,0.126,4.99,36.76,20,50,0,0,10,0.95,5.79,31.77,0,183.99,0
2024-03-22T11:00:00.000Z,22/3/2024,04:30 PM,Fri,0,16,519,37.3,50,0.131,3.39,31.72,20,50,0,0,10,0.95,6.53,28.33,0,185.08,0
2024-03-22T12:00:00.000Z,22/3/2024,05:30 PM,Fri,0,17,328,36.1,50,0.136,2.22,33.71,20,50,0,0,10,0.95,6.37,31.49,0,200.67,0
2024-03-22T13:00:00.000Z,22/3/2024,06:30 PM,Fri,0,18,0,34.8,50,0.141,0,235.76,20,50,0,0,10,0.95,8.55,235.76,0,2014.62,0
2024-03-22T14:00:00.000Z,22/3/2024,07:30 PM,Fri,0,19,0,33.6,50,0.146,0,258.79,20,50,0,0,10,0.95,8.3,258.79,0,2146.94,0
2024-03-22T15:00:00.000Z,22/3/2024,08:30 PM,Fri,0,20,0,32.3,50,0.151,0,276.49,20,50,0,0,10,0.95,9.35,276.49,0,2584.16,0
2024-03-22T16:00:00.000Z,22/3/2024,09:30 PM,Fri,0,21,0,31.3,50,0.155,0,264.82,20,50,0,0,10,0.95,8.53,264.82,0,2259.08,0
2024-03-22T17:00:00.000Z,22/3/2024,10:30 PM,Fri,0,22,0,30.5,50,0.158,0,308.54,20,50,0,0,10,0.95,9.76,308.54,0,3012.37,0
2024-03-22T18:00:00.000Z,22/3/2024,11:30 PM,Fri,0,23,0,30,50,0.16,0,275.62,20,50,0,0,10,0.95,6.35,275.62,0,1749.47,0
2024-03-22T19:00:00.000Z,23/3/2024,12:30 AM,Sat,1,0,0,29.9,50,0.16,0,91.82,20,50,0,0,10,0.95,6,91.82,0,551.1,0
2024-03-22T20:00:00.000Z,23/3/2024,01:30 AM,Sat,1,1,0,30,50,0.16,0,89.88,20,50,0,0,10,0.95,6.75,89.88,0,606.42,0
2024-03-22T21:00:00.000Z,23/3/2024,02:30 AM,Sat,1,2,0,30.5,50,0.158,0,97.39,20,50,0,0,10,0.95,6.66,97.39,0,648.35,0
2024-03-22T22:00:00.000Z,23/3/2024,03:30 AM,Sat,1,3,0,31.3,50,0.155,0,110.71,20,50,0,0,10,0.95,6.17,110.71,0,682.92,0
2024-03-22T23:00:00.000Z,23/3/2024,04:30 AM,Sat,1,4,0,32.4,50,0.15,0,85.88,20,50,0,0,10,0.95,5.36,85.88,0,460.41,0
2024-03-23T00:00:00.000Z,23/3/2024,05:30 AM,Sat,1,5,0,33.6,50,0.146,0,107.45,20,50,0,0,10,0.95,6.12,107.45,0,657.27,0
2024-03-23T01:00:00.000Z,23/3/2024,06:30 AM,Sat,1,6,0,34.9,50,0.14,0,254.56,20,50,0,0,10,0.95,9.87,254.56,0,2511.86,0
2024-03-23T02:00:00.000Z,23/3/2024,07:30 AM,Sat,1,7,332,36.2,50,0.135,2.24,213.51,20,50,0,0,10,0.95,9.49,211.27,0,2005.56,0
2024-03-23T03:00:00.000Z,23/3/2024,08:30 AM,Sat,1,8,522,37.4,50,0.13,3.4,213.61,20,50,0,0,10,0.95,9.9,210.21,0,2081.36,0
2024-03-23T04:00:00.000Z,23/3/2024,09:30 AM,Sat,1,9,891,38.4,50,0.126,5.63,220.78,20,50,0,0,10,0.95,9.99,215.15,0,2149.32,0
2024-03-23T05:00:00.000Z,23/3/2024,10:30 AM,Sat,1,10,1152,39.2,50,0.123,7.1,42.04,20,50,0,0,10,0.95,9.39,34.94,0,328.13,0
2024-03-23T06:00:00.000Z,23/3/2024,11:30 AM,Sat,1,11,1038,39.7,50,0.121,6.29,39.82,20,50,0,0,10,0.95,6.92,33.53,0,232.17,0
2024-03-23T07:00:00.000Z,23/3/2024,12:30 PM,Sat,1,12,1222,39.9,50,0.12,7.36,43.1,20,50,0,0,10,0.95,6.39,35.74,0,228.52,0
2024-03-23T08:00:00.000Z,23/3/2024,01:30 PM,Sat,1,13,1018,39.7,50,0.121,6.17,50.05,20,50,0,0,10,0.95,6.63,43.88,0,290.78,0
2024-03-23T09:00:00.000Z,23/3/2024,02:30 PM,Sat,1,14,905,39.2,50,0.123,5.57,40.33,20,50,0,0,10,0.95,5.92,34.76,0,205.83,0
2024-03-23T10:00:00.000Z,23/3/2024,03:30 PM,Sat,1,15,769,38.4,50,0.126,4.86,40.04,20,50,0,0,10,0.95,6.52,35.18,0,229.21,0
2024-03-23T11:00:00.000Z,23/3/2024,04:30 PM,Sat,1,16,637,37.4,50,0.13,4.15,43.72,20,50,0,0,10,0.95,5.11,39.57,0,202.38,0
2024-03-23T12:00:00.000Z,23/3/2024,05:30 PM,Sat,1,17,355,36.2,50,0.135,2.4,39.33,20,50,0,0,10,0.95,5.65,36.93,0,208.84,0
2024-03-23T13:00:00.000Z,23/3/2024,06:30 PM,Sat,1,18,0,34.9,50,0.14,0,275.76,20,50,0,0,10,0.95,8.3,275.76,0,2289.93,0
2024-03-23T14:00:00.000Z,23/3/2024,07:30 PM,Sat,1,19,0,33.6,50,0.146,0,305.65,20,50,0,0,10,0.95,9.37,305.65,0,2864.88,0
2024-03-23T15:00:00.000Z,23/3/2024,08:30 PM,Sat,1,20,0,32.4,50,0.15,0,310.35,20,50,0,0,10,0.95,9.61,310.35,0,2982.12,0
2024-03-23T16:00:00.000Z,23/3/2024,09:30 PM,Sat,1,21,0,31.3,50,0.155,0,302.3,20,50,0,0,10,0.95,9.3,302.3,0,2811.95,0
2024-03-23T17:00:00.000Z,23/3/2024,10:30 PM,Sat,1,22,0,30.5,50,0.158,0,321.71,20,50,0,0,10,0.95,9.15,321.71,0,2945.25,0
2024-03-23T18:00:00.000Z,23/3/2024,11:30 PM,Sat,1,23,0,30,50,0.16,0,334.37,20,50,0,0,10,0.95,6.25,334.37,0,2088.39,0
2024-03-23T19:00:00.000Z,24/3/2024,12:30 AM,Sun,1,0,0,29.9,50,0.16,0,115.53,20,50,0,0,10,0.95,6.87,115.53,0,793.88,0
2024-03-23T20:00:00.000Z,24/3/2024,01:30 AM,Sun,1,1,0,30.1,50,0.16,0,94.55,20,50,0,0,10,0.95,5.71,94.55,0,539.46,0
2024-03-23T21:00:00.000Z,24/3/2024,02:30 AM,Sun,1,2,0,30.6,50,0.158,0,103.71,20,50,0,0,10,0.95,6.82,103.71,0,707.14,0
2024-03-23T22:00:00.000Z,24/3/2024,03:30 AM,Sun,1,3,0,31.4,50,0.154,0,72.93,20,50,0,0,10,0.95,6.94,72.93,0,506.11,0
2024-03-23T23:00:00.000Z,24/3/2024,04:30 AM,Sun,1,4,0,32.4,50,0.15,0,110.03,20,50,0,0,10,0.95,6.27,110.03,0,689.93,0
2024-03-24T00:00:00.000Z,24/3/2024,05:30 AM,Sun,1,5,0,33.6,50,0.146,0,74.15,20,50,0,0,10,0.95,6.29,74.15,0,466.1,0
2024-03-24T01:00:00.000Z,24/3/2024,06:30 AM,Sun,1,6,0,34.9,50,0.14,0,242.19,20,50,0,0,10,0.95,9.55,242.19,0,2313.83,0
2024-03-24T02:00:00.000Z,24/3/2024,07:30 AM,Sun,1,7,309,36.2,50,0.135,2.09,187.83,20,50,0,0,10,0.95,9.56,185.74,0,1776.43,0
2024-03-24T03:00:00.000Z,24/3/2024,08:30 AM,Sun,1,8,596,37.4,50,0.13,3.89,190.45,20,50,0,0,10,0.95,9.68,186.56,0,1805.45,0
2024-03-24T04:00:00.000Z,24/3/2024,09:30 AM,Sun,1,9,935,38.4,50,0.126,5.91,216.89,20,50,0,0,10,0.95,9.88,210.98,0,2084.65,0
2024-03-24T05:00:00.000Z,24/3/2024,10:30 AM,Sun,1,10,1146,39.2,50,0.123,7.06,41.98,20,50,0,0,10,0.95,9.11,34.92,0,318.01,0
2024-03-24T06:00:00.000Z,24/3/2024,11:30 AM,Sun,1,11,1118,39.7,50,0.121,6.78,47.55,20,50,0,0,10,0.95,5.18,40.77,0,211.33,0
2024-03-24T07:00:00.000Z,24/3/2024,12:30 PM,Sun,1,12,1311,39.9,50,0.12,7.89,45.46,20,50,0,0,10,0.95,6.88,37.57,0,258.29,0
2024-03-24T08:00:00.000Z,24/3/2024,01:30 PM,Sun,1,13,1065,39.7,50,0.121,6.45,44.3,20,50,0,0,10,0.95,5.59,37.85,0,211.58,0
2024-03-24T09:00:00.000Z,24/3/2024,02:30 PM,Sun,1,14,1071,39.2,50,0.123,6.6,40.57,20,50,0,0,10,0.95,6.77,33.97,0,229.96,0
2024-03-24T10:00:00.000Z,24/3/2024,03:30 PM,Sun,1,15,878,38.4,50,0.126,5.55,44.84,20,50,0,0,10,0.95,5.3,39.29,0,208.28,0
2024-03-24T11:00:00.000Z,24/3/2024,04:30 PM,Sun,1,16,511,37.4,50,0.13,3.33,47.21,20,50,0,0,10,0.95,5.46,43.88,0,239.72,0
2024-03-24T12:00:00.000Z,24/3/2024,05:30 PM,Sun,1,17,352,36.2,50,0.135,2.38,37.15,20,50,0,0,10,0.95,5.07,34.77,0,176.2,0
2024-03-24T13:00:00.000Z,24/3/2024,06:30 PM,Sun,1,18,0,34.9,50,0.14,0,324.55,20,50,0,0,10,0.95,9.94,324.55,0,3226.99,0
2024-03-24T14:00:00.000Z,24/3/2024,07:30 PM,Sun,1,19,0,33.6,50,0.146,0,278.09,20,50,0,0,10,0.95,9.63,278.09,0,2676.71,0
2024-03-24T15:00:00.000Z,24/3/2024,08:30 PM,Sun,1,20,0,32.4,50,0.15,0,317.55,20,50,0,0,10,0.95,8.6,317.55,0,2732.33,0
2024-03-24T16:00:00.000Z,24/3/2024,09:30 PM,Sun,1,21,0,31.4,50,0.154,0,284.77,20,50,0,0,10,0.95,10,284.77,0,2846.8,0
2024-03-24T17:00:00.000Z,24/3/2024,10:30 PM,Sun,1,22,0,30.6,50,0.158,0,365.08,20,50,0,0,10,0.95,9.42,365.08,0,3439.14,0
2024-03-24T18:00:00.000Z,24/3/2024,11:30 PM,Sun,1,23,0,30.1,50,0.16,0,354.46,20,50,0,0,10,0.95,6.31,354.46,0,2238.38,0
2024-03-24T19:00:00.000Z,25/3/2024,12:30 AM,Mon,0,0,0,29.9,50,0.16,0,131.77,20,50,0,0,10,0.95,5.1,131.77,0,671.82,0
2024-03-24T20:00:00.000Z,25/3/2024,01:30 AM,Mon,0,1,0,30.1,50,0.16,0,111.29,20,50,0,0,10,0.95,6.39,111.29,0,711.13,0
2024-03-24T21:00:00.000Z,25/3/2024,02:30 AM,Mon,0,2,0,30.6,50,0.158,0,72.12,20,50,0,0,10,0.95,5.49,72.12,0,396.2,0
2024-03-24T22:00:00.000Z,25/3/2024,03:30 AM,Mon,0,3,0,31.4,50,0.154,0,101.38,20,50,0,0,10,0.95,6.46,101.38,0,654.6,0
2024-03-24T23:00:00.000Z,25/3/2024,04:30 AM,Mon,0,4,0,32.4,50,0.15,0,88.92,20,50,0,0,10,0.95,5.55,88.92,0,493.61,0
2024-03-25T00:00:00.000Z,25/3/2024,05:30 AM,Mon,0,5,0,33.6,50,0.146,0,89.61,20,50,0,0,10,0.95,6.68,89.61,0,598.73,0
2024-03-25T01:00:00.000Z,25/3/2024,06:30 AM,Mon,0,6,0,34.9,50,0.14,0,238.83,20,50,0,0,10,0.95,8.78,238.83,0,2097.38,0
2024-03-25T02:00:00.000Z,25/3/2024,07:30 AM,Mon,0,7,272,36.2,50,0.135,1.84,176.95,20,50,0,0,10,0.95,9.44,175.11,0,1653.53,0
2024-03-25T03:00:00.000Z,25/3/2024,08:30 AM,Mon,0,8,604,37.4,50,0.13,3.94,178.35,20,50,0,0,10,0.95,8.26,174.41,0,1440.19,0
2024-03-25T04:00:00.000Z,25/3/2024,09:30 AM,Mon,0,9,755,38.5,50,0.126,4.76,177.31,20,50,0,0,10,0.95,9.57,172.55,0,1651.92,0
2024-03-25T05:00:00.000Z,25/3/2024,10:30 AM,Mon,0,10,936,39.3,50,0.123,5.75,39.53,20,50,0,0,10,0.95,9.31,33.78,0,314.47,0
2024-03-25T06:00:00.000Z,25/3/2024,11:30 AM,Mon,0,11,997,39.8,50,0.121,6.02,34.89,20,50,0,0,10,0.95,6.72,28.87,0,193.94,0
2024-03-25T07:00:00.000Z,25/3/2024,12:30 PM,Mon,0,12,1207,39.9,50,0.12,7.27,33.1,20,50,0,0,10,0.95,6.16,25.83,0,159.01,0
2024-03-25T08:00:00.000Z,25/3/2024,01:30 PM,Mon,0,13,1046,39.8,50,0.121,6.32,36.15,20,50,0,0,10,0.95,6.34,29.83,0,189.1,0
2024-03-25T09:00:00.000Z,25/3/2024,02:30 PM,Mon,0,14,1189,39.3,50,0.123,7.3,34.93,20,50,0,0,10,0.95,6.95,27.63,0,192.09,0
2024-03-25T10:00:00.000Z,25/3/2024,03:30 PM,Mon,0,15,723,38.5,50,0.126,4.55,36.02,20,50,0,0,10,0.95,5.39,31.47,0,169.67,0
2024-03-25T11:00:00.000Z,25/3/2024,04:30 PM,Mon,0,16,558,37.4,50,0.13,3.64,39.65,20,50,0,0,10,0.95,5.91,36.01,0,212.8,0
2024-03-25T12:00:00.000Z,25/3/2024,05:30 PM,Mon,0,17,282,36.2,50,0.135,1.91,36.81,20,50,0,0,10,0.95,6.32,34.9,0,220.74,0
2024-03-25T13:00:00.000Z,25/3/2024,06:30 PM,Mon,0,18,0,34.9,50,0.14,0,227.42,20,50,0,0,10,0.95,8.57,227.42,0,1948.42,0
2024-03-25T14:00:00.000Z,25/3/2024,07:30 PM,Mon,0,19,0,33.6,50,0.146,0,250.53,20,50,0,0,10,0.95,8.33,250.53,0,2086.91,0
2024-03-25T15:00:00.000Z,25/3/2024,08:30 PM,Mon,0,20,0,32.4,50,0.15,0,251.87,20,50,0,0,10,0.95,8.69,251.87,0,2189.99,0
2024-03-25T16:00:00.000Z,25/3/2024,09:30 PM,Mon,0,21,0,31.4,50,0.154,0,271.99,20,50,0,0,10,0.95,8.48,271.99,0,2305.67,0
2024-03-25T17:00:00.000Z,25/3/2024,10:30 PM,Mon,0,22,0,30.6,50,0.158,0,285.7,20,50,0,0,10,0.95,9.24,285.7,0,2640.79,0
2024-03-25T18:00:00.000Z,25/3/2024,11:30 PM,Mon,0,23,0,30.1,50,0.16,0,290.63,20,50,0,0,10,0.95,6.35,290.63,0,1845.42,0
2024-03-25T19:00:00.000Z,26/3/2024,12:30 AM,Tue,0,0,0,29.9,50,0.16,0,98.6,20,50,0,0,10,0.95,5.95,98.6,0,586.68,0
2024-03-25T20:00:00.000Z,26/3/2024,01:30 AM,Tue,0,1,0,30.1,50,0.16,0,88.4,20,50,0,0,10,0.95,6.76,88.4,0,597.86,0
2024-03-25T21:00:00.000Z,26/3/2024,02:30 AM,Tue,0,2,0,30.6,50,0.158,0,82.54,20,50,0,0,10,0.95,6.16,82.54,0,508.26,0
2024-03-25T22:00:00.000Z,26/3/2024,03:30 AM,Tue,0,3,0,31.4,50,0.154,0,68.62,20,50,0,0,10,0.95,5.02,68.62,0,344.4,0
2024-03-25T23:00:00.000Z,26/3/2024,04:30 AM,Tue,0,4,0,32.4,50,0.15,0,116.3,20,50,0,0,10,0.95,6.1,116.3,0,709.47,0
2024-03-26T00:00:00.000Z,26/3/2024,05:30 AM,Tue,0,5,0,33.6,50,0.146,0,108.06,20,50,0,0,10,0.95,5.88,108.06,0,635.34,0
2024-03-26T01:00:00.000Z,26/3/2024,06:30 AM,Tue,0,6,0,34.9,50,0.14,0,195.12,20,50,0,0,10,0.95,8.92,195.12,0,1741,0
2024-03-26T02:00:00.000Z,26/3/2024,07:30 AM,Tue,0,7,309,36.2,50,0.135,2.09,177.16,20,50,0,0,10,0.95,9.27,175.07,0,1623.65,0
2024-03-26T03:00:00.000Z,26/3/2024,08:30 AM,Tue,0,8,615,37.4,50,0.13,4.01,147.9,20,50,0,0,10,0.95,9.8,143.89,0,1410.39,0
2024-03-26T04:00:00.000Z,26/3/2024,09:30 AM,Tue,0,9,938,38.5,50,0.126,5.91,157.47,20,50,0,0,10,0.95,9.46,151.56,0,1433.06,0
2024-03-26T05:00:00.000Z,26/3/2024,10:30 AM,Tue,0,10,932,39.3,50,0.123,5.72,27.85,20,50,0,0,10,0.95,9.87,22.13,0,218.5,0
2024-03-26T06:00:00.000Z,26/3/2024,11:30 AM,Tue,0,11,1226,39.8,50,0.121,7.41,30.81,20,50,0,0,10,0.95,6.02,23.4,0,140.88,0
2024-03-26T07:00:00.000Z,26/3/2024,12:30 PM,Tue,0,12,1346,39.9,50,0.12,8.1,33.4,20,50,0,0,10,0.95,6.06,25.3,0,153.36,0
2024-03-26T08:00:00.000Z,26/3/2024,01:30 PM,Tue,0,13,1099,39.8,50,0.121,6.64,31.82,20,50,0,0,10,0.95,6.32,25.18,0,159.12,0
2024-03-26T09:00:00.000Z,26/3/2024,02:30 PM,Tue,0,14,1118,39.3,50,0.123,6.86,33.95,20,50,0,0,10,0.95,6.94,27.09,0,188.04,0
2024-03-26T10:00:00.000Z,26/3/2024,03:30 PM,Tue,0,15,917,38.5,50,0.126,5.78,36.96,20,50,0,0,10,0.95,6.53,31.18,0,203.58,0
2024-03-26T11:00:00.000Z,26/3/2024,04:30 PM,Tue,0,16,590,37.4,50,0.13,3.85,35.92,20,50,0,0,10,0.95,6.37,32.07,0,204.42,0
2024-03-26T12:00:00.000Z,26/3/2024,05:30 PM,Tue,0,17,322,36.2,50,0.135,2.18,38.32,20,50,0,0,10,0.95,6.93,36.14,0,250.46,0
2024-03-26T13:00:00.000Z,26/3/2024,06:30 PM,Tue,0,18,0,34.9,50,0.14,0,238.53,20,50,0,0,10,0.95,9.82,238.53,0,2343.25,0
2024-03-26T14:00:00.000Z,26/3/2024,07:30 PM,Tue,0,19,0,33.6,50,0.146,0,235.17,20,50,0,0,10,0.95,8.37,235.17,0,1969.38,0
2024-03-26T15:00:00.000Z,26/3/2024,08:30 PM,Tue,0,20,0,32.4,50,0.15,0,198.36,20,50,0,0,10,0.95,8.27,198.36,0,1641.43,0
2024-03-26T16:00:00.000Z,26/3/2024,09:30 PM,Tue,0,21,0,31.4,50,0.154,0,270.83,20,50,0,0,10,0.95,9.78,270.83,0,2648.13,0
2024-03-26T17:00:00.000Z,26/3/2024,10:30 PM,Tue,0,22,0,30.6,50,0.158,0,284.18,20,50,0,0,10,0.95,9.74,284.18,0,2767.7,0
2024-03-26T18:00:00.000Z,26/3/2024,11:30 PM,Tue,0,23,0,30.1,50,0.16,0,286.09,20,50,0,0,10,0.95,5.09,286.09,0,1455.68,0
2024-03-26T19:00:00.000Z,27/3/2024,12:30 AM,Wed,0,0,0,30,50,0.16,0,75.18,20,50,0,0,10,0.95,5.43,75.18,0,408.24,0
2024-03-26T20:00:00.000Z,27/3/2024,01:30 AM,Wed,0,1,0,30.1,50,0.16,0,83.47,20,50,0,0,10,0.95,5.68,83.47,0,473.92,0
2024-03-26T21:00:00.000Z,27/3/2024,02:30 AM,Wed,0,2,0,30.6,50,0.158,0,101.13,20,50,0,0,10,0.95,5.22,101.13,0,527.73,0
2024-03-26T22:00:00.000Z,27/3/2024,03:30 AM,Wed,0,3,0,31.4,50,0.154,0,120.06,20,50,0,0,10,0.95,5.17,120.06,0,620.27,0
2024-03-26T23:00:00.000Z,27/3/2024,04:30 AM,Wed,0,4,0,32.5,50,0.15,0,94.21,20,50,0,0,10,0.95,5.19,94.21,0,489.18,0
2024-03-27T00:00:00.000Z,27/3/2024,05:30 AM,Wed,0,5,0,33.7,50,0.145,0,101.37,20,50,0,0,10,0.95,5.5,101.37,0,557.68,0
2024-03-27T01:00:00.000Z,27/3/2024,06:30 AM,Wed,0,6,0,35,50,0.14,0,242.64,20,50,0,0,10,0.95,8.38,242.64,0,2033.71,0
2024-03-27T02:00:00.000Z,27/3/2024,07:30 AM,Wed,0,7,305,36.3,50,0.135,2.06,175.44,20,50,0,0,10,0.95,8.11,173.38,0,1406.54,0
2024-03-27T03:00:00.000Z,27/3/2024,08:30 AM,Wed,0,8,519,37.5,50,0.13,3.37,169.17,20,50,0,0,10,0.95,8.07,165.8,0,1338.46,0
2024-03-27T04:00:00.000Z,27/3/2024,09:30 AM,Wed,0,9,970,38.5,50,0.126,6.11,176.38,20,50,0,0,10,0.95,8.09,170.27,0,1378.18,0
2024-03-27T05:00:00.000Z,27/3/2024,10:30 AM,Wed,0,10,969,39.3,50,0.123,5.95,36.27,20,50,0,0,10,0.95,8.18,30.32,0,248.14,0
2024-03-27T06:00:00.000Z,27/3/2024,11:30 AM,Wed,0,11,995,39.8,50,0.121,6.01,32.07,20,50,0,0,10,0.95,5.27,26.06,0,137.37,0
2024-03-27T07:00:00.000Z,27/3/2024,12:30 PM,Wed,0,12,1362,40,50,0.12,8.17,33.62,20,50,0,0,10,0.95,6.98,25.45,0,177.64,0
2024-03-27T08:00:00.000Z,27/3/2024,01:30 PM,Wed,0,13,1087,39.8,50,0.121,6.57,35.69,20,50,0,0,10,0.95,6.61,29.12,0,192.39,0
2024-03-27T09:00:00.000Z,27/3/2024,02:30 PM,Wed,0,14,915,39.3,50,0.123,5.62,29.89,20,50,0,0,10,0.95,6.95,24.27,0,168.59,0
2024-03-27T10:00:00.000Z,27/3/2024,03:30 PM,Wed,0,15,815,38.5,50,0.126,5.13,32.74,20,50,0,0,10,0.95,6.6,27.61,0,182.11,0
2024-03-27T11:00:00.000Z,27/3/2024,04:30 PM,Wed,0,16,661,37.5,50,0.13,4.3,40.04,20,50,0,0,10,0.95,6.3,35.74,0,225.18,0
2024-03-27T12:00:00.000Z,27/3/2024,05:30 PM,Wed,0,17,283,36.3,50,0.135,1.91,33.1,20,50,0,0,10,0.95,6.94,31.19,0,216.34,0
2024-03-27T13:00:00.000Z,27/3/2024,06:30 PM,Wed,0,18,0,35,50,0.14,0,222.43,20,50,0,0,10,0.95,8.16,222.43,0,1814.16,0
2024-03-27T14:00:00.000Z,27/3/2024,07:30 PM,Wed,0,19,0,33.7,50,0.145,0,234.42,20,50,0,0,10,0.95,8.18,234.42,0,1918.16,0
2024-03-27T15:00:00.000Z,27/3/2024,08:30 PM,Wed,0,20,0,32.5,50,0.15,0,247.27,20,50,0,0,10,0.95,8.99,247.27,0,2223.05,0
2024-03-27T16:00:00.000Z,27/3/2024,09:30 PM,Wed,0,21,0,31.4,50,0.154,0,231.65,20,50,0,0,10,0.95,9.34,231.65,0,2163.07,0
2024-03-27T17:00:00.000Z,27/3/2024,10:30 PM,Wed,0,22,0,30.6,50,0.158,0,285.79,20,50,0,0,10,0.95,9.7,285.79,0,2771.78,0
2024-03-27T18:00:00.000Z,27/3/2024,11:30 PM,Wed,0,23,0,30.1,50,0.16,0,262.31,20,50,0,0,10,0.95,5.73,262.31,0,1502.42,0
2024-03-27T19:00:00.000Z,28/3/2024,12:30 AM,Thu,0,0,0,30,50,0.16,0,124.25,20,50,0,0,10,0.95,6.58,124.25,0,817.28,0
2024-03-27T20:00:00.000Z,28/3/2024,01:30 AM,Thu,0,1,0,30.1,50,0.16,0,82.68,20,50,0,0,10,0.95,5.32,82.68,0,439.77,0
2024-03-27T21:00:00.000Z,28/3/2024,02:30 AM,Thu,0,2,0,30.6,50,0.158,0,74.85,20,50,0,0,10,0.95,5.16,74.85,0,386.33,0
2024-03-27T22:00:00.000Z,28/3/2024,03:30 AM,Thu,0,3,0,31.4,50,0.154,0,87.74,20,50,0,0,10,0.95,6.65,87.74,0,583.88,0
2024-03-27T23:00:00.000Z,28/3/2024,04:30 AM,Thu,0,4,0,32.5,50,0.15,0,117.51,20,50,0,0,10,0.95,6.29,117.51,0,738.77,0
2024-03-28T00:00:00.000Z,28/3/2024,05:30 AM,Thu,0,5,0,33.7,50,0.145,0,98.01,20,50,0,0,10,0.95,5.59,98.01,0,547.51,0
2024-03-28T01:00:00.000Z,28/3/2024,06:30 AM,Thu,0,6,0,35,50,0.14,0,212.57,20,50,0,0,10,0.95,8.34,212.57,0,1773.29,0
2024-03-28T02:00:00.000Z,28/3/2024,07:30 AM,Thu,0,7,278,36.3,50,0.135,1.87,181.48,20,50,0,0,10,0.95,8.6,179.61,0,1545.11,0
2024-03-28T03:00:00.000Z,28/3/2024,08:30 AM,Thu,0,8,564,37.5,50,0.13,3.67,174.94,20,50,0,0,10,0.95,9.48,171.27,0,1624.41,0
2024-03-28T04:00:00.000Z,28/3/2024,09:30 AM,Thu,0,9,779,38.5,50,0.126,4.91,163.77,20,50,0,0,10,0.95,8.34,158.86,0,1325.34,0
2024-03-28T05:00:00.000Z,28/3/2024,10:30 AM,Thu,0,10,990,39.3,50,0.123,6.08,34.8,20,50,0,0,10,0.95,9.06,28.72,0,260.18,0
2024-03-28T06:00:00.000Z,28/3/2024,11:30 AM,Thu,0,11,1169,39.8,50,0.121,7.06,32.8,20,50,0,0,10,0.95,6.7,25.74,0,172.37,0
2024-03-28T07:00:00.000Z,28/3/2024,12:30 PM,Thu,0,12,1186,40,50,0.12,7.12,38.06,20,50,0,0,10,0.95,5.85,30.94,0,180.95,0
2024-03-28T08:00:00.000Z,28/3/2024,01:30 PM,Thu,0,13,1184,39.8,50,0.121,7.15,36.89,20,50,0,0,10,0.95,6.9,29.74,0,205.19,0
2024-03-28T09:00:00.000Z,28/3/2024,02:30 PM,Thu,0,14,1089,39.3,50,0.123,6.69,37.82,20,50,0,0,10,0.95,5.16,31.13,0,160.61,0
2024-03-28T10:00:00.000Z,28/3/2024,03:30 PM,Thu,0,15,921,38.5,50,0.126,5.8,35.31,20,50,0,0,10,0.95,6.16,29.51,0,181.73,0
2024-03-28T11:00:00.000Z,28/3/2024,04:30 PM,Thu,0,16,512,37.5,50,0.13,3.33,32.1,20,50,0,0,10,0.95,6.71,28.77,0,193.11,0
2024-03-28T12:00:00.000Z,28/3/2024,05:30 PM,Thu,0,17,289,36.3,50,0.135,1.95,33.77,20,50,0,0,10,0.95,6.96,31.82,0,221.58,0
2024-03-28T13:00:00.000Z,28/3/2024,06:30 PM,Thu,0,18,0,35,50,0.14,0,224.96,20,50,0,0,10,0.95,9.94,224.96,0,2236.64,0
2024-03-28T14:00:00.000Z,28/3/2024,07:30 PM,Thu,0,19,0,33.7,50,0.145,0,262.14,20,50,0,0,10,0.95,9.39,262.14,0,2461.4,0
2024-03-28T15:00:00.000Z,28/3/2024,08:30 PM,Thu,0,20,0,32.5,50,0.15,0,247.55,20,50,0,0,10,0.95,9.59,247.55,0,2373.87,0
2024-03-28T16:00:00.000Z,28/3/2024,09:30 PM,Thu,0,21,0,31.4,50,0.154,0,254.95,20,50,0,0,10,0.95,9.46,254.95,0,2411.14,0
2024-03-28T17:00:00.000Z,28/3/2024,10:30 PM,Thu,0,22,0,30.6,50,0.158,0,319.22,20,50,0,0,10,0.95,8.41,319.22,0,2686.09,0
2024-03-28T18:00:00.000Z,28/3/2024,11:30 PM,Thu,0,23,0,30.1,50,0.16,0,281.67,20,50,0,0,10,0.95,5.71,281.67,0,1609.65,0
2024-03-28T19:00:00.000Z,29/3/2024,12:30 AM,Fri,0,0,0,30,50,0.16,0,58.36,20,50,0,0,10,0.95,5.52,58.36,0,322.38,0
2024-03-28T20:00:00.000Z,29/3/2024,01:30 AM,Fri,0,1,0,30.2,50,0.159,0,104.05,20,50,0,0,10,0.95,5.31,104.05,0,552.35,0
2024-03-28T21:00:00.000Z,29/3/2024,02:30 AM,Fri,0,2,0,30.7,50,0.157,0,95.94,20,50,0,0,10,0.95,5.41,95.94,0,518.83,0
2024-03-28T22:00:00.000Z,29/3/2024,03:30 AM,Fri,0,3,0,31.4,50,0.154,0,92.77,20,50,0,0,10,0.95,6.45,92.77,0,598.21,0
2024-03-28T23:00:00.000Z,29/3/2024,04:30 AM,Fri,0,4,0,32.5,50,0.15,0,103.81,20,50,0,0,10,0.95,5.62,103.81,0,583.69,0
2024-03-29T00:00:00.000Z,29/3/2024,05:30 AM,Fri,0,5,0,33.7,50,0.145,0,116.9,20,50,0,0,10,0.95,5.55,116.9,0,648.38,0
2024-03-29T01:00:00.000Z,29/3/2024,06:30 AM,Fri,0,6,0,35,50,0.14,0,237.58,20,50,0,0,10,0.95,9.05,237.58,0,2149.84,0
2024-03-29T02:00:00.000Z,29/3/2024,07:30 AM,Fri,0,7,284,36.3,50,0.135,1.91,193.68,20,50,0,0,10,0.95,8.51,191.77,0,1632.72,0
2024-03-29T03:00:00.000Z,29/3/2024,08:30 AM,Fri,0,8,606,37.5,50,0.13,3.94,187.41,20,50,0,0,10,0.95,8.11,183.47,0,1487.42,0
2024-03-29T04:00:00.000Z,29/3/2024,09:30 AM,Fri,0,9,836,38.5,50,0.126,5.27,166.89,20,50,0,0,10,0.95,9.46,161.62,0,1528.18,0
2024-03-29T05:00:00.000Z,29/3/2024,10:30 AM,Fri,0,10,920,39.3,50,0.123,5.65,35.35,20,50,0,0,10,0.95,8.22,29.7,0,244.08,0
2024-03-29T06:00:00.000Z,29/3/2024,11:30 AM,Fri,0,11,1185,39.8,50,0.121,7.16,37.07,20,50,0,0,10,0.95,5.6,29.91,0,167.46,0
2024-03-29T07:00:00.000Z,29/3/2024,12:30 PM,Fri,0,12,1194,40,50,0.12,7.16,39.11,20,50,0,0,10,0.95,6.28,31.95,0,200.63,0
2024-03-29T08:00:00.000Z,29/3/2024,01:30 PM,Fri,0,13,994,39.8,50,0.121,6,29.18,20,50,0,0,10,0.95,5.74,23.18,0,133.13,0
2024-03-29T09:00:00.000Z,29/3/2024,02:30 PM,Fri,0,14,1005,39.3,50,0.123,6.17,35.39,20,50,0,0,10,0.95,5.59,29.22,0,163.27,0
2024-03-29T10:00:00.000Z,29/3/2024,03:30 PM,Fri,0,15,946,38.5,50,0.126,5.96,36.86,20,50,0,0,10,0.95,6.07,30.9,0,187.52,0
2024-03-29T11:00:00.000Z,29/3/2024,04:30 PM,Fri,0,16,686,37.5,50,0.13,4.46,35.5,20,50,0,0,10,0.95,6.11,31.04,0,189.7,0
2024-03-29T12:00:00.000Z,29/3/2024,05:30 PM,Fri,0,17,336,36.3,50,0.135,2.26,34.69,20,50,0,0,10,0.95,5.74,32.43,0,186.23,0
2024-03-29T13:00:00.000Z,29/3/2024,06:30 PM,Fri,0,18,0,35,50,0.14,0,240.24,20,50,0,0,10,0.95,9.22,240.24,0,2215.14,0
2024-03-29T14:00:00.000Z,29/3/2024,07:30 PM,Fri,0,19,0,33.7,50,0.145,0,257.46,20,50,0,0,10,0.95,9.51,257.46,0,2447.75,0
2024-03-29T15:00:00.000Z,29/3/2024,08:30 PM,Fri,0,20,0,32.5,50,0.15,0,250.37,20,50,0,0,10,0.95,8.14,250.37,0,2037.22,0
2024-03-29T16:00:00.000Z,29/3/2024,09:30 PM,Fri,0,21,0,31.4,50,0.154,0,242.93,20,50,0,0,10,0.95,8.77,242.93,0,2130.79,0
2024-03-29T17:00:00.000Z,29/3/2024,10:30 PM,Fri,0,22,0,30.7,50,0.157,0,300.41,20,50,0,0,10,0.95,9.86,300.41,0,2961.16,0
2024-03-29T18:00:00.000Z,29/3/2024,11:30 PM,Fri,0,23,0,30.2,50,0.159,0,280.63,20,50,0,0,10,0.95,5.74,280.63,0,1611.23,0
2024-03-29T19:00:00.000Z,30/3/2024,12:30 AM,Sat,1,0,0,30,50,0.16,0,102.8,20,50,0,0,10,0.95,6.32,102.8,0,649.2,0
2024-03-29T20:00:00.000Z,30/3/2024,01:30 AM,Sat,1,1,0,30.2,50,0.159,0,119.89,20,50,0,0,10,0.95,6.5,119.89,0,779.69,0
2024-03-29T21:00:00.000Z,30/3/2024,02:30 AM,Sat,1,2,0,30.7,50,0.157,0,85.64,20,50,0,0,10,0.95,5.42,85.64,0,464.59,0
2024-03-29T22:00:00.000Z,30/3/2024,03:30 AM,Sat,1,3,0,31.5,50,0.154,0,68.97,20,50,0,0,10,0.95,6.89,68.97,0,475.37,0
2024-03-29T23:00:00.000Z,30/3/2024,04:30 AM,Sat,1,4,0,32.5,50,0.15,0,98.68,20,50,0,0,10,0.95,6.87,98.68,0,677.46,0
2024-03-30T00:00:00.000Z,30/3/2024,05:30 AM,Sat,1,5,0,33.7,50,0.145,0,97.75,20,50,0,0,10,0.95,6.29,97.75,0,614.71,0
2024-03-30T01:00:00.000Z,30/3/2024,06:30 AM,Sat,1,6,0,35,50,0.14,0,254.77,20,50,0,0,10,0.95,9.74,254.77,0,2480.2,0
2024-03-30T02:00:00.000Z,30/3/2024,07:30 AM,Sat,1,7,273,36.3,50,0.135,1.84,226.79,20,50,0,0,10,0.95,8.96,224.95,0,2016.02,0
2024-03-30T03:00:00.000Z,30/3/2024,08:30 AM,Sat,1,8,534,37.5,50,0.13,3.47,223.2,20,50,0,0,10,0.95,9.47,219.73,0,2079.82,0
2024-03-30T04:00:00.000Z,30/3/2024,09:30 AM,Sat,1,9,911,38.5,50,0.126,5.74,194.32,20,50,0,0,10,0.95,8.27,188.58,0,1559.9,0
2024-03-30T05:00:00.000Z,30/3/2024,10:30 AM,Sat,1,10,1039,39.3,50,0.123,6.38,42.51,20,50,0,0,10,0.95,9.12,36.13,0,329.48,0
2024-03-30T06:00:00.000Z,30/3/2024,11:30 AM,Sat,1,11,1249,39.8,50,0.121,7.54,44.3,20,50,0,0,10,0.95,6.5,36.76,0,239.01,0
2024-03-30T07:00:00.000Z,30/3/2024,12:30 PM,Sat,1,12,1088,40,50,0.12,6.53,37.42,20,50,0,0,10,0.95,6.6,30.89,0,203.93,0
2024-03-30T08:00:00.000Z,30/3/2024,01:30 PM,Sat,1,13,1287,39.8,50,0.121,7.77,42.81,20,50,0,0,10,0.95,5.61,35.04,0,196.48,0
2024-03-30T09:00:00.000Z,30/3/2024,02:30 PM,Sat,1,14,1091,39.3,50,0.123,6.7,40.17,20,50,0,0,10,0.95,6,33.47,0,200.93,0
2024-03-30T10:00:00.000Z,30/3/2024,03:30 PM,Sat,1,15,866,38.5,50,0.126,5.46,42.81,20,50,0,0,10,0.95,6.81,37.35,0,254.22,0
2024-03-30T11:00:00.000Z,30/3/2024,04:30 PM,Sat,1,16,552,37.5,50,0.13,3.59,49.08,20,50,0,0,10,0.95,6.03,45.49,0,274.3,0
2024-03-30T12:00:00.000Z,30/3/2024,05:30 PM,Sat,1,17,285,36.3,50,0.135,1.92,42.32,20,50,0,0,10,0.95,5.02,40.4,0,202.96,0
2024-03-30T13:00:00.000Z,30/3/2024,06:30 PM,Sat,1,18,0,35,50,0.14,0,278.81,20,50,0,0,10,0.95,8.25,278.81,0,2300.82,0
2024-03-30T14:00:00.000Z,30/3/2024,07:30 PM,Sat,1,19,0,33.7,50,0.145,0,314.84,20,50,0,0,10,0.95,8.59,314.84,0,2704.01,0
2024-03-30T15:00:00.000Z,30/3/2024,08:30 PM,Sat,1,20,0,32.5,50,0.15,0,306.17,20,50,0,0,10,0.95,8.74,306.17,0,2674.71,0
2024-03-30T16:00:00.000Z,30/3/2024,09:30 PM,Sat,1,21,0,31.5,50,0.154,0,296.46,20,50,0,0,10,0.95,9.53,296.46,0,2825.19,0
2024-03-30T17:00:00.000Z,30/3/2024,10:30 PM,Sat,1,22,0,30.7,50,0.157,0,370.68,20,50,0,0,10,0.95,9.18,370.68,0,3404.43,0
2024-03-30T18:00:00.000Z,30/3/2024,11:30 PM,Sat,1,23,0,30.2,50,0.159,0,313.45,20,50,0,0,10,0.95,5.62,313.45,0,1760.6,0
2024-03-30T19:00:00.000Z,31/3/2024,12:30 AM,Sun,1,0,0,30,50,0.16,0,113.54,20,50,0,0,10,0.95,5.97,113.54,0,677.86,0
2024-03-30T20:00:00.000Z,31/3/2024,01:30 AM,Sun,1,1,0,30.2,50,0.159,0,100.36,20,50,0,0,10,0.95,6.17,100.36,0,619.44,0
2024-03-30T21:00:00.000Z,31/3/2024,02:30 AM,Sun,1,2,0,30.7,50,0.157,0,102.94,20,50,0,0,10,0.95,5.98,102.94,0,616.07,0
2024-03-30T22:00:00.000Z,31/3/2024,03:30 AM,Sun,1,3,0,31.5,50,0.154,0,121.98,20,50,0,0,10,0.95,6.98,121.98,0,851.66,0
2024-03-30T23:00:00.000Z,31/3/2024,04:30 AM,Sun,1,4,0,32.5,50,0.15,0,125.75,20,50,0,0,10,0.95,5.55,125.75,0,698.07,0
2024-03-31T00:00:00.000Z,31/3/2024,05:30 AM,Sun,1,5,0,33.7,50,0.145,0,79.42,20,50,0,0,10,0.95,6.2,79.42,0,492.37,0
2024-03-31T01:00:00.000Z,31/3/2024,06:30 AM,Sun,1,6,0,35,50,0.14,0,207.72,20,50,0,0,10,0.95,8.43,207.72,0,1750.07,0
2024-03-31T02:00:00.000Z,31/3/2024,07:30 AM,Sun,1,7,329,36.3,50,0.135,2.22,207.44,20,50,0,0,10,0.95,10,205.22,0,2051.68,0
2024-03-31T03:00:00.000Z,31/3/2024,08:30 AM,Sun,1,8,573,37.5,50,0.13,3.72,201.36,20,50,0,0,10,0.95,8.11,197.64,0,1602.8,0
2024-03-31T04:00:00.000Z,31/3/2024,09:30 AM,Sun,1,9,742,38.5,50,0.126,4.67,207.6,20,50,0,0,10,0.95,8.73,202.93,0,1772.28,0
2024-03-31T05:00:00.000Z,31/3/2024,10:30 AM,Sun,1,10,1033,39.3,50,0.123,6.34,40.24,20,50,0,0,10,0.95,8.06,33.9,0,273.15,0
2024-03-31T06:00:00.000Z,31/3/2024,11:30 AM,Sun,1,11,1043,39.8,50,0.121,6.3,43.56,20,50,0,0,10,0.95,5.93,37.26,0,220.93,0
2024-03-31T07:00:00.000Z,31/3/2024,12:30 PM,Sun,1,12,1039,40,50,0.12,6.23,39.24,20,50,0,0,10,0.95,5.96,33.01,0,196.64,0
2024-03-31T08:00:00.000Z,31/3/2024,01:30 PM,Sun,1,13,1115,39.8,50,0.121,6.73,45.4,20,50,0,0,10,0.95,6.92,38.67,0,267.72,0
2024-03-31T09:00:00.000Z,31/3/2024,02:30 PM,Sun,1,14,1188,39.3,50,0.123,7.29,46.75,20,50,0,0,10,0.95,5.93,39.46,0,233.98,0
2024-03-31T10:00:00.000Z,31/3/2024,03:30 PM,Sun,1,15,773,38.5,50,0.126,4.87,44.58,20,50,0,0,10,0.95,5.25,39.71,0,208.45,0
2024-03-31T11:00:00.000Z,31/3/2024,04:30 PM,Sun,1,16,583,37.5,50,0.13,3.79,41.15,20,50,0,0,10,0.95,6,37.36,0,224.32,0
2024-03-31T12:00:00.000Z,31/3/2024,05:30 PM,Sun,1,17,292,36.3,50,0.135,1.97,41.39,20,50,0,0,10,0.95,6.96,39.42,0,274.57,0
2024-03-31T13:00:00.000Z,31/3/2024,06:30 PM,Sun,1,18,0,35,50,0.14,0,256.12,20,50,0,0,10,0.95,8.32,256.12,0,2131.2,0
2024-03-31T14:00:00.000Z,31/3/2024,07:30 PM,Sun,1,19,0,33.7,50,0.145,0,299.9,20,50,0,0,10,0.95,9.56,299.9,0,2866.16,0
2024-03-31T15:00:00.000Z,31/3/2024,08:30 PM,Sun,1,20,0,32.5,50,0.15,0,299.56,20,50,0,0,10,0.95,8.7,299.56,0,2606.04,0
2024-03-31T16:00:00.000Z,31/3/2024,09:30 PM,Sun,1,21,0,31.5,50,0.154,0,284.23,20,50,0,0,10,0.95,9.7,284.23,0,2756.32,0
2024-03-31T17:00:00.000Z,31/3/2024,10:30 PM,Sun,1,22,0,30.7,50,0.157,0,315.04,20,50,0,0,10,0.95,8.78,315.04,0,2767.35,0
2024-03-31T18:00:00.000Z,31/3/2024,11:30 PM,Sun,1,23,0,30.2,50,0.159,0,348.28,20,50,0,0,10,0.95,6.42,348.28,0,2236.21,0
2024-03-31T19:00:00.000Z,1/4/2024,12:30 AM,Mon,0,0,0,30,50,0.16,0,109.3,20,50,0,0,10,0.95,6.18,109.3,0,675.21,0
2024-03-31T20:00:00.000Z,1/4/2024,01:30 AM,Mon,0,1,0,30.2,50,0.159,0,92.2,20,50,0,0,10,0.95,6.51,92.2,0,600.66,0
2024-03-31T21:00:00.000Z,1/4/2024,02:30 AM,Mon,0,2,0,30.7,50,0.157,0,119.22,20,50,0,0,10,0.95,6.36,119.22,0,757.97,0
2024-03-31T22:00:00.000Z,1/4/2024,03:30 AM,Mon,0,3,0,31.5,50,0.154,0,74.52,20,50,0,0,10,0.95,6.47,74.52,0,481.81,0
2024-03-31T23:00:00.000Z,1/4/2024,04:30 AM,Mon,0,4,0,32.5,50,0.15,0,71.85,20,50,0,0,10,0.95,6.94,71.85,0,498.39,0
2024-04-01T00:00:00.000Z,1/4/2024,05:30 AM,Mon,0,5,0,33.7,50,0.145,0,78.55,20,50,0,0,10,0.95,6.01,78.55,0,471.98,0
2024-04-01T01:00:00.000Z,1/4/2024,06:30 AM,Mon,0,6,0,35,50,0.14,0,255.44,20,50,0,0,10,0.95,8.04,255.44,0,2053.92,0
2024-04-01T02:00:00.000Z,1/4/2024,07:30 AM,Mon,0,7,317,36.3,50,0.135,2.14,164.45,20,50,0,0,10,0.95,8.96,162.31,0,1454.38,0
2024-04-01T03:00:00.000Z,1/4/2024,08:30 AM,Mon,0,8,642,37.5,50,0.13,4.17,192.63,20,50,0,0,10,0.95,9.9,188.46,0,1866.14,0
2024-04-01T04:00:00.000Z,1/4/2024,09:30 AM,Mon,0,9,758,38.5,50,0.126,4.78,151.42,20,50,0,0,10,0.95,8.75,146.64,0,1283.37,0
2024-04-01T05:00:00.000Z,1/4/2024,10:30 AM,Mon,0,10,924,39.3,50,0.123,5.67,32.15,20,50,0,0,10,0.95,8.14,26.48,0,215.61,0
2024-04-01T06:00:00.000Z,1/4/2024,11:30 AM,Mon,0,11,1219,39.8,50,0.121,7.36,31.84,20,50,0,0,10,0.95,5.99,24.48,0,146.53,0
2024-04-01T07:00:00.000Z,1/4/2024,12:30 PM,Mon,0,12,1199,40,50,0.12,7.19,32.27,20,50,0,0,10,0.95,5.59,25.08,0,140.27,0
2024-04-01T08:00:00.000Z,1/4/2024,01:30 PM,Mon,0,13,1267,39.8,50,0.121,7.65,36.12,20,50,0,0,10,0.95,5.45,28.47,0,155.22,0
2024-04-01T09:00:00.000Z,1/4/2024,02:30 PM,Mon,0,14,1148,39.3,50,0.123,7.05,37.56,20,50,0,0,10,0.95,5.4,30.51,0,164.7,0
2024-04-01T10:00:00.000Z,1/4/2024,03:30 PM,Mon,0,15,747,38.5,50,0.126,4.71,36.55,20,50,0,0,10,0.95,5.77,31.84,0,183.77,0
2024-04-01T11:00:00.000Z,1/4/2024,04:30 PM,Mon,0,16,560,37.5,50,0.13,3.64,32.13,20,50,0,0,10,0.95,6.06,28.49,0,172.68,0
2024-04-01T12:00:00.000Z,1/4/2024,05:30 PM,Mon,0,17,266,36.3,50,0.135,1.79,34.12,20,50,0,0,10,0.95,6.26,32.33,0,202.39,0
2024-04-01T13:00:00.000Z,1/4/2024,06:30 PM,Mon,0,18,0,35,50,0.14,0,243.15,20,50,0,0,10,0.95,9.41,243.15,0,2286.89,0
2024-04-01T14:00:00.000Z,1/4/2024,07:30 PM,Mon,0,19,0,33.7,50,0.145,0,297.77,20,50,0,0,10,0.95,9.19,297.77,0,2735.72,0
2024-04-01T15:00:00.000Z,1/4/2024,08:30 PM,Mon,0,20,0,32.5,50,0.15,0,237.81,20,50,0,0,10,0.95,9.78,237.81,0,2324.83,0
2024-04-01T16:00:00.000Z,1/4/2024,09:30 PM,Mon,0,21,0,31.5,50,0.154,0,239.66,20,50,0,0,10,0.95,9.01,239.66,0,2159.15,0
2024-04-01T17:00:00.000Z,1/4/2024,10:30 PM,Mon,0,22,0,30.7,50,0.157,0,282.69,20,50,0,0,10,0.95,9.64,282.69,0,2723.82,0
2024-04-01T18:00:00.000Z,1/4/2024,11:30 PM,Mon,0,23,0,30.2,50,0.159,0,289.01,20,50,0,0,10,0.95,6.18,289.01,0,1785.09,0
2024-04-01T19:00:00.000Z,2/4/2024,12:30 AM,Tue,0,0,0,30,50,0.16,0,82.65,20,50,0,0,10,0.95,6.77,82.65,0,559.83,0
2024-04-01T20:00:00.000Z,2/4/2024,01:30 AM,Tue,0,1,0,30.2,50,0.159,0,67.33,20,50,0,0,10,0.95,5.47,67.33,0,368.5,0
2024-04-01T21:00:00.000Z,2/4/2024,02:30 AM,Tue,0,2,0,30.7,50,0.157,0,86.33,20,50,0,0,10,0.95,5.24,86.33,0,452.02,0
2024-04-01T22:00:00.000Z,2/4/2024,03:30 AM,Tue,0,3,0,31.5,50,0.154,0,76.37,20,50,0,0,10,0.95,5.38,76.37,0,410.64,0
2024-04-01T23:00:00.000Z,2/4/2024,04:30 AM,Tue,0,4,0,32.5,50,0.15,0,102,20,50,0,0,10,0.95,6.55,102,0,668.5,0
2024-04-02T00:00:00.000Z,2/4/2024,05:30 AM,Tue,0,5,0,33.7,50,0.145,0,109.45,20,50,0,0,10,0.95,5.41,109.45,0,592.54,0
2024-04-02T01:00:00.000Z,2/4/2024,06:30 AM,Tue,0,6,0,35,50,0.14,0,280.12,20,50,0,0,10,0.95,9.12,280.12,0,2555.22,0
2024-04-02T02:00:00.000Z,2/4/2024,07:30 AM,Tue,0,7,327,36.3,50,0.135,2.2,184.29,20,50,0,0,10,0.95,9.13,182.09,0,1662.26,0
2024-04-02T03:00:00.000Z,2/4/2024,08:30 AM,Tue,0,8,676,37.5,50,0.13,4.39,165.11,20,50,0,0,10,0.95,9.24,160.72,0,1485.18,0
2024-04-02T04:00:00.000Z,2/4/2024,09:30 AM,Tue,0,9,743,38.5,50,0.126,4.68,180.61,20,50,0,0,10,0.95,9.69,175.93,0,1705.62,0
2024-04-02T05:00:00.000Z,2/4/2024,10:30 AM,Tue,0,10,1168,39.3,50,0.123,7.17,40.72,20,50,0,0,10,0.95,8.01,33.55,0,268.57,0
2024-04-02T06:00:00.000Z,2/4/2024,11:30 AM,Tue,0,11,1047,39.8,50,0.121,6.32,36.25,20,50,0,0,10,0.95,5.32,29.93,0,159.09,0
2024-04-02T07:00:00.000Z,2/4/2024,12:30 PM,Tue,0,12,1124,40,50,0.12,6.74,31.64,20,50,0,0,10,0.95,5.52,24.9,0,137.49,0
2024-04-02T08:00:00.000Z,2/4/2024,01:30 PM,Tue,0,13,1211,39.8,50,0.121,7.31,34.75,20,50,0,0,10,0.95,6.65,27.44,0,182.35,0
2024-04-02T09:00:00.000Z,2/4/2024,02:30 PM,Tue,0,14,922,39.3,50,0.123,5.66,29.17,20,50,0,0,10,0.95,5.08,23.51,0,119.47,0
2024-04-02T10:00:00.000Z,2/4/2024,03:30 PM,Tue,0,15,783,38.5,50,0.126,4.93,34.11,20,50,0,0,10,0.95,5.15,29.18,0,150.21,0
2024-04-02T11:00:00.000Z,2/4/2024,04:30 PM,Tue,0,16,541,37.5,50,0.13,3.52,36.34,20,50,0,0,10,0.95,6.83,32.82,0,224.34,0
2024-04-02T12:00:00.000Z,2/4/2024,05:30 PM,Tue,0,17,343,36.3,50,0.135,2.31,36.99,20,50,0,0,10,0.95,5.65,34.68,0,195.91,0
2024-04-02T13:00:00.000Z,2/4/2024,06:30 PM,Tue,0,18,0,35,50,0.14,0,228.34,20,50,0,0,10,0.95,8.18,228.34,0,1866.93,0
2024-04-02T14:00:00.000Z,2/4/2024,07:30 PM,Tue,0,19,0,33.7,50,0.145,0,232.56,20,50,0,0,10,0.95,9.7,232.56,0,2254.86,0
2024-04-02T15:00:00.000Z,2/4/2024,08:30 PM,Tue,0,20,0,32.5,50,0.15,0,215.68,20,50,0,0,10,0.95,9.3,215.68,0,2004.84,0
2024-04-02T16:00:00.000Z,2/4/2024,09:30 PM,Tue,0,21,0,31.5,50,0.154,0,245.94,20,50,0,0,10,0.95,8.92,245.94,0,2194.24,0
2024-04-02T17:00:00.000Z,2/4/2024,10:30 PM,Tue,0,22,0,30.7,50,0.157,0,253.36,20,50,0,0,10,0.95,9.84,253.36,0,2493.41,0
2024-04-02T18:00:00.000Z,2/4/2024,11:30 PM,Tue,0,23,0,30.2,50,0.159,0,254.58,20,50,0,0,10,0.95,5.3,254.58,0,1349.37,0
2024-04-02T19:00:00.000Z,3/4/2024,12:30 AM,Wed,0,0,0,30,50,0.16,0,97.72,20,50,0,0,10,0.95,6.13,97.72,0,599.2,0
2024-04-02T20:00:00.000Z,3/4/2024,01:30 AM,Wed,0,1,0,30.2,50,0.159,0,115.18,20,50,0,0,10,0.95,6.26,115.18,0,720.65,0
2024-04-02T21:00:00.000Z,3/4/2024,02:30 AM,Wed,0,2,0,30.7,50,0.157,0,108.85,20,50,0,0,10,0.95,5.56,108.85,0,605.32,0
2024-04-02T22:00:00.000Z,3/4/2024,03:30 AM,Wed,0,3,0,31.5,50,0.154,0,77.59,20,50,0,0,10,0.95,6.32,77.59,0,490.23,0
2024-04-02T23:00:00.000Z,3/4/2024,04:30 AM,Wed,0,4,0,32.5,50,0.15,0,87.37,20,50,0,0,10,0.95,5.11,87.37,0,446.31,0
2024-04-03T00:00:00.000Z,3/4/2024,05:30 AM,Wed,0,5,0,33.7,50,0.145,0,75.45,20,50,0,0,10,0.95,6.94,75.45,0,523.56,0
2024-04-03T01:00:00.000Z,3/4/2024,06:30 AM,Wed,0,6,0,35,50,0.14,0,237.23,20,50,0,0,10,0.95,8.45,237.23,0,2004.44,0
2024-04-03T02:00:00.000Z,3/4/2024,07:30 AM,Wed,0,7,347,36.3,50,0.135,2.34,175.26,20,50,0,0,10,0.95,8.56,172.92,0,1480.12,0
2024-04-03T03:00:00.000Z,3/4/2024,08:30 AM,Wed,0,8,542,37.5,50,0.13,3.52,207.32,20,50,0,0,10,0.95,8.46,203.8,0,1724.06,0
2024-04-03T04:00:00.000Z,3/4/2024,09:30 AM,Wed,0,9,848,38.5,50,0.126,5.34,170.76,20,50,0,0,10,0.95,8.03,165.42,0,1328.03,0
2024-04-03T05:00:00.000Z,3/4/2024,10:30 AM,Wed,0,10,916,39.3,50,0.123,5.62,33.75,20,50,0,0,10,0.95,9.08,28.13,0,255.49,0
2024-04-03T06:00:00.000Z,3/4/2024,11:30 AM,Wed,0,11,1264,39.8,50,0.121,7.63,32.03,20,50,0,0,10,0.95,5.62,24.4,0,136.99,0
2024-04-03T07:00:00.000Z,3/4/2024,12:30 PM,Wed,0,12,1024,40,50,0.12,6.14,32.97,20,50,0,0,10,0.95,5.61,26.83,0,150.46,0
2024-04-03T08:00:00.000Z,3/4/2024,01:30 PM,Wed,0,13,1087,39.8,50,0.121,6.57,32.18,20,50,0,0,10,0.95,5.23,25.61,0,133.86,0
2024-04-03T09:00:00.000Z,3/4/2024,02:30 PM,Wed,0,14,925,39.3,50,0.123,5.68,33.55,20,50,0,0,10,0.95,6.03,27.87,0,168.17,0
2024-04-03T10:00:00.000Z,3/4/2024,03:30 PM,Wed,0,15,903,38.5,50,0.126,5.69,36.99,20,50,0,0,10,0.95,6.09,31.3,0,190.72,0
2024-04-03T11:00:00.000Z,3/4/2024,04:30 PM,Wed,0,16,626,37.5,50,0.13,4.07,37.49,20,50,0,0,10,0.95,5.15,33.42,0,171.95,0
2024-04-03T12:00:00.000Z,3/4/2024,05:30 PM,Wed,0,17,295,36.3,50,0.135,1.99,30.44,20,50,0,0,10,0.95,5.69,28.45,0,161.77,0
2024-04-03T13:00:00.000Z,3/4/2024,06:30 PM,Wed,0,18,0,35,50,0.14,0,257.27,20,50,0,0,10,0.95,8.46,257.27,0,2177.26,0
2024-04-03T14:00:00.000Z,3/4/2024,07:30 PM,Wed,0,19,0,33.7,50,0.145,0,258.2,20,50,0,0,10,0.95,8.45,258.2,0,2181.15,0
2024-04-03T15:00:00.000Z,3/4/2024,08:30 PM,Wed,0,20,0,32.5,50,0.15,0,223.17,20,50,0,0,10,0.95,8.66,223.17,0,1933.31,0
2024-04-03T16:00:00.000Z,3/4/2024,09:30 PM,Wed,0,21,0,31.5,50,0.154,0,212.47,20,50,0,0,10,0.95,8.73,212.47,0,1853.86,0
2024-04-03T17:00:00.000Z,3/4/2024,10:30 PM,Wed,0,22,0,30.7,50,0.157,0,286.68,20,50,0,0,10,0.95,8.86,286.68,0,2539.03,0
2024-04-03T18:00:00.000Z,3/4/2024,11:30 PM,Wed,0,23,0,30.2,50,0.159,0,279.2,20,50,0,0,10,0.95,6.7,279.2,0,1869.57,0
2024-04-03T19:00:00.000Z,4/4/2024,12:30 AM,Thu,0,0,0,30,50,0.16,0,103.82,20,50,0,0,10,0.95,6.48,103.82,0,672.32,0
2024-04-03T20:00:00.000Z,4/4/2024,01:30 AM,Thu,0,1,0,30.2,50,0.159,0,83.31,20,50,0,0,10,0.95,6.22,83.31,0,518.22,0
2024-04-03T21:00:00.000Z,4/4/2024,02:30 AM,Thu,0,2,0,30.7,50,0.157,0,114.99,20,50,0,0,10,0.95,6.14,114.99,0,705.76,0
2024-04-03T22:00:00.000Z,4/4/2024,03:30 AM,Thu,0,3,0,31.5,50,0.154,0,86.29,20,50,0,0,10,0.95,5.21,86.29,0,449.38,0
2024-04-03T23:00:00.000Z,4/4/2024,04:30 AM,Thu,0,4,0,32.5,50,0.15,0,77.69,20,50,0,0,10,0.95,5.67,77.69,0,440.85,0
2024-04-04T00:00:00.000Z,4/4/2024,05:30 AM,Thu,0,5,0,33.7,50,0.145,0,91.36,20,50,0,0,10,0.95,5.49,91.36,0,501.22,0
2024-04-04T01:00:00.000Z,4/4/2024,06:30 AM,Thu,0,6,0,35,50,0.14,0,226.04,20,50,0,0,10,0.95,8.48,226.04,0,1917.85,0
2024-04-04T02:00:00.000Z,4/4/2024,07:30 AM,Thu,0,7,330,36.3,50,0.135,2.22,176.38,20,50,0,0,10,0.95,9.8,174.16,0,1707.18,0
2024-04-04T03:00:00.000Z,4/4/2024,08:30 AM,Thu,0,8,603,37.5,50,0.13,3.92,151.19,20,50,0,0,10,0.95,8.5,147.27,0,1252.25,0
2024-04-04T04:00:00.000Z,4/4/2024,09:30 AM,Thu,0,9,737,38.5,50,0.126,4.64,172.93,20,50,0,0,10,0.95,8.15,168.29,0,1371.01,0
2024-04-04T05:00:00.000Z,4/4/2024,10:30 AM,Thu,0,10,1022,39.3,50,0.123,6.28,34.69,20,50,0,0,10,0.95,8.02,28.41,0,227.89,0
2024-04-04T06:00:00.000Z,4/4/2024,11:30 AM,Thu,0,11,1027,39.8,50,0.121,6.2,31.32,20,50,0,0,10,0.95,6.57,25.12,0,165.1,0
2024-04-04T07:00:00.000Z,4/4/2024,12:30 PM,Thu,0,12,1108,40,50,0.12,6.65,34.53,20,50,0,0,10,0.95,5.83,27.88,0,162.62,0
2024-04-04T08:00:00.000Z,4/4/2024,01:30 PM,Thu,0,13,1078,39.8,50,0.121,6.51,29.98,20,50,0,0,10,0.95,6.68,23.47,0,156.74,0
2024-04-04T09:00:00.000Z,4/4/2024,02:30 PM,Thu,0,14,1116,39.3,50,0.123,6.85,35.35,20,50,0,0,10,0.95,6.36,28.5,0,181.17,0
2024-04-04T10:00:00.000Z,4/4/2024,03:30 PM,Thu,0,15,946,38.5,50,0.126,5.96,37.41,20,50,0,0,10,0.95,5.37,31.45,0,168.8,0
2024-04-04T11:00:00.000Z,4/4/2024,04:30 PM,Thu,0,16,521,37.5,50,0.13,3.39,37.95,20,50,0,0,10,0.95,5.36,34.56,0,185.1,0
2024-04-04T12:00:00.000Z,4/4/2024,05:30 PM,Thu,0,17,278,36.3,50,0.135,1.87,33.57,20,50,0,0,10,0.95,5.89,31.7,0,186.65,0
2024-04-04T13:00:00.000Z,4/4/2024,06:30 PM,Thu,0,18,0,35,50,0.14,0,227.32,20,50,0,0,10,0.95,9.53,227.32,0,2165.79,0
2024-04-04T14:00:00.000Z,4/4/2024,07:30 PM,Thu,0,19,0,33.7,50,0.145,0,275.52,20,50,0,0,10,0.95,8.03,275.52,0,2212.82,0
2024-04-04T15:00:00.000Z,4/4/2024,08:30 PM,Thu,0,20,0,32.5,50,0.15,0,217.86,20,50,0,0,10,0.95,9.06,217.86,0,1972.86,0
2024-04-04T16:00:00.000Z,4/4/2024,09:30 PM,Thu,0,21,0,31.5,50,0.154,0,233.26,20,50,0,0,10,0.95,9.84,233.26,0,2294.15,0
2024-04-04T17:00:00.000Z,4/4/2024,10:30 PM,Thu,0,22,0,30.7,50,0.157,0,283.51,20,50,0,0,10,0.95,9.05,283.51,0,2565.53,0
2024-04-04T18:00:00.000Z,4/4/2024,11:30 PM,Thu,0,23,0,30.2,50,0.159,0,274.15,20,50,0,0,10,0.95,5.69,274.15,0,1561.16,0
2024-04-04T19:00:00.000Z,5/4/2024,12:30 AM,Fri,0,0,0,30,50,0.16,0,78,20,50,0,0,10,0.95,5.19,78,0,405.04,0
2024-04-04T20:00:00.000Z,5/4/2024,01:30 AM,Fri,0,1,0,30.1,50,0.16,0,100.65,20,50,0,0,10,0.95,5.65,100.65,0,568.69,0
2024-04-04T21:00:00.000Z,5/4/2024,02:30 AM,Fri,0,2,0,30.6,50,0.158,0,83.5,20,50,0,0,10,0.95,5.55,83.5,0,463.5,0
2024-04-04T22:00:00.000Z,5/4/2024,03:30 AM,Fri,0,3,0,31.4,50,0.154,0,92.94,20,50,0,0,10,0.95,6.38,92.94,0,593.1,0
2024-04-04T23:00:00.000Z,5/4/2024,04:30 AM,Fri,0,4,0,32.5,50,0.15,0,78.97,20,50,0,0,10,0.95,6.52,78.97,0,514.74,0
2024-04-05T00:00:00.000Z,5/4/2024,05:30 AM,Fri,0,5,0,33.7,50,0.145,0,78.12,20,50,0,0,10,0.95,5.22,78.12,0,407.89,0
2024-04-05T01:00:00.000Z,5/4/2024,06:30 AM,Fri,0,6,0,35,50,0.14,0,214.76,20,50,0,0,10,0.95,9.99,214.76,0,2145.31,0
2024-04-05T02:00:00.000Z,5/4/2024,07:30 AM,Fri,0,7,265,36.3,50,0.135,1.79,168.75,20,50,0,0,10,0.95,9.8,166.96,0,1635.96,0
2024-04-05T03:00:00.000Z,5/4/2024,08:30 AM,Fri,0,8,565,37.5,50,0.13,3.67,179.27,20,50,0,0,10,0.95,8,175.6,0,1405.63,0
2024-04-05T04:00:00.000Z,5/4/2024,09:30 AM,Fri,0,9,959,38.5,50,0.126,6.04,178.88,20,50,0,0,10,0.95,8.43,172.84,0,1457.86,0
2024-04-05T05:00:00.000Z,5/4/2024,10:30 AM,Fri,0,10,1000,39.3,50,0.123,6.14,34.96,20,50,0,0,10,0.95,9.71,28.82,0,279.95,0
2024-04-05T06:00:00.000Z,5/4/2024,11:30 AM,Fri,0,11,1329,39.8,50,0.121,8.03,34.49,20,50,0,0,10,0.95,6.43,26.46,0,170.18,0
2024-04-05T07:00:00.000Z,5/4/2024,12:30 PM,Fri,0,12,1208,40,50,0.12,7.25,34.57,20,50,0,0,10,0.95,5.2,27.32,0,141.98,0
2024-04-05T08:00:00.000Z,5/4/2024,01:30 PM,Fri,0,13,993,39.8,50,0.121,6,31.67,20,50,0,0,10,0.95,5.98,25.67,0,153.59,0
2024-04-05T09:00:00.000Z,5/4/2024,02:30 PM,Fri,0,14,1194,39.3,50,0.123,7.33,34.31,20,50,0,0,10,0.95,5.89,26.98,0,158.87,0
2024-04-05T10:00:00.000Z,5/4/2024,03:30 PM,Fri,0,15,779,38.5,50,0.126,4.91,35.77,20,50,0,0,10,0.95,5.78,30.86,0,178.29,0
2024-04-05T11:00:00.000Z,5/4/2024,04:30 PM,Fri,0,16,586,37.5,50,0.13,3.81,35.59,20,50,0,0,10,0.95,5.27,31.78,0,167.35,0
2024-04-05T12:00:00.000Z,5/4/2024,05:30 PM,Fri,0,17,343,36.3,50,0.135,2.31,36.3,20,50,0,0,10,0.95,6.57,33.99,0,223.35,0
2024-04-05T13:00:00.000Z,5/4/2024,06:30 PM,Fri,0,18,0,35,50,0.14,0,251.27,20,50,0,0,10,0.95,8.07,251.27,0,2028.52,0
2024-04-05T14:00:00.000Z,5/4/2024,07:30 PM,Fri,0,19,0,33.7,50,0.145,0,249.77,20,50,0,0,10,0.95,8.2,249.77,0,2048.83,0
2024-04-05T15:00:00.000Z,5/4/2024,08:30 PM,Fri,0,20,0,32.5,50,0.15,0,242.16,20,50,0,0,10,0.95,8.95,242.16,0,2166.24,0
2024-04-05T16:00:00.000Z,5/4/2024,09:30 PM,Fri,0,21,0,31.4,50,0.154,0,224.07,20,50,0,0,10,0.95,8.95,224.07,0,2005.44,0
2024-04-05T17:00:00.000Z,5/4/2024,10:30 PM,Fri,0,22,0,30.6,50,0.158,0,288.89,20,50,0,0,10,0.95,9.93,288.89,0,2868.02,0
2024-04-05T18:00:00.000Z,5/4/2024,11:30 PM,Fri,0,23,0,30.1,50,0.16,0,277.27,20,50,0,0,10,0.95,5.32,277.27,0,1475.57,0
2024-04-05T19:00:00.000Z,6/4/2024,12:30 AM,Sat,1,0,0,30,50,0.16,0,107.19,20,50,0,0,10,0.95,5.92,107.19,0,634.37,0
2024-04-05T20:00:00.000Z,6/4/2024,01:30 AM,Sat,1,1,0,30.1,50,0.16,0,111.76,20,50,0,0,10,0.95,6.35,111.76,0,709.47,0
2024-04-05T21:00:00.000Z,6/4/2024,02:30 AM,Sat,1,2,0,30.6,50,0.158,0,99.66,20,50,0,0,10,0.95,6.37,99.66,0,634.4,0
2024-04-05T22:00:00.000Z,6/4/2024,03:30 AM,Sat,1,3,0,31.4,50,0.154,0,113.99,20,50,0,0,10,0.95,6.15,113.99,0,700.86,0
2024-04-05T23:00:00.000Z,6/4/2024,04:30 AM,Sat,1,4,0,32.5,50,0.15,0,86.66,20,50,0,0,10,0.95,5.31,86.66,0,459.78,0
2024-04-06T00:00:00.000Z,6/4/2024,05:30 AM,Sat,1,5,0,33.7,50,0.145,0,118.96,20,50,0,0,10,0.95,5.65,118.96,0,671.95,0
2024-04-06T01:00:00.000Z,6/4/2024,06:30 AM,Sat,1,6,0,35,50,0.14,0,279.51,20,50,0,0,10,0.95,8.73,279.51,0,2439.37,0
2024-04-06T02:00:00.000Z,6/4/2024,07:30 AM,Sat,1,7,311,36.3,50,0.135,2.1,208.14,20,50,0,0,10,0.95,8.69,206.04,0,1790.85,0
2024-04-06T03:00:00.000Z,6/4/2024,08:30 AM,Sat,1,8,626,37.5,50,0.13,4.07,210.83,20,50,0,0,10,0.95,9.84,206.76,0,2034.22,0
2024-04-06T04:00:00.000Z,6/4/2024,09:30 AM,Sat,1,9,872,38.5,50,0.126,5.49,198.48,20,50,0,0,10,0.95,9.7,192.99,0,1872.2,0
2024-04-06T05:00:00.000Z,6/4/2024,10:30 AM,Sat,1,10,1162,39.3,50,0.123,7.13,40.64,20,50,0,0,10,0.95,9.44,33.51,0,316.35,0
2024-04-06T06:00:00.000Z,6/4/2024,11:30 AM,Sat,1,11,1010,39.8,50,0.121,6.1,36.54,20,50,0,0,10,0.95,5.8,30.44,0,176.51,0
2024-04-06T07:00:00.000Z,6/4/2024,12:30 PM,Sat,1,12,1089,40,50,0.12,6.53,38.77,20,50,0,0,10,0.95,5.98,32.24,0,192.92,0
2024-04-06T08:00:00.000Z,6/4/2024,01:30 PM,Sat,1,13,1147,39.8,50,0.121,6.93,39.1,20,50,0,0,10,0.95,5.65,32.17,0,181.84,0
2024-04-06T09:00:00.000Z,6/4/2024,02:30 PM,Sat,1,14,903,39.3,50,0.123,5.54,40.65,20,50,0,0,10,0.95,6.19,35.11,0,217.24,0
2024-04-06T10:00:00.000Z,6/4/2024,03:30 PM,Sat,1,15,940,38.5,50,0.126,5.92,43.99,20,50,0,0,10,0.95,5.79,38.07,0,220.24,0
2024-04-06T11:00:00.000Z,6/4/2024,04:30 PM,Sat,1,16,519,37.5,50,0.13,3.37,39.99,20,50,0,0,10,0.95,6.36,36.62,0,232.83,0
2024-04-06T12:00:00.000Z,6/4/2024,05:30 PM,Sat,1,17,267,36.3,50,0.135,1.8,38.66,20,50,0,0,10,0.95,5.53,36.86,0,203.68,0
2024-04-06T13:00:00.000Z,6/4/2024,06:30 PM,Sat,1,18,0,35,50,0.14,0,287.96,20,50,0,0,10,0.95,8.28,287.96,0,2383.62,0
2024-04-06T14:00:00.000Z,6/4/2024,07:30 PM,Sat,1,19,0,33.7,50,0.145,0,305.68,20,50,0,0,10,0.95,9.36,305.68,0,2861.64,0
2024-04-06T15:00:00.000Z,6/4/2024,08:30 PM,Sat,1,20,0,32.5,50,0.15,0,325.07,20,50,0,0,10,0.95,9.95,325.07,0,3234.8,0
2024-04-06T16:00:00.000Z,6/4/2024,09:30 PM,Sat,1,21,0,31.4,50,0.154,0,297.17,20,50,0,0,10,0.95,8.22,297.17,0,2441.52,0
2024-04-06T17:00:00.000Z,6/4/2024,10:30 PM,Sat,1,22,0,30.6,50,0.158,0,358.75,20,50,0,0,10,0.95,9.48,358.75,0,3400.12,0
2024-04-06T18:00:00.000Z,6/4/2024,11:30 PM,Sat,1,23,0,30.1,50,0.16,0,304.01,20,50,0,0,10,0.95,6.41,304.01,0,1949.49,0
2024-04-06T19:00:00.000Z,7/4/2024,12:30 AM,Sun,1,0,0,30,50,0.16,0,81.21,20,50,0,0,10,0.95,6.06,81.21,0,492.08,0
2024-04-06T20:00:00.000Z,7/4/2024,01:30 AM,Sun,1,1,0,30.1,50,0.16,0,97.42,20,50,0,0,10,0.95,5.04,97.42,0,490.88,0
2024-04-06T21:00:00.000Z,7/4/2024,02:30 AM,Sun,1,2,0,30.6,50,0.158,0,81.41,20,50,0,0,10,0.95,6.24,81.41,0,507.99,0
2024-04-06T22:00:00.000Z,7/4/2024,03:30 AM,Sun,1,3,0,31.4,50,0.154,0,109.15,20,50,0,0,10,0.95,5.96,109.15,0,650.75,0
2024-04-06T23:00:00.000Z,7/4/2024,04:30 AM,Sun,1,4,0,32.5,50,0.15,0,92.94,20,50,0,0,10,0.95,5.53,92.94,0,513.95,0
2024-04-07T00:00:00.000Z,7/4/2024,05:30 AM,Sun,1,5,0,33.7,50,0.145,0,83.77,20,50,0,0,10,0.95,5.16,83.77,0,432.16,0
2024-04-07T01:00:00.000Z,7/4/2024,06:30 AM,Sun,1,6,0,35,50,0.14,0,275.25,20,50,0,0,10,0.95,9.37,275.25,0,2578.25,0
2024-04-07T02:00:00.000Z,7/4/2024,07:30 AM,Sun,1,7,352,36.2,50,0.135,2.38,189.66,20,50,0,0,10,0.95,8.04,187.28,0,1505.6,0
2024-04-07T03:00:00.000Z,7/4/2024,08:30 AM,Sun,1,8,687,37.5,50,0.13,4.47,202.16,20,50,0,0,10,0.95,8.67,197.69,0,1714.01,0
2024-04-07T04:00:00.000Z,7/4/2024,09:30 AM,Sun,1,9,848,38.5,50,0.126,5.34,216.94,20,50,0,0,10,0.95,8.67,211.6,0,1834.32,0
2024-04-07T05:00:00.000Z,7/4/2024,10:30 AM,Sun,1,10,1145,39.3,50,0.123,7.03,48.72,20,50,0,0,10,0.95,8.42,41.69,0,350.98,0
2024-04-07T06:00:00.000Z,7/4/2024,11:30 AM,Sun,1,11,1310,39.8,50,0.121,7.91,43.18,20,50,0,0,10,0.95,5.89,35.27,0,207.6,0
2024-04-07T07:00:00.000Z,7/4/2024,12:30 PM,Sun,1,12,1287,40,50,0.12,7.72,39.45,20,50,0,0,10,0.95,5.1,31.73,0,161.95,0
2024-04-07T08:00:00.000Z,7/4/2024,01:30 PM,Sun,1,13,1218,39.8,50,0.121,7.36,41.7,20,50,0,0,10,0.95,5.94,34.34,0,203.85,0
2024-04-07T09:00:00.000Z,7/4/2024,02:30 PM,Sun,1,14,1020,39.3,50,0.123,6.26,37.76,20,50,0,0,10,0.95,6.49,31.5,0,204.51,0
2024-04-07T10:00:00.000Z,7/4/2024,03:30 PM,Sun,1,15,762,38.5,50,0.126,4.8,42.59,20,50,0,0,10,0.95,6.49,37.79,0,245.4,0
2024-04-07T11:00:00.000Z,7/4/2024,04:30 PM,Sun,1,16,514,37.5,50,0.13,3.34,42.49,20,50,0,0,10,0.95,6.31,39.15,0,247.2,0
2024-04-07T12:00:00.000Z,7/4/2024,05:30 PM,Sun,1,17,353,36.2,50,0.135,2.39,41.25,20,50,0,0,10,0.95,6.53,38.86,0,253.68,0
2024-04-07T13:00:00.000Z,7/4/2024,06:30 PM,Sun,1,18,0,35,50,0.14,0,293.17,20,50,0,0,10,0.95,9.21,293.17,0,2700.42,0
2024-04-07T14:00:00.000Z,7/4/2024,07:30 PM,Sun,1,19,0,33.7,50,0.145,0,258.37,20,50,0,0,10,0.95,9.57,258.37,0,2472.8,0
2024-04-07T15:00:00.000Z,7/4/2024,08:30 PM,Sun,1,20,0,32.5,50,0.15,0,300.41,20,50,0,0,10,0.95,8.36,300.41,0,2511.42,0
2024-04-07T16:00:00.000Z,7/4/2024,09:30 PM,Sun,1,21,0,31.4,50,0.154,0,303.11,20,50,0,0,10,0.95,8.54,303.11,0,2587.2,0
2024-04-07T17:00:00.000Z,7/4/2024,10:30 PM,Sun,1,22,0,30.6,50,0.158,0,325,20,50,0,0,10,0.95,8.39,325,0,2725.51,0
2024-04-07T18:00:00.000Z,7/4/2024,11:30 PM,Sun,1,23,0,30.1,50,0.16,0,367.28,20,50,0,0,10,0.95,6.21,367.28,0,2279.65,0
2024-04-07T19:00:00.000Z,8/4/2024,12:30 AM,Mon,0,0,0,29.9,50,0.16,0,93.34,20,50,0,0,10,0.95,6.69,93.34,0,624.05,0
2024-04-07T20:00:00.000Z,8/4/2024,01:30 AM,Mon,0,1,0,30.1,50,0.16,0,90.4,20,50,0,0,10,0.95,5.01,90.4,0,453.21,0
2024-04-07T21:00:00.000Z,8/4/2024,02:30 AM,Mon,0,2,0,30.6,50,0.158,0,115.13,20,50,0,0,10,0.95,6.81,115.13,0,784.28,0
2024-04-07T22:00:00.000Z,8/4/2024,03:30 AM,Mon,0,3,0,31.4,50,0.154,0,96.15,20,50,0,0,10,0.95,6.4,96.15,0,615.61,0
2024-04-07T23:00:00.000Z,8/4/2024,04:30 AM,Mon,0,4,0,32.4,50,0.15,0,86.54,20,50,0,0,10,0.95,5.29,86.54,0,457.79,0
2024-04-08T00:00:00.000Z,8/4/2024,05:30 AM,Mon,0,5,0,33.6,50,0.146,0,91.65,20,50,0,0,10,0.95,6.24,91.65,0,571.47,0
2024-04-08T01:00:00.000Z,8/4/2024,06:30 AM,Mon,0,6,0,34.9,50,0.14,0,238.94,20,50,0,0,10,0.95,9.72,238.94,0,2322.99,0
2024-04-08T02:00:00.000Z,8/4/2024,07:30 AM,Mon,0,7,294,36.2,50,0.135,1.99,196.33,20,50,0,0,10,0.95,9.58,194.34,0,1861.3,0
2024-04-08T03:00:00.000Z,8/4/2024,08:30 AM,Mon,0,8,554,37.4,50,0.13,3.61,179.48,20,50,0,0,10,0.95,9.75,175.87,0,1714.47,0
2024-04-08T04:00:00.000Z,8/4/2024,09:30 AM,Mon,0,9,834,38.5,50,0.126,5.25,169.27,20,50,0,0,10,0.95,9.76,164.02,0,1601.55,0
2024-04-08T05:00:00.000Z,8/4/2024,10:30 AM,Mon,0,10,928,39.3,50,0.123,5.7,35.98,20,50,0,0,10,0.95,8.07,30.28,0,244.5,0
2024-04-08T06:00:00.000Z,8/4/2024,11:30 AM,Mon,0,11,1206,39.8,50,0.121,7.28,34,20,50,0,0,10,0.95,5.23,26.72,0,139.86,0
2024-04-08T07:00:00.000Z,8/4/2024,12:30 PM,Mon,0,12,1234,39.9,50,0.12,7.43,42.04,20,50,0,0,10,0.95,6.09,34.61,0,210.73,0
2024-04-08T08:00:00.000Z,8/4/2024,01:30 PM,Mon,0,13,1222,39.8,50,0.121,7.38,36.02,20,50,0,0,10,0.95,6.91,28.64,0,197.76,0
2024-04-08T09:00:00.000Z,8/4/2024,02:30 PM,Mon,0,14,1084,39.3,50,0.123,6.66,32.73,20,50,0,0,10,0.95,5.67,26.07,0,147.76,0
2024-04-08T10:00:00.000Z,8/4/2024,03:30 PM,Mon,0,15,846,38.5,50,0.126,5.33,34.24,20,50,0,0,10,0.95,6.11,28.91,0,176.67,0
2024-04-08T11:00:00.000Z,8/4/2024,04:30 PM,Mon,0,16,671,37.4,50,0.13,4.37,30.93,20,50,0,0,10,0.95,6.42,26.56,0,170.43,0
2024-04-08T12:00:00.000Z,8/4/2024,05:30 PM,Mon,0,17,305,36.2,50,0.135,2.06,37.69,20,50,0,0,10,0.95,5.68,35.63,0,202.48,0
2024-04-08T13:00:00.000Z,8/4/2024,06:30 PM,Mon,0,18,0,34.9,50,0.14,0,256.39,20,50,0,0,10,0.95,8.66,256.39,0,2220.6,0
2024-04-08T14:00:00.000Z,8/4/2024,07:30 PM,Mon,0,19,0,33.6,50,0.146,0,274.81,20,50,0,0,10,0.95,8.43,274.81,0,2316.28,0
2024-04-08T15:00:00.000Z,8/4/2024,08:30 PM,Mon,0,20,0,32.4,50,0.15,0,243.15,20,50,0,0,10,0.95,8.52,243.15,0,2071.31,0
2024-04-08T16:00:00.000Z,8/4/2024,09:30 PM,Mon,0,21,0,31.4,50,0.154,0,260.74,20,50,0,0,10,0.95,8.31,260.74,0,2166.69,0
2024-04-08T17:00:00.000Z,8/4/2024,10:30 PM,Mon,0,22,0,30.6,50,0.158,0,269.06,20,50,0,0,10,0.95,8.67,269.06,0,2331.41,0
2024-04-08T18:00:00.000Z,8/4/2024,11:30 PM,Mon,0,23,0,30.1,50,0.16,0,265.44,20,50,0,0,10,0.95,5.27,265.44,0,1398.36,0
2024-04-08T19:00:00.000Z,9/4/2024,12:30 AM,Tue,0,0,0,29.9,50,0.16,0,88.3,20,50,0,0,10,0.95,6.66,88.3,0,588.12,0
2024-04-08T20:00:00.000Z,9/4/2024,01:30 AM,Tue,0,1,0,30.1,50,0.16,0,82.85,20,50,0,0,10,0.95,6.14,82.85,0,508.46,0
2024-04-08T21:00:00.000Z,9/4/2024,02:30 AM,Tue,0,2,0,30.6,50,0.158,0,87.59,20,50,0,0,10,0.95,6.78,87.59,0,593.75,0
2024-04-08T22:00:00.000Z,9/4/2024,03:30 AM,Tue,0,3,0,31.4,50,0.154,0,59.25,20,50,0,0,10,0.95,5.73,59.25,0,339.67,0
2024-04-08T23:00:00.000Z,9/4/2024,04:30 AM,Tue,0,4,0,32.4,50,0.15,0,96.27,20,50,0,0,10,0.95,6.7,96.27,0,644.8,0
2024-04-09T00:00:00.000Z,9/4/2024,05:30 AM,Tue,0,5,0,33.6,50,0.146,0,96.07,20,50,0,0,10,0.95,5.52,96.07,0,530.1,0
2024-04-09T01:00:00.000Z,9/4/2024,06:30 AM,Tue,0,6,0,34.9,50,0.14,0,213.22,20,50,0,0,10,0.95,9.63,213.22,0,2052.72,0
2024-04-09T02:00:00.000Z,9/4/2024,07:30 AM,Tue,0,7,305,36.2,50,0.135,2.06,200.67,20,50,0,0,10,0.95,9.31,198.61,0,1849.48,0
2024-04-09T03:00:00.000Z,9/4/2024,08:30 AM,Tue,0,8,621,37.4,50,0.13,4.05,189.8,20,50,0,0,10,0.95,8.47,185.75,0,1573.52,0
2024-04-09T04:00:00.000Z,9/4/2024,09:30 AM,Tue,0,9,831,38.4,50,0.126,5.25,164.23,20,50,0,0,10,0.95,9.17,158.98,0,1458.62,0
2024-04-09T05:00:00.000Z,9/4/2024,10:30 AM,Tue,0,10,1129,39.2,50,0.123,6.95,32.11,20,50,0,0,10,0.95,9.39,25.16,0,236.14,0
2024-04-09T06:00:00.000Z,9/4/2024,11:30 AM,Tue,0,11,1183,39.7,50,0.121,7.17,35.53,20,50,0,0,10,0.95,5.77,28.36,0,163.63,0
2024-04-09T07:00:00.000Z,9/4/2024,12:30 PM,Tue,0,12,1049,39.9,50,0.12,6.31,33.63,20,50,0,0,10,0.95,5.47,27.32,0,149.28,0
2024-04-09T08:00:00.000Z,9/4/2024,01:30 PM,Tue,0,13,1183,39.7,50,0.121,7.17,31.65,20,50,0,0,10,0.95,6.51,24.48,0,159.43,0
2024-04-09T09:00:00.000Z,9/4/2024,02:30 PM,Tue,0,14,1016,39.2,50,0.123,6.26,34.75,20,50,0,0,10,0.95,6.63,28.49,0,189.03,0
2024-04-09T10:00:00.000Z,9/4/2024,03:30 PM,Tue,0,15,921,38.4,50,0.126,5.82,33.44,20,50,0,0,10,0.95,5.54,27.62,0,153.02,0
2024-04-09T11:00:00.000Z,9/4/2024,04:30 PM,Tue,0,16,571,37.4,50,0.13,3.72,32.33,20,50,0,0,10,0.95,5.04,28.61,0,144.29,0
2024-04-09T12:00:00.000Z,9/4/2024,05:30 PM,Tue,0,17,351,36.2,50,0.135,2.37,31.76,20,50,0,0,10,0.95,5.86,29.39,0,172.07,0
2024-04-09T13:00:00.000Z,9/4/2024,06:30 PM,Tue,0,18,0,34.9,50,0.14,0,235.95,20,50,0,0,10,0.95,8.99,235.95,0,2121.58,0
2024-04-09T14:00:00.000Z,9/4/2024,07:30 PM,Tue,0,19,0,33.6,50,0.146,0,257.53,20,50,0,0,10,0.95,8.66,257.53,0,2230.73,0
2024-04-09T15:00:00.000Z,9/4/2024,08:30 PM,Tue,0,20,0,32.4,50,0.15,0,223.14,20,50,0,0,10,0.95,8.99,223.14,0,2006.42,0
2024-04-09T16:00:00.000Z,9/4/2024,09:30 PM,Tue,0,21,0,31.4,50,0.154,0,252.38,20,50,0,0,10,0.95,8.01,252.38,0,2022.15,0
2024-04-09T17:00:00.000Z,9/4/2024,10:30 PM,Tue,0,22,0,30.6,50,0.158,0,299.62,20,50,0,0,10,0.95,9.31,299.62,0,2788.21,0
2024-04-09T18:00:00.000Z,9/4/2024,11:30 PM,Tue,0,23,0,30.1,50,0.16,0,291.53,20,50,0,0,10,0.95,6.16,291.53,0,1796.22,0
2024-04-09T19:00:00.000Z,10/4/2024,12:30 AM,Wed,0,0,0,29.9,50,0.16,0,100.15,20,50,0,0,10,0.95,5.68,100.15,0,569.25,0
2024-04-09T20:00:00.000Z,10/4/2024,01:30 AM,Wed,0,1,0,30.1,50,0.16,0,86.65,20,50,0,0,10,0.95,5.92,86.65,0,513.27,0
2024-04-09T21:00:00.000Z,10/4/2024,02:30 AM,Wed,0,2,0,30.6,50,0.158,0,84.4,20,50,0,0,10,0.95,5.75,84.4,0,485.34,0
2024-04-09T22:00:00.000Z,10/4/2024,03:30 AM,Wed,0,3,0,31.4,50,0.154,0,71.46,20,50,0,0,10,0.95,5.31,71.46,0,379.41,0
2024-04-09T23:00:00.000Z,10/4/2024,04:30 AM,Wed,0,4,0,32.4,50,0.15,0,86.28,20,50,0,0,10,0.95,6.52,86.28,0,562.55,0
2024-04-10T00:00:00.000Z,10/4/2024,05:30 AM,Wed,0,5,0,33.6,50,0.146,0,100.35,20,50,0,0,10,0.95,6.62,100.35,0,664.55,0
2024-04-10T01:00:00.000Z,10/4/2024,06:30 AM,Wed,0,6,0,34.9,50,0.14,0,195.46,20,50,0,0,10,0.95,8.36,195.46,0,1633.35,0
2024-04-10T02:00:00.000Z,10/4/2024,07:30 AM,Wed,0,7,291,36.2,50,0.135,1.97,171.55,20,50,0,0,10,0.95,8.4,169.58,0,1424.93,0
2024-04-10T03:00:00.000Z,10/4/2024,08:30 AM,Wed,0,8,621,37.4,50,0.13,4.05,166.88,20,50,0,0,10,0.95,9.48,162.83,0,1543.3,0
2024-04-10T04:00:00.000Z,10/4/2024,09:30 AM,Wed,0,9,918,38.4,50,0.126,5.8,163.07,20,50,0,0,10,0.95,9.9,157.27,0,1556.57,0
2024-04-10T05:00:00.000Z,10/4/2024,10:30 AM,Wed,0,10,1003,39.2,50,0.123,6.18,32.76,20,50,0,0,10,0.95,8.62,26.58,0,229.17,0
2024-04-10T06:00:00.000Z,10/4/2024,11:30 AM,Wed,0,11,1087,39.7,50,0.121,6.59,35.67,20,50,0,0,10,0.95,6.81,29.08,0,198.02,0
2024-04-10T07:00:00.000Z,10/4/2024,12:30 PM,Wed,0,12,1124,39.9,50,0.12,6.77,38.12,20,50,0,0,10,0.95,5.14,31.35,0,161.12,0
2024-04-10T08:00:00.000Z,10/4/2024,01:30 PM,Wed,0,13,1049,39.7,50,0.121,6.36,35.33,20,50,0,0,10,0.95,5.42,28.97,0,156.96,0
2024-04-10T09:00:00.000Z,10/4/2024,02:30 PM,Wed,0,14,1169,39.2,50,0.123,7.2,30.9,20,50,0,0,10,0.95,6.45,23.7,0,152.96,0
2024-04-10T10:00:00.000Z,10/4/2024,03:30 PM,Wed,0,15,815,38.4,50,0.126,5.15,36.33,20,50,0,0,10,0.95,5.01,31.18,0,156.11,0
2024-04-10T11:00:00.000Z,10/4/2024,04:30 PM,Wed,0,16,567,37.4,50,0.13,3.7,36.72,20,50,0,0,10,0.95,5.09,33.02,0,167.97,0
2024-04-10T12:00:00.000Z,10/4/2024,05:30 PM,Wed,0,17,284,36.2,50,0.135,1.92,36.03,20,50,0,0,10,0.95,6.81,34.11,0,232.46,0
2024-04-10T13:00:00.000Z,10/4/2024,06:30 PM,Wed,0,18,0,34.9,50,0.14,0,265.8,20,50,0,0,10,0.95,8,265.8,0,2126.47,0
2024-04-10T14:00:00.000Z,10/4/2024,07:30 PM,Wed,0,19,0,33.6,50,0.146,0,258.16,20,50,0,0,10,0.95,9.43,258.16,0,2435.22,0
2024-04-10T15:00:00.000Z,10/4/2024,08:30 PM,Wed,0,20,0,32.4,50,0.15,0,245.58,20,50,0,0,10,0.95,8.56,245.58,0,2102.81,0
2024-04-10T16:00:00.000Z,10/4/2024,09:30 PM,Wed,0,21,0,31.4,50,0.154,0,235.29,20,50,0,0,10,0.95,9.7,235.29,0,2281.72,0
2024-04-10T17:00:00.000Z,10/4/2024,10:30 PM,Wed,0,22,0,30.6,50,0.158,0,293.63,20,50,0,0,10,0.95,8.94,293.63,0,2624.49,0
2024-04-10T18:00:00.000Z,10/4/2024,11:30 PM,Wed,0,23,0,30.1,50,0.16,0,272.13,20,50,0,0,10,0.95,5.09,272.13,0,1386.18,0
2024-04-10T19:00:00.000Z,11/4/2024,12:30 AM,Thu,0,0,0,29.9,50,0.16,0,75.22,20,50,0,0,10,0.95,6.99,75.22,0,525.92,0
2024-04-10T20:00:00.000Z,11/4/2024,01:30 AM,Thu,0,1,0,30,50,0.16,0,81.67,20,50,0,0,10,0.95,5.68,81.67,0,464.12,0
2024-04-10T21:00:00.000Z,11/4/2024,02:30 AM,Thu,0,2,0,30.5,50,0.158,0,106.29,20,50,0,0,10,0.95,5.94,106.29,0,631.64,0
2024-04-10T22:00:00.000Z,11/4/2024,03:30 AM,Thu,0,3,0,31.3,50,0.155,0,94.46,20,50,0,0,10,0.95,5.21,94.46,0,492.07,0
2024-04-10T23:00:00.000Z,11/4/2024,04:30 AM,Thu,0,4,0,32.4,50,0.15,0,113.26,20,50,0,0,10,0.95,5.78,113.26,0,654.93,0
2024-04-11T00:00:00.000Z,11/4/2024,05:30 AM,Thu,0,5,0,33.6,50,0.146,0,109.06,20,50,0,0,10,0.95,6.8,109.06,0,741.64,0
2024-04-11T01:00:00.000Z,11/4/2024,06:30 AM,Thu,0,6,0,34.9,50,0.14,0,231.86,20,50,0,0,10,0.95,8.61,231.86,0,1996.96,0
2024-04-11T02:00:00.000Z,11/4/2024,07:30 AM,Thu,0,7,290,36.2,50,0.135,1.96,190.04,20,50,0,0,10,0.95,8.48,188.08,0,1594.15,0
2024-04-11T03:00:00.000Z,11/4/2024,08:30 AM,Thu,0,8,650,37.4,50,0.13,4.24,164.77,20,50,0,0,10,0.95,8.3,160.53,0,1331.62,0
2024-04-11T04:00:00.000Z,11/4/2024,09:30 AM,Thu,0,9,916,38.4,50,0.126,5.79,165.31,20,50,0,0,10,0.95,8.42,159.52,0,1343.14,0
2024-04-11T05:00:00.000Z,11/4/2024,10:30 AM,Thu,0,10,1099,39.2,50,0.123,6.77,31.65,20,50,0,0,10,0.95,8.24,24.88,0,205.05,0
2024-04-11T06:00:00.000Z,11/4/2024,11:30 AM,Thu,0,11,1154,39.7,50,0.121,6.99,35.09,20,50,0,0,10,0.95,5.88,28.1,0,165.2,0
2024-04-11T07:00:00.000Z,11/4/2024,12:30 PM,Thu,0,12,1023,39.9,50,0.12,6.16,35.25,20,50,0,0,10,0.95,6.36,29.09,0,184.88,0
2024-04-11T08:00:00.000Z,11/4/2024,01:30 PM,Thu,0,13,1006,39.7,50,0.121,6.1,31.99,20,50,0,0,10,0.95,5.15,25.89,0,133.38,0
2024-04-11T09:00:00.000Z,11/4/2024,02:30 PM,Thu,0,14,1128,39.2,50,0.123,6.95,31.54,20,50,0,0,10,0.95,5.72,24.59,0,140.68,0
2024-04-11T10:00:00.000Z,11/4/2024,03:30 PM,Thu,0,15,853,38.4,50,0.126,5.39,41.18,20,50,0,0,10,0.95,6.28,35.79,0,224.71,0
2024-04-11T11:00:00.000Z,11/4/2024,04:30 PM,Thu,0,16,684,37.4,50,0.13,4.46,36.56,20,50,0,0,10,0.95,6.42,32.1,0,206.17,0
2024-04-11T12:00:00.000Z,11/4/2024,05:30 PM,Thu,0,17,280,36.2,50,0.135,1.89,37.04,20,50,0,0,10,0.95,6.76,35.15,0,237.74,0
2024-04-11T13:00:00.000Z,11/4/2024,06:30 PM,Thu,0,18,0,34.9,50,0.14,0,286.4,20,50,0,0,10,0.95,8.19,286.4,0,2346.84,0
2024-04-11T14:00:00.000Z,11/4/2024,07:30 PM,Thu,0,19,0,33.6,50,0.146,0,220.37,20,50,0,0,10,0.95,9.1,220.37,0,2005.39,0
2024-04-11T15:00:00.000Z,11/4/2024,08:30 PM,Thu,0,20,0,32.4,50,0.15,0,224.09,20,50,0,0,10,0.95,9.73,224.09,0,2181.36,0
2024-04-11T16:00:00.000Z,11/4/2024,09:30 PM,Thu,0,21,0,31.3,50,0.155,0,240.67,20,50,0,0,10,0.95,9.02,240.67,0,2170,0
2024-04-11T17:00:00.000Z,11/4/2024,10:30 PM,Thu,0,22,0,30.5,50,0.158,0,292.04,20,50,0,0,10,0.95,8.49,292.04,0,2479.4,0
2024-04-11T18:00:00.000Z,11/4/2024,11:30 PM,Thu,0,23,0,30,50,0.16,0,306.27,20,50,0,0,10,0.95,5.27,306.27,0,1614.61,0
2024-04-11T19:00:00.000Z,12/4/2024,12:30 AM,Fri,0,0,0,29.8,50,0.161,0,92.14,20,50,0,0,10,0.95,6.63,92.14,0,611.28,0
2024-04-11T20:00:00.000Z,12/4/2024,01:30 AM,Fri,0,1,0,30,50,0.16,0,75.57,20,50,0,0,10,0.95,5.39,75.57,0,407.42,0
2024-04-11T21:00:00.000Z,12/4/2024,02:30 AM,Fri,0,2,0,30.5,50,0.158,0,85.02,20,50,0,0,10,0.95,5.09,85.02,0,432.78,0
2024-04-11T22:00:00.000Z,12/4/2024,03:30 AM,Fri,0,3,0,31.3,50,0.155,0,98.43,20,50,0,0,10,0.95,5.61,98.43,0,552.19,0
2024-04-11T23:00:00.000Z,12/4/2024,04:30 AM,Fri,0,4,0,32.3,50,0.151,0,88.33,20,50,0,0,10,0.95,5.37,88.33,0,474.5,0
2024-04-12T00:00:00.000Z,12/4/2024,05:30 AM,Fri,0,5,0,33.5,50,0.146,0,87.08,20,50,0,0,10,0.95,5.66,87.08,0,492.81,0
2024-04-12T01:00:00.000Z,12/4/2024,06:30 AM,Fri,0,6,0,34.8,50,0.141,0,192.69,20,50,0,0,10,0.95,9.36,192.69,0,1803.78,0
2024-04-12T02:00:00.000Z,12/4/2024,07:30 AM,Fri,0,7,343,36.1,50,0.136,2.33,160.25,20,50,0,0,10,0.95,9.3,157.92,0,1467.93,0
2024-04-12T03:00:00.000Z,12/4/2024,08:30 AM,Fri,0,8,572,37.3,50,0.131,3.74,161.6,20,50,0,0,10,0.95,8.82,157.86,0,1392.11,0
2024-04-12T04:00:00.000Z,12/4/2024,09:30 AM,Fri,0,9,722,38.4,50,0.126,4.56,171.26,20,50,0,0,10,0.95,9.92,166.7,0,1653.02,0
2024-04-12T05:00:00.000Z,12/4/2024,10:30 AM,Fri,0,10,1049,39.2,50,0.123,6.46,41.2,20,50,0,0,10,0.95,8.43,34.74,0,292.83,0
2024-04-12T06:00:00.000Z,12/4/2024,11:30 AM,Fri,0,11,1235,39.7,50,0.121,7.48,34.73,20,50,0,0,10,0.95,6.36,27.25,0,173.34,0
2024-04-12T07:00:00.000Z,12/4/2024,12:30 PM,Fri,0,12,1032,39.8,50,0.121,6.23,33.67,20,50,0,0,10,0.95,6.17,27.44,0,169.34,0
2024-04-12T08:00:00.000Z,12/4/2024,01:30 PM,Fri,0,13,1013,39.7,50,0.121,6.14,35.34,20,50,0,0,10,0.95,5.89,29.2,0,172.04,0
2024-04-12T09:00:00.000Z,12/4/2024,02:30 PM,Fri,0,14,1075,39.2,50,0.123,6.62,36.72,20,50,0,0,10,0.95,6.49,30.1,0,195.4,0
2024-04-12T10:00:00.000Z,12/4/2024,03:30 PM,Fri,0,15,841,38.4,50,0.126,5.32,29.95,20,50,0,0,10,0.95,6.28,24.63,0,154.78,0
2024-04-12T11:00:00.000Z,12/4/2024,04:30 PM,Fri,0,16,582,37.3,50,0.131,3.81,33.12,20,50,0,0,10,0.95,6.46,29.31,0,189.46,0
2024-04-12T12:00:00.000Z,12/4/2024,05:30 PM,Fri,0,17,291,36.1,50,0.136,1.97,37.1,20,50,0,0,10,0.95,5.9,35.13,0,207.34,0
2024-04-12T13:00:00.000Z,12/4/2024,06:30 PM,Fri,0,18,0,34.8,50,0.141,0,266.4,20,50,0,0,10,0.95,8.67,266.4,0,2309.32,0
2024-04-12T14:00:00.000Z,12/4/2024,07:30 PM,Fri,0,19,0,33.5,50,0.146,0,264.3,20,50,0,0,10,0.95,8.06,264.3,0,2130.93,0
2024-04-12T15:00:00.000Z,12/4/2024,08:30 PM,Fri,0,20,0,32.3,50,0.151,0,242.41,20,50,0,0,10,0.95,8.35,242.41,0,2024.85,0
2024-04-12T16:00:00.000Z,12/4/2024,09:30 PM,Fri,0,21,0,31.3,50,0.155,0,233.93,20,50,0,0,10,0.95,9.98,233.93,0,2334.78,0
2024-04-12T17:00:00.000Z,12/4/2024,10:30 PM,Fri,0,22,0,30.5,50,0.158,0,292.74,20,50,0,0,10,0.95,8.08,292.74,0,2366.18,0
2024-04-12T18:00:00.000Z,12/4/2024,11:30 PM,Fri,0,23,0,30,50,0.16,0,286.3,20,50,0,0,10,0.95,6.74,286.3,0,1928.61,0
2024-04-12T19:00:00.000Z,13/4/2024,12:30 AM,Sat,1,0,0,29.8,50,0.161,0,97.36,20,50,0,0,10,0.95,5.7,97.36,0,554.95,0
2024-04-12T20:00:00.000Z,13/4/2024,01:30 AM,Sat,1,1,0,30,50,0.16,0,77.14,20,50,0,0,10,0.95,6.83,77.14,0,527.22,0
2024-04-12T21:00:00.000Z,13/4/2024,02:30 AM,Sat,1,2,0,30.5,50,0.158,0,111.61,20,50,0,0,10,0.95,6.63,111.61,0,739.6,0
2024-04-12T22:00:00.000Z,13/4/2024,03:30 AM,Sat,1,3,0,31.3,50,0.155,0,84.03,20,50,0,0,10,0.95,5.3,84.03,0,445.43,0
2024-04-12T23:00:00.000Z,13/4/2024,04:30 AM,Sat,1,4,0,32.3,50,0.151,0,80.82,20,50,0,0,10,0.95,6.1,80.82,0,493.22,0
2024-04-13T00:00:00.000Z,13/4/2024,05:30 AM,Sat,1,5,0,33.5,50,0.146,0,97.74,20,50,0,0,10,0.95,5.04,97.74,0,492.68,0
2024-04-13T01:00:00.000Z,13/4/2024,06:30 AM,Sat,1,6,0,34.8,50,0.141,0,251.21,20,50,0,0,10,0.95,9.85,251.21,0,2475.1,0
2024-04-13T02:00:00.000Z,13/4/2024,07:30 AM,Sat,1,7,293,36.1,50,0.136,1.99,191.67,20,50,0,0,10,0.95,8.48,189.68,0,1609.07,0
2024-04-13T03:00:00.000Z,13/4/2024,08:30 AM,Sat,1,8,615,37.3,50,0.131,4.02,231.36,20,50,0,0,10,0.95,9.89,227.34,0,2248.62,0
2024-04-13T04:00:00.000Z,13/4/2024,09:30 AM,Sat,1,9,912,38.3,50,0.127,5.78,183.61,20,50,0,0,10,0.95,8.89,177.83,0,1580.97,0
2024-04-13T05:00:00.000Z,13/4/2024,10:30 AM,Sat,1,10,1035,39.1,50,0.124,6.4,44.44,20,50,0,0,10,0.95,9.15,38.04,0,348.26,0
2024-04-13T06:00:00.000Z,13/4/2024,11:30 AM,Sat,1,11,1318,39.6,50,0.122,8.01,44.53,20,50,0,0,10,0.95,6.14,36.52,0,224.23,0
2024-04-13T07:00:00.000Z,13/4/2024,12:30 PM,Sat,1,12,1088,39.8,50,0.121,6.57,36.05,20,50,0,0,10,0.95,6.38,29.48,0,188.01,0
2024-04-13T08:00:00.000Z,13/4/2024,01:30 PM,Sat,1,13,979,39.6,50,0.122,5.95,39.5,20,50,0,0,10,0.95,6.37,33.55,0,213.78,0
2024-04-13T09:00:00.000Z,13/4/2024,02:30 PM,Sat,1,14,1140,39.1,50,0.124,7.05,38.17,20,50,0,0,10,0.95,5.77,31.12,0,179.64,0
2024-04-13T10:00:00.000Z,13/4/2024,03:30 PM,Sat,1,15,762,38.3,50,0.127,4.83,41.29,20,50,0,0,10,0.95,5.63,36.46,0,205.42,0
2024-04-13T11:00:00.000Z,13/4/2024,04:30 PM,Sat,1,16,524,37.3,50,0.131,3.43,40.97,20,50,0,0,10,0.95,5.45,37.54,0,204.75,0
2024-04-13T12:00:00.000Z,13/4/2024,05:30 PM,Sat,1,17,321,36.1,50,0.136,2.18,36.86,20,50,0,0,10,0.95,5.61,34.68,0,194.59,0
2024-04-13T13:00:00.000Z,13/4/2024,06:30 PM,Sat,1,18,0,34.8,50,0.141,0,326.17,20,50,0,0,10,0.95,9.36,326.17,0,3053.56,0
2024-04-13T14:00:00.000Z,13/4/2024,07:30 PM,Sat,1,19,0,33.5,50,0.146,0,289.29,20,50,0,0,10,0.95,9.76,289.29,0,2823.22,0
2024-04-13T15:00:00.000Z,13/4/2024,08:30 PM,Sat,1,20,0,32.3,50,0.151,0,287.11,20,50,0,0,10,0.95,9.11,287.11,0,2615.27,0
2024-04-13T16:00:00.000Z,13/4/2024,09:30 PM,Sat,1,21,0,31.3,50,0.155,0,249.34,20,50,0,0,10,0.95,8.41,249.34,0,2096.26,0
2024-04-13T17:00:00.000Z,13/4/2024,10:30 PM,Sat,1,22,0,30.5,50,0.158,0,375.36,20,50,0,0,10,0.95,8.58,375.36,0,3222.2,0
2024-04-13T18:00:00.000Z,13/4/2024,11:30 PM,Sat,1,23,0,30,50,0.16,0,303.57,20,50,0,0,10,0.95,5.55,303.57,0,1684.28,0
2024-04-13T19:00:00.000Z,14/4/2024,12:30 AM,Sun,1,0,0,29.8,50,0.161,0,104.03,20,50,0,0,10,0.95,5.83,104.03,0,606.67,0
2024-04-13T20:00:00.000Z,14/4/2024,01:30 AM,Sun,1,1,0,29.9,50,0.16,0,116.46,20,50,0,0,10,0.95,6.52,116.46,0,759.34,0
2024-04-13T21:00:00.000Z,14/4/2024,02:30 AM,Sun,1,2,0,30.4,50,0.158,0,90.49,20,50,0,0,10,0.95,5.6,90.49,0,506.84,0
2024-04-13T22:00:00.000Z,14/4/2024,03:30 AM,Sun,1,3,0,31.2,50,0.155,0,95.51,20,50,0,0,10,0.95,6.93,95.51,0,662.17,0
2024-04-13T23:00:00.000Z,14/4/2024,04:30 AM,Sun,1,4,0,32.3,50,0.151,0,124.14,20,50,0,0,10,0.95,6.66,124.14,0,826.79,0
2024-04-14T00:00:00.000Z,14/4/2024,05:30 AM,Sun,1,5,0,33.5,50,0.146,0,98.69,20,50,0,0,10,0.95,6.03,98.69,0,595.57,0
2024-04-14T01:00:00.000Z,14/4/2024,06:30 AM,Sun,1,6,0,34.8,50,0.141,0,282.31,20,50,0,0,10,0.95,9.7,282.31,0,2737.07,0
2024-04-14T02:00:00.000Z,14/4/2024,07:30 AM,Sun,1,7,302,36.1,50,0.136,2.05,201.46,20,50,0,0,10,0.95,8.95,199.41,0,1783.91,0
2024-04-14T03:00:00.000Z,14/4/2024,08:30 AM,Sun,1,8,608,37.3,50,0.131,3.98,224.52,20,50,0,0,10,0.95,8.85,220.54,0,1952.13,0
2024-04-14T04:00:00.000Z,14/4/2024,09:30 AM,Sun,1,9,758,38.3,50,0.127,4.81,213.07,20,50,0,0,10,0.95,8.17,208.26,0,1700.74,0
2024-04-14T05:00:00.000Z,14/4/2024,10:30 AM,Sun,1,10,996,39.1,50,0.124,6.16,39.87,20,50,0,0,10,0.95,9.38,33.71,0,316.24,0
2024-04-14T06:00:00.000Z,14/4/2024,11:30 AM,Sun,1,11,1039,39.6,50,0.122,6.32,43.2,20,50,0,0,10,0.95,6.27,36.88,0,231.16,0
2024-04-14T07:00:00.000Z,14/4/2024,12:30 PM,Sun,1,12,1095,39.8,50,0.121,6.61,40.16,20,50,0,0,10,0.95,5.04,33.55,0,169.05,0
2024-04-14T08:00:00.000Z,14/4/2024,01:30 PM,Sun,1,13,1278,39.6,50,0.122,7.77,43.95,20,50,0,0,10,0.95,6.44,36.18,0,232.9,0
2024-04-14T09:00:00.000Z,14/4/2024,02:30 PM,Sun,1,14,978,39.1,50,0.124,6.04,38.58,20,50,0,0,10,0.95,5.33,32.54,0,173.54,0
2024-04-14T10:00:00.000Z,14/4/2024,03:30 PM,Sun,1,15,829,38.3,50,0.127,5.26,48.76,20,50,0,0,10,0.95,6.02,43.5,0,262.03,0
2024-04-14T11:00:00.000Z,14/4/2024,04:30 PM,Sun,1,16,591,37.3,50,0.131,3.87,38,20,50,0,0,10,0.95,5.78,34.13,0,197.26,0
2024-04-14T12:00:00.000Z,14/4/2024,05:30 PM,Sun,1,17,320,36.1,50,0.136,2.17,39.58,20,50,0,0,10,0.95,6.66,37.41,0,249.19,0
2024-04-14T13:00:00.000Z,14/4/2024,06:30 PM,Sun,1,18,0,34.8,50,0.141,0,299.02,20,50,0,0,10,0.95,9.07,299.02,0,2711.07,0
2024-04-14T14:00:00.000Z,14/4/2024,07:30 PM,Sun,1,19,0,33.5,50,0.146,0,291.75,20,50,0,0,10,0.95,9.38,291.75,0,2735.23,0
2024-04-14T15:00:00.000Z,14/4/2024,08:30 PM,Sun,1,20,0,32.3,50,0.151,0,307.41,20,50,0,0,10,0.95,9.03,307.41,0,2775.64,0
2024-04-14T16:00:00.000Z,14/4/2024,09:30 PM,Sun,1,21,0,31.2,50,0.155,0,322.31,20,50,0,0,10,0.95,8.04,322.31,0,2590.07,0
2024-04-14T17:00:00.000Z,14/4/2024,10:30 PM,Sun,1,22,0,30.4,50,0.158,0,355.17,20,50,0,0,10,0.95,9.97,355.17,0,3540.78,0
2024-04-14T18:00:00.000Z,14/4/2024,11:30 PM,Sun,1,23,0,29.9,50,0.16,0,338.93,20,50,0,0,10,0.95,6.49,338.93,0,2200.89,0
2024-04-14T19:00:00.000Z,15/4/2024,12:30 AM,Mon,0,0,0,29.7,50,0.161,0,87.19,20,50,0,0,10,0.95,5.2,87.19,0,453.55,0
2024-04-14T20:00:00.000Z,15/4/2024,01:30 AM,Mon,0,1,0,29.9,50,0.16,0,86.82,20,50,0,0,10,0.95,5.52,86.82,0,479.13,0
2024-04-14T21:00:00.000Z,15/4/2024,02:30 AM,Mon,0,2,0,30.4,50,0.158,0,86.5,20,50,0,0,10,0.95,6.35,86.5,0,548.86,0
2024-04-14T22:00:00.000Z,15/4/2024,03:30 AM,Mon,0,3,0,31.2,50,0.155,0,100.71,20,50,0,0,10,0.95,5.38,100.71,0,542.04,0
2024-04-14T23:00:00.000Z,15/4/2024,04:30 AM,Mon,0,4,0,32.2,50,0.151,0,66.19,20,50,0,0,10,0.95,6.73,66.19,0,445.23,0
2024-04-15T00:00:00.000Z,15/4/2024,05:30 AM,Mon,0,5,0,33.4,50,0.146,0,117.33,20,50,0,0,10,0.95,5.12,117.33,0,601.13,0
2024-04-15T01:00:00.000Z,15/4/2024,06:30 AM,Mon,0,6,0,34.7,50,0.141,0,190.89,20,50,0,0,10,0.95,8.72,190.89,0,1663.7,0
2024-04-15T02:00:00.000Z,15/4/2024,07:30 AM,Mon,0,7,329,36,50,0.136,2.24,180.25,20,50,0,0,10,0.95,8.48,178.01,0,1510.05,0
2024-04-15T03:00:00.000Z,15/4/2024,08:30 AM,Mon,0,8,593,37.2,50,0.131,3.89,154,20,50,0,0,10,0.95,8.04,150.11,0,1206.15,0
2024-04-15T04:00:00.000Z,15/4/2024,09:30 AM,Mon,0,9,851,38.3,50,0.127,5.4,168.07,20,50,0,0,10,0.95,9.83,162.67,0,1599.35,0
2024-04-15T05:00:00.000Z,15/4/2024,10:30 AM,Mon,0,10,882,39.1,50,0.124,5.45,35.76,20,50,0,0,10,0.95,8.87,30.31,0,268.76,0
2024-04-15T06:00:00.000Z,15/4/2024,11:30 AM,Mon,0,11,1215,39.6,50,0.122,7.39,29.27,20,50,0,0,10,0.95,5.16,21.88,0,112.94,0
2024-04-15T07:00:00.000Z,15/4/2024,12:30 PM,Mon,0,12,1045,39.7,50,0.121,6.33,34.64,20,50,0,0,10,0.95,5.99,28.31,0,169.42,0
2024-04-15T08:00:00.000Z,15/4/2024,01:30 PM,Mon,0,13,1265,39.6,50,0.122,7.69,32.75,20,50,0,0,10,0.95,6.01,25.06,0,150.63,0
2024-04-15T09:00:00.000Z,15/4/2024,02:30 PM,Mon,0,14,925,39.1,50,0.124,5.72,35.88,20,50,0,0,10,0.95,5.05,30.16,0,152.35,0
2024-04-15T10:00:00.000Z,15/4/2024,03:30 PM,Mon,0,15,770,38.3,50,0.127,4.88,39.19,20,50,0,0,10,0.95,6.98,34.31,0,239.51,0
2024-04-15T11:00:00.000Z,15/4/2024,04:30 PM,Mon,0,16,552,37.2,50,0.131,3.62,31.14,20,50,0,0,10,0.95,5.89,27.52,0,162.19,0
2024-04-15T12:00:00.000Z,15/4/2024,05:30 PM,Mon,0,17,350,36,50,0.136,2.38,33.41,20,50,0,0,10,0.95,5.67,31.03,0,175.95,0
2024-04-15T13:00:00.000Z,15/4/2024,06:30 PM,Mon,0,18,0,34.7,50,0.141,0,249.52,20,50,0,0,10,0.95,8.57,249.52,0,2138.98,0
2024-04-15T14:00:00.000Z,15/4/2024,07:30 PM,Mon,0,19,0,33.4,50,0.146,0,222.27,20,50,0,0,10,0.95,8.14,222.27,0,1808.26,0
2024-04-15T15:00:00.000Z,15/4/2024,08:30 PM,Mon,0,20,0,32.2,50,0.151,0,254.98,20,50,0,0,10,0.95,8.09,254.98,0,2061.52,0
2024-04-15T16:00:00.000Z,15/4/2024,09:30 PM,Mon,0,21,0,31.2,50,0.155,0,245.58,20,50,0,0,10,0.95,8.41,245.58,0,2065.88,0
2024-04-15T17:00:00.000Z,15/4/2024,10:30 PM,Mon,0,22,0,30.4,50,0.158,0,255.14,20,50,0,0,10,0.95,8.16,255.14,0,2081.72,0
2024-04-15T18:00:00.000Z,15/4/2024,11:30 PM,Mon,0,23,0,29.9,50,0.16,0,283.74,20,50,0,0,10,0.95,5.47,283.74,0,1551.93,0
2024-04-15T19:00:00.000Z,16/4/2024,12:30 AM,Tue,0,0,0,29.7,50,0.161,0,100.69,20,50,0,0,10,0.95,5.09,100.69,0,512.98,0
2024-04-15T20:00:00.000Z,16/4/2024,01:30 AM,Tue,0,1,0,29.8,50,0.161,0,79.17,20,50,0,0,10,0.95,6.07,79.17,0,480.95,0
2024-04-15T21:00:00.000Z,16/4/2024,02:30 AM,Tue,0,2,0,30.3,50,0.159,0,52.16,20,50,0,0,10,0.95,6.49,52.16,0,338.37,0
2024-04-15T22:00:00.000Z,16/4/2024,03:30 AM,Tue,0,3,0,31.1,50,0.156,0,107.77,20,50,0,0,10,0.95,5.26,107.77,0,567.35,0
2024-04-15T23:00:00.000Z,16/4/2024,04:30 AM,Tue,0,4,0,32.2,50,0.151,0,95.92,20,50,0,0,10,0.95,5.49,95.92,0,526.48,0
2024-04-16T00:00:00.000Z,16/4/2024,05:30 AM,Tue,0,5,0,33.4,50,0.146,0,114.01,20,50,0,0,10,0.95,6.99,114.01,0,797.29,0
2024-04-16T01:00:00.000Z,16/4/2024,06:30 AM,Tue,0,6,0,34.7,50,0.141,0,276.82,20,50,0,0,10,0.95,9.33,276.82,0,2582.72,0
2024-04-16T02:00:00.000Z,16/4/2024,07:30 AM,Tue,0,7,284,36,50,0.136,1.93,189.61,20,50,0,0,10,0.95,8.25,187.68,0,1547.63,0
2024-04-16T03:00:00.000Z,16/4/2024,08:30 AM,Tue,0,8,626,37.2,50,0.131,4.11,178.23,20,50,0,0,10,0.95,9.49,174.12,0,1653.1,0
2024-04-16T04:00:00.000Z,16/4/2024,09:30 AM,Tue,0,9,867,38.2,50,0.127,5.51,178.83,20,50,0,0,10,0.95,8.14,173.32,0,1411.61,0
2024-04-16T05:00:00.000Z,16/4/2024,10:30 AM,Tue,0,10,990,39,50,0.124,6.14,36.46,20,50,0,0,10,0.95,9.38,30.32,0,284.37,0
2024-04-16T06:00:00.000Z,16/4/2024,11:30 AM,Tue,0,11,1163,39.5,50,0.122,7.09,36.39,20,50,0,0,10,0.95,5.03,29.3,0,147.25,0
2024-04-16T07:00:00.000Z,16/4/2024,12:30 PM,Tue,0,12,1236,39.7,50,0.121,7.49,34.61,20,50,0,0,10,0.95,5.3,27.12,0,143.81,0
2024-04-16T08:00:00.000Z,16/4/2024,01:30 PM,Tue,0,13,1163,39.5,50,0.122,7.09,36.49,20,50,0,0,10,0.95,6.75,29.4,0,198.37,0
2024-04-16T09:00:00.000Z,16/4/2024,02:30 PM,Tue,0,14,958,39,50,0.124,5.94,36.76,20,50,0,0,10,0.95,6.08,30.82,0,187.51,0
2024-04-16T10:00:00.000Z,16/4/2024,03:30 PM,Tue,0,15,783,38.2,50,0.127,4.98,34.8,20,50,0,0,10,0.95,6.89,29.82,0,205.54,0
2024-04-16T11:00:00.000Z,16/4/2024,04:30 PM,Tue,0,16,522,37.2,50,0.131,3.42,36.75,20,50,0,0,10,0.95,5.98,33.33,0,199.4,0
2024-04-16T12:00:00.000Z,16/4/2024,05:30 PM,Tue,0,17,288,36,50,0.136,1.96,36.15,20,50,0,0,10,0.95,5.41,34.19,0,185.03,0
2024-04-16T13:00:00.000Z,16/4/2024,06:30 PM,Tue,0,18,0,34.7,50,0.141,0,209.29,20,50,0,0,10,0.95,9.34,209.29,0,1954.49,0
2024-04-16T14:00:00.000Z,16/4/2024,07:30 PM,Tue,0,19,0,33.4,50,0.146,0,220.97,20,50,0,0,10,0.95,8.47,220.97,0,1871.19,0
2024-04-16T15:00:00.000Z,16/4/2024,08:30 PM,Tue,0,20,0,32.2,50,0.151,0,213.2,20,50,0,0,10,0.95,9.35,213.2,0,1994,0
2024-04-16T16:00:00.000Z,16/4/2024,09:30 PM,Tue,0,21,0,31.1,50,0.156,0,245.39,20,50,0,0,10,0.95,9.01,245.39,0,2210.78,0
2024-04-16T17:00:00.000Z,16/4/2024,10:30 PM,Tue,0,22,0,30.3,50,0.159,0,299.28,20,50,0,0,10,0.95,8.13,299.28,0,2433.15,0
2024-04-16T18:00:00.000Z,16/4/2024,11:30 PM,Tue,0,23,0,29.8,50,0.161,0,293.83,20,50,0,0,10,0.95,5.16,293.83,0,1517.33,0
2024-04-16T19:00:00.000Z,17/4/2024,12:30 AM,Wed,0,0,0,29.6,50,0.162,0,87.47,20,50,0,0,10,0.95,5.88,87.47,0,514.08,0
2024-04-16T20:00:00.000Z,17/4/2024,01:30 AM,Wed,0,1,0,29.8,50,0.161,0,89.03,20,50,0,0,10,0.95,5.54,89.03,0,493.1,0
2024-04-16T21:00:00.000Z,17/4/2024,02:30 AM,Wed,0,2,0,30.3,50,0.159,0,100.91,20,50,0,0,10,0.95,5.43,100.91,0,548.35,0
2024-04-16T22:00:00.000Z,17/4/2024,03:30 AM,Wed,0,3,0,31.1,50,0.156,0,100.03,20,50,0,0,10,0.95,6.74,100.03,0,674.1,0
2024-04-16T23:00:00.000Z,17/4/2024,04:30 AM,Wed,0,4,0,32.1,50,0.152,0,87.56,20,50,0,0,10,0.95,6.62,87.56,0,579.56,0
2024-04-17T00:00:00.000Z,17/4/2024,05:30 AM,Wed,0,5,0,33.3,50,0.147,0,62.73,20,50,0,0,10,0.95,5.1,62.73,0,319.73,0
2024-04-17T01:00:00.000Z,17/4/2024,06:30 AM,Wed,0,6,0,34.6,50,0.142,0,232.49,20,50,0,0,10,0.95,8.22,232.49,0,1910.01,0
2024-04-17T02:00:00.000Z,17/4/2024,07:30 AM,Wed,0,7,331,35.9,50,0.136,2.26,168,20,50,0,0,10,0.95,9.45,165.74,0,1566.08,0
2024-04-17T03:00:00.000Z,17/4/2024,08:30 AM,Wed,0,8,642,37.1,50,0.132,4.22,174.77,20,50,0,0,10,0.95,8.31,170.55,0,1418.07,0
2024-04-17T04:00:00.000Z,17/4/2024,09:30 AM,Wed,0,9,962,38.2,50,0.127,6.12,168.96,20,50,0,0,10,0.95,9.89,162.84,0,1610.86,0
2024-04-17T05:00:00.000Z,17/4/2024,10:30 AM,Wed,0,10,1080,39,50,0.124,6.7,31.98,20,50,0,0,10,0.95,9.29,25.28,0,234.92,0
2024-04-17T06:00:00.000Z,17/4/2024,11:30 AM,Wed,0,11,1067,39.5,50,0.122,6.51,39.95,20,50,0,0,10,0.95,6.6,33.44,0,220.85,0
2024-04-17T07:00:00.000Z,17/4/2024,12:30 PM,Wed,0,12,1181,39.6,50,0.122,7.18,35.67,20,50,0,0,10,0.95,5.85,28.49,0,166.76,0
2024-04-17T08:00:00.000Z,17/4/2024,01:30 PM,Wed,0,13,1105,39.5,50,0.122,6.74,36.85,20,50,0,0,10,0.95,6.61,30.11,0,198.9,0
2024-04-17T09:00:00.000Z,17/4/2024,02:30 PM,Wed,0,14,949,39,50,0.124,5.88,35.67,20,50,0,0,10,0.95,5.76,29.79,0,171.53,0
2024-04-17T10:00:00.000Z,17/4/2024,03:30 PM,Wed,0,15,852,38.2,50,0.127,5.42,35.91,20,50,0,0,10,0.95,5.03,30.49,0,153.39,0
2024-04-17T11:00:00.000Z,17/4/2024,04:30 PM,Wed,0,16,610,37.1,50,0.132,4.01,37.09,20,50,0,0,10,0.95,5.84,33.08,0,193.1,0
2024-04-17T12:00:00.000Z,17/4/2024,05:30 PM,Wed,0,17,329,35.9,50,0.136,2.24,35.88,20,50,0,0,10,0.95,6.54,33.64,0,220.11,0
2024-04-17T13:00:00.000Z,17/4/2024,06:30 PM,Wed,0,18,0,34.6,50,0.142,0,233.05,20,50,0,0,10,0.95,8.2,233.05,0,1909.94,0
2024-04-17T14:00:00.000Z,17/4/2024,07:30 PM,Wed,0,19,0,33.3,50,0.147,0,261.85,20,50,0,0,10,0.95,8.85,261.85,0,2317.97,0
2024-04-17T15:00:00.000Z,17/4/2024,08:30 PM,Wed,0,20,0,32.1,50,0.152,0,236,20,50,0,0,10,0.95,8.92,236,0,2105.6,0
2024-04-17T16:00:00.000Z,17/4/2024,09:30 PM,Wed,0,21,0,31.1,50,0.156,0,265.85,20,50,0,0,10,0.95,9.49,265.85,0,2522.23,0
2024-04-17T17:00:00.000Z,17/4/2024,10:30 PM,Wed,0,22,0,30.3,50,0.159,0,302.64,20,50,0,0,10,0.95,9.32,302.64,0,2820.19,0
2024-04-17T18:00:00.000Z,17/4/2024,11:30 PM,Wed,0,23,0,29.8,50,0.161,0,274.77,20,50,0,0,10,0.95,5.52,274.77,0,1515.76,0
2024-04-17T19:00:00.000Z,18/4/2024,12:30 AM,Thu,0,0,0,29.6,50,0.162,0,96.01,20,50,0,0,10,0.95,6.56,96.01,0,629.51,0
2024-04-17T20:00:00.000Z,18/4/2024,01:30 AM,Thu,0,1,0,29.8,50,0.161,0,75.99,20,50,0,0,10,0.95,5.12,75.99,0,389.17,0
2024-04-17T21:00:00.000Z,18/4/2024,02:30 AM,Thu,0,2,0,30.3,50,0.159,0,91.83,20,50,0,0,10,0.95,6.44,91.83,0,591.31,0
2024-04-17T22:00:00.000Z,18/4/2024,03:30 AM,Thu,0,3,0,31.1,50,0.156,0,90.75,20,50,0,0,10,0.95,6.68,90.75,0,606.65,0
2024-04-17T23:00:00.000Z,18/4/2024,04:30 AM,Thu,0,4,0,32.1,50,0.152,0,82.2,20,50,0,0,10,0.95,6.79,82.2,0,558.26,0
2024-04-18T00:00:00.000Z,18/4/2024,05:30 AM,Thu,0,5,0,33.3,50,0.147,0,118.96,20,50,0,0,10,0.95,6.4,118.96,0,761.81,0
2024-04-18T01:00:00.000Z,18/4/2024,06:30 AM,Thu,0,6,0,34.6,50,0.142,0,198.27,20,50,0,0,10,0.95,9.57,198.27,0,1897.68,0
2024-04-18T02:00:00.000Z,18/4/2024,07:30 AM,Thu,0,7,298,35.9,50,0.136,2.03,187.9,20,50,0,0,10,0.95,9.7,185.87,0,1802.72,0
2024-04-18T03:00:00.000Z,18/4/2024,08:30 AM,Thu,0,8,619,37.1,50,0.132,4.07,183.86,20,50,0,0,10,0.95,8.77,179.79,0,1576.16,0
2024-04-18T04:00:00.000Z,18/4/2024,09:30 AM,Thu,0,9,816,38.1,50,0.128,5.21,170.46,20,50,0,0,10,0.95,9.6,165.25,0,1586.38,0
2024-04-18T05:00:00.000Z,18/4/2024,10:30 AM,Thu,0,10,976,38.9,50,0.124,6.07,31.1,20,50,0,0,10,0.95,8.48,25.03,0,212.16,0
2024-04-18T06:00:00.000Z,18/4/2024,11:30 AM,Thu,0,11,975,39.4,50,0.122,5.97,30.38,20,50,0,0,10,0.95,5.13,24.41,0,125.21,0
2024-04-18T07:00:00.000Z,18/4/2024,12:30 PM,Thu,0,12,1086,39.6,50,0.122,6.6,33.48,20,50,0,0,10,0.95,5.9,26.88,0,158.71,0
2024-04-18T08:00:00.000Z,18/4/2024,01:30 PM,Thu,0,13,1196,39.4,50,0.122,7.32,35.46,20,50,0,0,10,0.95,6.31,28.14,0,177.59,0
2024-04-18T09:00:00.000Z,18/4/2024,02:30 PM,Thu,0,14,1098,38.9,50,0.124,6.83,29.98,20,50,0,0,10,0.95,6.17,23.15,0,142.94,0
2024-04-18T10:00:00.000Z,18/4/2024,03:30 PM,Thu,0,15,734,38.1,50,0.128,4.68,31.4,20,50,0,0,10,0.95,6.68,26.72,0,178.53,0
2024-04-18T11:00:00.000Z,18/4/2024,04:30 PM,Thu,0,16,627,37.1,50,0.132,4.13,33.19,20,50,0,0,10,0.95,5.37,29.06,0,156.07,0
2024-04-18T12:00:00.000Z,18/4/2024,05:30 PM,Thu,0,17,349,35.9,50,0.136,2.38,34.84,20,50,0,0,10,0.95,6.71,32.46,0,217.82,0
2024-04-18T13:00:00.000Z,18/4/2024,06:30 PM,Thu,0,18,0,34.6,50,0.142,0,255.29,20,50,0,0,10,0.95,9.86,255.29,0,2517.57,0
2024-04-18T14:00:00.000Z,18/4/2024,07:30 PM,Thu,0,19,0,33.3,50,0.147,0,288.85,20,50,0,0,10,0.95,9.68,288.85,0,2796.95,0
2024-04-18T15:00:00.000Z,18/4/2024,08:30 PM,Thu,0,20,0,32.1,50,0.152,0,210.59,20,50,0,0,10,0.95,9.21,210.59,0,1938.78,0
2024-04-18T16:00:00.000Z,18/4/2024,09:30 PM,Thu,0,21,0,31.1,50,0.156,0,242.45,20,50,0,0,10,0.95,9.66,242.45,0,2342.84,0
2024-04-18T17:00:00.000Z,18/4/2024,10:30 PM,Thu,0,22,0,30.3,50,0.159,0,265.5,20,50,0,0,10,0.95,9.16,265.5,0,2431.41,0
2024-04-18T18:00:00.000Z,18/4/2024,11:30 PM,Thu,0,23,0,29.8,50,0.161,0,322.7,20,50,0,0,10,0.95,5.42,322.7,0,1750.62,0
2024-04-18T19:00:00.000Z,19/4/2024,12:30 AM,Fri,0,0,0,29.5,50,0.162,0,92.72,20,50,0,0,10,0.95,6.99,92.72,0,648.51,0
2024-04-18T20:00:00.000Z,19/4/2024,01:30 AM,Fri,0,1,0,29.7,50,0.161,0,79.97,20,50,0,0,10,0.95,5.07,79.97,0,405.05,0
2024-04-18T21:00:00.000Z,19/4/2024,02:30 AM,Fri,0,2,0,30.2,50,0.159,0,65.63,20,50,0,0,10,0.95,5.18,65.63,0,339.99,0
2024-04-18T22:00:00.000Z,19/4/2024,03:30 AM,Fri,0,3,0,31,50,0.156,0,88.29,20,50,0,0,10,0.95,6.92,88.29,0,610.81,0
2024-04-18T23:00:00.000Z,19/4/2024,04:30 AM,Fri,0,4,0,32,50,0.152,0,108.32,20,50,0,0,10,0.95,5.25,108.32,0,568.81,0
2024-04-19T00:00:00.000Z,19/4/2024,05:30 AM,Fri,0,5,0,33.2,50,0.147,0,89.23,20,50,0,0,10,0.95,5.72,89.23,0,510.12,0
2024-04-19T01:00:00.000Z,19/4/2024,06:30 AM,Fri,0,6,0,34.5,50,0.142,0,214.24,20,50,0,0,10,0.95,8.33,214.24,0,1784.94,0
2024-04-19T02:00:00.000Z,19/4/2024,07:30 AM,Fri,0,7,310,35.8,50,0.137,2.12,183.35,20,50,0,0,10,0.95,9.93,181.23,0,1798.79,0
2024-04-19T03:00:00.000Z,19/4/2024,08:30 AM,Fri,0,8,511,37,50,0.132,3.37,182.05,20,50,0,0,10,0.95,9.79,178.68,0,1749.09,0
2024-04-19T04:00:00.000Z,19/4/2024,09:30 AM,Fri,0,9,879,38.1,50,0.128,5.61,142.55,20,50,0,0,10,0.95,9.86,136.94,0,1350.63,0
2024-04-19T05:00:00.000Z,19/4/2024,10:30 AM,Fri,0,10,900,38.9,50,0.124,5.6,36.03,20,50,0,0,10,0.95,9.82,30.43,0,298.79,0
2024-04-19T06:00:00.000Z,19/4/2024,11:30 AM,Fri,0,11,1090,39.4,50,0.122,6.67,29.49,20,50,0,0,10,0.95,5.06,22.82,0,115.5,0
2024-04-19T07:00:00.000Z,19/4/2024,12:30 PM,Fri,0,12,1309,39.5,50,0.122,7.98,39.01,20,50,0,0,10,0.95,6.88,31.03,0,213.59,0
2024-04-19T08:00:00.000Z,19/4/2024,01:30 PM,Fri,0,13,1263,39.4,50,0.122,7.73,38.63,20,50,0,0,10,0.95,6.84,30.9,0,211.23,0
2024-04-19T09:00:00.000Z,19/4/2024,02:30 PM,Fri,0,14,1108,38.9,50,0.124,6.89,36.71,20,50,0,0,10,0.95,5.82,29.82,0,173.49,0
2024-04-19T10:00:00.000Z,19/4/2024,03:30 PM,Fri,0,15,778,38.1,50,0.128,4.96,37.84,20,50,0,0,10,0.95,5.03,32.88,0,165.42,0
2024-04-19T11:00:00.000Z,19/4/2024,04:30 PM,Fri,0,16,525,37,50,0.132,3.47,34.59,20,50,0,0,10,0.95,6.09,31.12,0,189.43,0
2024-04-19T12:00:00.000Z,19/4/2024,05:30 PM,Fri,0,17,320,35.8,50,0.137,2.19,33.4,20,50,0,0,10,0.95,5.38,31.21,0,168.06,0
2024-04-19T13:00:00.000Z,19/4/2024,06:30 PM,Fri,0,18,0,34.5,50,0.142,0,251.95,20,50,0,0,10,0.95,8.45,251.95,0,2129.73,0
2024-04-19T14:00:00.000Z,19/4/2024,07:30 PM,Fri,0,19,0,33.2,50,0.147,0,273.2,20,50,0,0,10,0.95,8.34,273.2,0,2277.86,0
2024-04-19T15:00:00.000Z,19/4/2024,08:30 PM,Fri,0,20,0,32,50,0.152,0,233.07,20,50,0,0,10,0.95,8.6,233.07,0,2004.64,0
2024-04-19T16:00:00.000Z,19/4/2024,09:30 PM,Fri,0,21,0,31,50,0.156,0,221.82,20,50,0,0,10,0.95,9.52,221.82,0,2111.89,0
2024-04-19T17:00:00.000Z,19/4/2024,10:30 PM,Fri,0,22,0,30.2,50,0.159,0,297.77,20,50,0,0,10,0.95,8.62,297.77,0,2566.6,0
2024-04-19T18:00:00.000Z,19/4/2024,11:30 PM,Fri,0,23,0,29.7,50,0.161,0,311.45,20,50,0,0,10,0.95,6.85,311.45,0,2134.6,0
2024-04-19T19:00:00.000Z,20/4/2024,12:30 AM,Sat,1,0,0,29.5,50,0.162,0,73.1,20,50,0,0,10,0.95,5.28,73.1,0,386.13,0
2024-04-19T20:00:00.000Z,20/4/2024,01:30 AM,Sat,1,1,0,29.7,50,0.161,0,86.87,20,50,0,0,10,0.95,5.46,86.87,0,473.98,0
2024-04-19T21:00:00.000Z,20/4/2024,02:30 AM,Sat,1,2,0,30.2,50,0.159,0,96.98,20,50,0,0,10,0.95,6.28,96.98,0,609.04,0
2024-04-19T22:00:00.000Z,20/4/2024,03:30 AM,Sat,1,3,0,30.9,50,0.156,0,99.28,20,50,0,0,10,0.95,6.72,99.28,0,666.97,0
2024-04-19T23:00:00.000Z,20/4/2024,04:30 AM,Sat,1,4,0,32,50,0.152,0,113.27,20,50,0,0,10,0.95,6.24,113.27,0,706.64,0
2024-04-20T00:00:00.000Z,20/4/2024,05:30 AM,Sat,1,5,0,33.2,50,0.147,0,111.04,20,50,0,0,10,0.95,5.3,111.04,0,588.05,0
2024-04-20T01:00:00.000Z,20/4/2024,06:30 AM,Sat,1,6,0,34.5,50,0.142,0,273.33,20,50,0,0,10,0.95,8.04,273.33,0,2198.4,0
2024-04-20T02:00:00.000Z,20/4/2024,07:30 AM,Sat,1,7,275,35.8,50,0.137,1.88,205.42,20,50,0,0,10,0.95,8.46,203.54,0,1720.93,0
2024-04-20T03:00:00.000Z,20/4/2024,08:30 AM,Sat,1,8,663,37,50,0.132,4.38,215.38,20,50,0,0,10,0.95,9.87,211,0,2081.57,0
2024-04-20T04:00:00.000Z,20/4/2024,09:30 AM,Sat,1,9,905,38,50,0.128,5.79,202.65,20,50,0,0,10,0.95,9.97,196.86,0,1962.5,0
2024-04-20T05:00:00.000Z,20/4/2024,10:30 AM,Sat,1,10,1003,38.8,50,0.125,6.26,45.87,20,50,0,0,10,0.95,9.15,39.61,0,362.29,0
2024-04-20T06:00:00.000Z,20/4/2024,11:30 AM,Sat,1,11,1168,39.3,50,0.123,7.17,43.36,20,50,0,0,10,0.95,5.34,36.19,0,193.14,0
2024-04-20T07:00:00.000Z,20/4/2024,12:30 PM,Sat,1,12,1235,39.5,50,0.122,7.53,42.28,20,50,0,0,10,0.95,6.68,34.75,0,231.99,0
2024-04-20T08:00:00.000Z,20/4/2024,01:30 PM,Sat,1,13,1058,39.3,50,0.123,6.5,47.09,20,50,0,0,10,0.95,6.11,40.59,0,248.22,0
2024-04-20T09:00:00.000Z,20/4/2024,02:30 PM,Sat,1,14,1114,38.8,50,0.125,6.95,38.98,20,50,0,0,10,0.95,5.49,32.03,0,175.96,0
2024-04-20T10:00:00.000Z,20/4/2024,03:30 PM,Sat,1,15,894,38,50,0.128,5.72,47.08,20,50,0,0,10,0.95,6.3,41.36,0,260.44,0
2024-04-20T11:00:00.000Z,20/4/2024,04:30 PM,Sat,1,16,616,37,50,0.132,4.07,43.14,20,50,0,0,10,0.95,6.55,39.07,0,255.89,0
2024-04-20T12:00:00.000Z,20/4/2024,05:30 PM,Sat,1,17,344,35.8,50,0.137,2.35,43.42,20,50,0,0,10,0.95,6.43,41.07,0,264.25,0
2024-04-20T13:00:00.000Z,20/4/2024,06:30 PM,Sat,1,18,0,34.5,50,0.142,0,286.95,20,50,0,0,10,0.95,8.28,286.95,0,2376.22,0
2024-04-20T14:00:00.000Z,20/4/2024,07:30 PM,Sat,1,19,0,33.2,50,0.147,0,255.86,20,50,0,0,10,0.95,8.43,255.86,0,2156.56,0
2024-04-20T15:00:00.000Z,20/4/2024,08:30 PM,Sat,1,20,0,32,50,0.152,0,278.14,20,50,0,0,10,0.95,9.54,278.14,0,2653.65,0
2024-04-20T16:00:00.000Z,20/4/2024,09:30 PM,Sat,1,21,0,30.9,50,0.156,0,259.4,20,50,0,0,10,0.95,8.25,259.4,0,2140.29,0
2024-04-20T17:00:00.000Z,20/4/2024,10:30 PM,Sat,1,22,0,30.2,50,0.159,0,330.76,20,50,0,0,10,0.95,8.13,330.76,0,2689.01,0
2024-04-20T18:00:00.000Z,20/4/2024,11:30 PM,Sat,1,23,0,29.7,50,0.161,0,331.29,20,50,0,0,10,0.95,6.55,331.29,0,2170.71,0
2024-04-20T19:00:00.000Z,21/4/2024,12:30 AM,Sun,1,0,0,29.4,50,0.162,0,85.54,20,50,0,0,10,0.95,6.77,85.54,0,579.2,0
2024-04-20T20:00:00.000Z,21/4/2024,01:30 AM,Sun,1,1,0,29.6,50,0.162,0,96.07,20,50,0,0,10,0.95,6.64,96.07,0,637.43,0
2024-04-20T21:00:00.000Z,21/4/2024,02:30 AM,Sun,1,2,0,30.1,50,0.16,0,102.23,20,50,0,0,10,0.95,5.7,102.23,0,582.83,0
2024-04-20T22:00:00.000Z,21/4/2024,03:30 AM,Sun,1,3,0,30.9,50,0.156,0,87.24,20,50,0,0,10,0.95,5.5,87.24,0,480.24,0
2024-04-20T23:00:00.000Z,21/4/2024,04:30 AM,Sun,1,4,0,31.9,50,0.152,0,78.32,20,50,0,0,10,0.95,5.36,78.32,0,419.52,0
2024-04-21T00:00:00.000Z,21/4/2024,05:30 AM,Sun,1,5,0,33.1,50,0.148,0,138.89,20,50,0,0,10,0.95,5.15,138.89,0,715.12,0
2024-04-21T01:00:00.000Z,21/4/2024,06:30 AM,Sun,1,6,0,34.4,50,0.142,0,312.25,20,50,0,0,10,0.95,9.95,312.25,0,3107.57,0
2024-04-21T02:00:00.000Z,21/4/2024,07:30 AM,Sun,1,7,262,35.7,50,0.137,1.8,223.06,20,50,0,0,10,0.95,9.13,221.26,0,2020.37,0
2024-04-21T03:00:00.000Z,21/4/2024,08:30 AM,Sun,1,8,676,36.9,50,0.132,4.48,222.84,20,50,0,0,10,0.95,8.87,218.36,0,1936.84,0
2024-04-21T04:00:00.000Z,21/4/2024,09:30 AM,Sun,1,9,842,38,50,0.128,5.39,215.25,20,50,0,0,10,0.95,8.65,209.86,0,1816.04,0
2024-04-21T05:00:00.000Z,21/4/2024,10:30 AM,Sun,1,10,921,38.8,50,0.125,5.75,42.74,20,50,0,0,10,0.95,9.72,36.99,0,359.4,0
2024-04-21T06:00:00.000Z,21/4/2024,11:30 AM,Sun,1,11,1087,39.3,50,0.123,6.67,41.45,20,50,0,0,10,0.95,5.77,34.78,0,200.54,0
2024-04-21T07:00:00.000Z,21/4/2024,12:30 PM,Sun,1,12,1070,39.4,50,0.122,6.55,45.11,20,50,0,0,10,0.95,5.19,38.56,0,199.99,0
2024-04-21T08:00:00.000Z,21/4/2024,01:30 PM,Sun,1,13,1204,39.3,50,0.123,7.39,40.68,20,50,0,0,10,0.95,5.17,33.29,0,172.18,0
2024-04-21T09:00:00.000Z,21/4/2024,02:30 PM,Sun,1,14,1145,38.8,50,0.125,7.14,44.72,20,50,0,0,10,0.95,6.26,37.58,0,235.04,0
2024-04-21T10:00:00.000Z,21/4/2024,03:30 PM,Sun,1,15,857,38,50,0.128,5.48,43.9,20,50,0,0,10,0.95,6.89,38.42,0,264.61,0
2024-04-21T11:00:00.000Z,21/4/2024,04:30 PM,Sun,1,16,574,36.9,50,0.132,3.8,45.72,20,50,0,0,10,0.95,5.84,41.92,0,244.93,0
2024-04-21T12:00:00.000Z,21/4/2024,05:30 PM,Sun,1,17,323,35.7,50,0.137,2.22,39.42,20,50,0,0,10,0.95,5.61,37.2,0,208.74,0
2024-04-21T13:00:00.000Z,21/4/2024,06:30 PM,Sun,1,18,0,34.4,50,0.142,0,278.63,20,50,0,0,10,0.95,9.97,278.63,0,2778.15,0
2024-04-21T14:00:00.000Z,21/4/2024,07:30 PM,Sun,1,19,0,33.1,50,0.148,0,280.18,20,50,0,0,10,0.95,9.42,280.18,0,2639.39,0
2024-04-21T15:00:00.000Z,21/4/2024,08:30 PM,Sun,1,20,0,31.9,50,0.152,0,316.28,20,50,0,0,10,0.95,8.7,316.28,0,2751.12,0
2024-04-21T16:00:00.000Z,21/4/2024,09:30 PM,Sun,1,21,0,30.9,50,0.156,0,254.43,20,50,0,0,10,0.95,9.5,254.43,0,2418.07,0
2024-04-21T17:00:00.000Z,21/4/2024,10:30 PM,Sun,1,22,0,30.1,50,0.16,0,369.07,20,50,0,0,10,0.95,9.89,369.07,0,3648.66,0
2024-04-21T18:00:00.000Z,21/4/2024,11:30 PM,Sun,1,23,0,29.6,50,0.162,0,316.12,20,50,0,0,10,0.95,6.7,316.12,0,2117.82,0
2024-04-21T19:00:00.000Z,22/4/2024,12:30 AM,Mon,0,0,0,29.4,50,0.162,0,103.19,20,50,0,0,10,0.95,5.52,103.19,0,569.68,0
2024-04-21T20:00:00.000Z,22/4/2024,01:30 AM,Mon,0,1,0,29.5,50,0.162,0,70.14,20,50,0,0,10,0.95,5.72,70.14,0,401.02,0
2024-04-21T21:00:00.000Z,22/4/2024,02:30 AM,Mon,0,2,0,30,50,0.16,0,102.74,20,50,0,0,10,0.95,6.42,102.74,0,659.6,0
2024-04-21T22:00:00.000Z,22/4/2024,03:30 AM,Mon,0,3,0,30.8,50,0.157,0,85.26,20,50,0,0,10,0.95,5.24,85.26,0,446.97,0
2024-04-21T23:00:00.000Z,22/4/2024,04:30 AM,Mon,0,4,0,31.9,50,0.152,0,80.32,20,50,0,0,10,0.95,6.63,80.32,0,532.5,0
2024-04-22T00:00:00.000Z,22/4/2024,05:30 AM,Mon,0,5,0,33.1,50,0.148,0,113.37,20,50,0,0,10,0.95,6.13,113.37,0,695.33,0
2024-04-22T01:00:00.000Z,22/4/2024,06:30 AM,Mon,0,6,0,34.4,50,0.142,0,208.33,20,50,0,0,10,0.95,9.03,208.33,0,1881.44,0
2024-04-22T02:00:00.000Z,22/4/2024,07:30 AM,Mon,0,7,321,35.7,50,0.137,2.2,200.65,20,50,0,0,10,0.95,8.02,198.45,0,1591.75,0
2024-04-22T03:00:00.000Z,22/4/2024,08:30 AM,Mon,0,8,514,36.9,50,0.132,3.4,170.77,20,50,0,0,10,0.95,9.39,167.37,0,1571.3,0
2024-04-22T04:00:00.000Z,22/4/2024,09:30 AM,Mon,0,9,891,37.9,50,0.128,5.72,194.64,20,50,0,0,10,0.95,9.56,188.92,0,1806.97,0
2024-04-22T05:00:00.000Z,22/4/2024,10:30 AM,Mon,0,10,972,38.7,50,0.125,6.08,39.48,20,50,0,0,10,0.95,9.59,33.4,0,320.36,0
2024-04-22T06:00:00.000Z,22/4/2024,11:30 AM,Mon,0,11,1279,39.2,50,0.123,7.88,36.68,20,50,0,0,10,0.95,5.46,28.8,0,157.26,0
2024-04-22T07:00:00.000Z,22/4/2024,12:30 PM,Mon,0,12,1221,39.4,50,0.122,7.47,31.87,20,50,0,0,10,0.95,5.19,24.4,0,126.52,0
2024-04-22T08:00:00.000Z,22/4/2024,01:30 PM,Mon,0,13,1053,39.2,50,0.123,6.49,41.5,20,50,0,0,10,0.95,6.44,35.01,0,225.57,0
2024-04-22T09:00:00.000Z,22/4/2024,02:30 PM,Mon,0,14,882,38.7,50,0.125,5.52,32.31,20,50,0,0,10,0.95,6.66,26.79,0,178.48,0
2024-04-22T10:00:00.000Z,22/4/2024,03:30 PM,Mon,0,15,731,37.9,50,0.128,4.69,38.59,20,50,0,0,10,0.95,6.23,33.9,0,211.08,0
2024-04-22T11:00:00.000Z,22/4/2024,04:30 PM,Mon,0,16,582,36.9,50,0.132,3.85,29.27,20,50,0,0,10,0.95,5.42,25.42,0,137.84,0
2024-04-22T12:00:00.000Z,22/4/2024,05:30 PM,Mon,0,17,327,35.7,50,0.137,2.24,38.31,20,50,0,0,10,0.95,6.8,36.07,0,245.18,0
2024-04-22T13:00:00.000Z,22/4/2024,06:30 PM,Mon,0,18,0,34.4,50,0.142,0,219.71,20,50,0,0,10,0.95,9.06,219.71,0,1990.14,0
2024-04-22T14:00:00.000Z,22/4/2024,07:30 PM,Mon,0,19,0,33.1,50,0.148,0,225.8,20,50,0,0,10,0.95,8.83,225.8,0,1994.94,0
2024-04-22T15:00:00.000Z,22/4/2024,08:30 PM,Mon,0,20,0,31.9,50,0.152,0,254.68,20,50,0,0,10,0.95,9.74,254.68,0,2479.5,0
2024-04-22T16:00:00.000Z,22/4/2024,09:30 PM,Mon,0,21,0,30.8,50,0.157,0,253.1,20,50,0,0,10,0.95,9.22,253.1,0,2333.54,0
2024-04-22T17:00:00.000Z,22/4/2024,10:30 PM,Mon,0,22,0,30,50,0.16,0,292.9,20,50,0,0,10,0.95,8.84,292.9,0,2588.82,0
2024-04-22T18:00:00.000Z,22/4/2024,11:30 PM,Mon,0,23,0,29.5,50,0.162,0,305.07,20,50,0,0,10,0.95,6.33,305.07,0,1930.89,0
2024-04-22T19:00:00.000Z,23/4/2024,12:30 AM,Tue,0,0,0,29.3,50,0.163,0,112.01,20,50,0,0,10,0.95,5.24,112.01,0,587.48,0
2024-04-22T20:00:00.000Z,23/4/2024,01:30 AM,Tue,0,1,0,29.5,50,0.162,0,91.75,20,50,0,0,10,0.95,6.68,91.75,0,613.05,0
2024-04-22T21:00:00.000Z,23/4/2024,02:30 AM,Tue,0,2,0,30,50,0.16,0,94.32,20,50,0,0,10,0.95,6.84,94.32,0,644.82,0
2024-04-22T22:00:00.000Z,23/4/2024,03:30 AM,Tue,0,3,0,30.8,50,0.157,0,76.66,20,50,0,0,10,0.95,5.51,76.66,0,422.44,0
2024-04-22T23:00:00.000Z,23/4/2024,04:30 AM,Tue,0,4,0,31.8,50,0.153,0,82.66,20,50,0,0,10,0.95,5.32,82.66,0,439.92,0
2024-04-23T00:00:00.000Z,23/4/2024,05:30 AM,Tue,0,5,0,33,50,0.148,0,87.23,20,50,0,0,10,0.95,5.41,87.23,0,471.54,0
2024-04-23T01:00:00.000Z,23/4/2024,06:30 AM,Tue,0,6,0,34.3,50,0.143,0,219.04,20,50,0,0,10,0.95,9.29,219.04,0,2034.67,0
2024-04-23T02:00:00.000Z,23/4/2024,07:30 AM,Tue,0,7,286,35.6,50,0.138,1.97,189.93,20,50,0,0,10,0.95,8.73,187.96,0,1641.79,0
2024-04-23T03:00:00.000Z,23/4/2024,08:30 AM,Tue,0,8,562,36.8,50,0.133,3.73,178.41,20,50,0,0,10,0.95,8.27,174.68,0,1444.66,0
2024-04-23T04:00:00.000Z,23/4/2024,09:30 AM,Tue,0,9,709,37.8,50,0.129,4.57,151.95,20,50,0,0,10,0.95,9.67,147.38,0,1425.42,0
2024-04-23T05:00:00.000Z,23/4/2024,10:30 AM,Tue,0,10,980,38.6,50,0.126,6.15,36.21,20,50,0,0,10,0.95,9.37,30.06,0,281.59,0
2024-04-23T06:00:00.000Z,23/4/2024,11:30 AM,Tue,0,11,1299,39.1,50,0.124,8.03,28.86,20,50,0,0,10,0.95,6.54,20.83,0,136.15,0
2024-04-23T07:00:00.000Z,23/4/2024,12:30 PM,Tue,0,12,1230,39.3,50,0.123,7.55,30.06,20,50,0,0,10,0.95,5.35,22.51,0,120.45,0
2024-04-23T08:00:00.000Z,23/4/2024,01:30 PM,Tue,0,13,1000,39.1,50,0.124,6.18,36.4,20,50,0,0,10,0.95,6.15,30.22,0,185.79,0
2024-04-23T09:00:00.000Z,23/4/2024,02:30 PM,Tue,0,14,996,38.6,50,0.126,6.25,39.23,20,50,0,0,10,0.95,6.57,32.98,0,216.8,0
2024-04-23T10:00:00.000Z,23/4/2024,03:30 PM,Tue,0,15,814,37.8,50,0.129,5.24,31.56,20,50,0,0,10,0.95,6.82,26.32,0,179.44,0
2024-04-23T11:00:00.000Z,23/4/2024,04:30 PM,Tue,0,16,520,36.8,50,0.133,3.45,33.26,20,50,0,0,10,0.95,5.2,29.81,0,155.05,0
2024-04-23T12:00:00.000Z,23/4/2024,05:30 PM,Tue,0,17,317,35.6,50,0.138,2.18,35.86,20,50,0,0,10,0.95,6.06,33.68,0,203.97,0
2024-04-23T13:00:00.000Z,23/4/2024,06:30 PM,Tue,0,18,0,34.3,50,0.143,0,232.9,20,50,0,0,10,0.95,8.79,232.9,0,2047.45,0
2024-04-23T14:00:00.000Z,23/4/2024,07:30 PM,Tue,0,19,0,33,50,0.148,0,244.98,20,50,0,0,10,0.95,8.69,244.98,0,2127.99,0
2024-04-23T15:00:00.000Z,23/4/2024,08:30 PM,Tue,0,20,0,31.8,50,0.153,0,255.97,20,50,0,0,10,0.95,9.05,255.97,0,2317.47,0
2024-04-23T16:00:00.000Z,23/4/2024,09:30 PM,Tue,0,21,0,30.8,50,0.157,0,299.03,20,50,0,0,10,0.95,9.19,299.03,0,2747.11,0
2024-04-23T17:00:00.000Z,23/4/2024,10:30 PM,Tue,0,22,0,30,50,0.16,0,268.83,20,50,0,0,10,0.95,8.37,268.83,0,2249.74,0
2024-04-23T18:00:00.000Z,23/4/2024,11:30 PM,Tue,0,23,0,29.5,50,0.162,0,237.64,20,50,0,0,10,0.95,5.24,237.64,0,1244.14,0
2024-04-23T19:00:00.000Z,24/4/2024,12:30 AM,Wed,0,0,0,29.2,50,0.163,0,78.47,20,50,0,0,10,0.95,6.22,78.47,0,488.16,0
2024-04-23T20:00:00.000Z,24/4/2024,01:30 AM,Wed,0,1,0,29.4,50,0.162,0,107.13,20,50,0,0,10,0.95,5.08,107.13,0,544.17,0
2024-04-23T21:00:00.000Z,24/4/2024,02:30 AM,Wed,0,2,0,29.9,50,0.16,0,96.61,20,50,0,0,10,0.95,6.03,96.61,0,582.54,0
2024-04-23T22:00:00.000Z,24/4/2024,03:30 AM,Wed,0,3,0,30.7,50,0.157,0,119.26,20,50,0,0,10,0.95,6.49,119.26,0,774.19,0
2024-04-23T23:00:00.000Z,24/4/2024,04:30 AM,Wed,0,4,0,31.7,50,0.153,0,81.41,20,50,0,0,10,0.95,6.72,81.41,0,547.34,0
2024-04-24T00:00:00.000Z,24/4/2024,05:30 AM,Wed,0,5,0,32.9,50,0.148,0,78.89,20,50,0,0,10,0.95,6.78,78.89,0,535.18,0
2024-04-24T01:00:00.000Z,24/4/2024,06:30 AM,Wed,0,6,0,34.2,50,0.143,0,236.35,20,50,0,0,10,0.95,8.69,236.35,0,2052.86,0
2024-04-24T02:00:00.000Z,24/4/2024,07:30 AM,Wed,0,7,304,35.5,50,0.138,2.1,157.28,20,50,0,0,10,0.95,9.13,155.18,0,1416.53,0
2024-04-24T03:00:00.000Z,24/4/2024,08:30 AM,Wed,0,8,655,36.7,50,0.133,4.36,166.65,20,50,0,0,10,0.95,9.03,162.29,0,1465.72,0
2024-04-24T04:00:00.000Z,24/4/2024,09:30 AM,Wed,0,9,740,37.8,50,0.129,4.77,178.9,20,50,0,0,10,0.95,9.26,174.13,0,1613.16,0
2024-04-24T05:00:00.000Z,24/4/2024,10:30 AM,Wed,0,10,1010,38.6,50,0.126,6.34,34.51,20,50,0,0,10,0.95,9.14,28.17,0,257.52,0
2024-04-24T06:00:00.000Z,24/4/2024,11:30 AM,Wed,0,11,1166,39.1,50,0.124,7.21,35.36,20,50,0,0,10,0.95,6.82,28.15,0,191.88,0
2024-04-24T07:00:00.000Z,24/4/2024,12:30 PM,Wed,0,12,1279,39.2,50,0.123,7.88,38.05,20,50,0,0,10,0.95,6,30.17,0,181.13,0
2024-04-24T08:00:00.000Z,24/4/2024,01:30 PM,Wed,0,13,1055,39.1,50,0.124,6.52,30.01,20,50,0,0,10,0.95,5.97,23.49,0,140.22,0
2024-04-24T09:00:00.000Z,24/4/2024,02:30 PM,Wed,0,14,1056,38.6,50,0.126,6.63,32.87,20,50,0,0,10,0.95,5.13,26.24,0,134.52,0
2024-04-24T10:00:00.000Z,24/4/2024,03:30 PM,Wed,0,15,745,37.8,50,0.129,4.8,35.58,20,50,0,0,10,0.95,6.48,30.78,0,199.32,0
2024-04-24T11:00:00.000Z,24/4/2024,04:30 PM,Wed,0,16,565,36.7,50,0.133,3.76,39.91,20,50,0,0,10,0.95,6.89,36.15,0,248.9,0
2024-04-24T12:00:00.000Z,24/4/2024,05:30 PM,Wed,0,17,320,35.5,50,0.138,2.21,34.7,20,50,0,0,10,0.95,6.93,32.49,0,225.21,0
2024-04-24T13:00:00.000Z,24/4/2024,06:30 PM,Wed,0,18,0,34.2,50,0.143,0,232.01,20,50,0,0,10,0.95,9.46,232.01,0,2193.74,0
2024-04-24T14:00:00.000Z,24/4/2024,07:30 PM,Wed,0,19,0,32.9,50,0.148,0,257.78,20,50,0,0,10,0.95,8.46,257.78,0,2180.49,0
2024-04-24T15:00:00.000Z,24/4/2024,08:30 PM,Wed,0,20,0,31.7,50,0.153,0,258.95,20,50,0,0,10,0.95,8.2,258.95,0,2123.09,0
2024-04-24T16:00:00.000Z,24/4/2024,09:30 PM,Wed,0,21,0,30.7,50,0.157,0,223.39,20,50,0,0,10,0.95,8.53,223.39,0,1904.66,0
2024-04-24T17:00:00.000Z,24/4/2024,10:30 PM,Wed,0,22,0,29.9,50,0.16,0,247.68,20,50,0,0,10,0.95,9.91,247.68,0,2455.51,0
2024-04-24T18:00:00.000Z,24/4/2024,11:30 PM,Wed,0,23,0,29.4,50,0.162,0,243.31,20,50,0,0,10,0.95,6.98,243.31,0,1698.26,0
2024-04-24T19:00:00.000Z,25/4/2024,12:30 AM,Thu,0,0,0,29.2,50,0.163,0,96.72,20,50,0,0,10,0.95,6.93,96.72,0,670.14,0
2024-04-24T20:00:00.000Z,25/4/2024,01:30 AM,Thu,0,1,0,29.3,50,0.163,0,99.82,20,50,0,0,10,0.95,6.34,99.82,0,633.25,0
2024-04-24T21:00:00.000Z,25/4/2024,02:30 AM,Thu,0,2,0,29.8,50,0.161,0,84.15,20,50,0,0,10,0.95,6.23,84.15,0,524.63,0
2024-04-24T22:00:00.000Z,25/4/2024,03:30 AM,Thu,0,3,0,30.6,50,0.158,0,79.47,20,50,0,0,10,0.95,6.5,79.47,0,516.19,0
2024-04-24T23:00:00.000Z,25/4/2024,04:30 AM,Thu,0,4,0,31.7,50,0.153,0,76.72,20,50,0,0,10,0.95,6.34,76.72,0,486.53,0
2024-04-25T00:00:00.000Z,25/4/2024,05:30 AM,Thu,0,5,0,32.9,50,0.148,0,65.76,20,50,0,0,10,0.95,6.84,65.76,0,449.68,0
2024-04-25T01:00:00.000Z,25/4/2024,06:30 AM,Thu,0,6,0,34.2,50,0.143,0,230.89,20,50,0,0,10,0.95,9.53,230.89,0,2200.2,0
2024-04-25T02:00:00.000Z,25/4/2024,07:30 AM,Thu,0,7,285,35.5,50,0.138,1.97,171.35,20,50,0,0,10,0.95,8.02,169.38,0,1358.49,0
2024-04-25T03:00:00.000Z,25/4/2024,08:30 AM,Thu,0,8,588,36.7,50,0.133,3.92,159.45,20,50,0,0,10,0.95,8.17,155.53,0,1271.44,0
2024-04-25T04:00:00.000Z,25/4/2024,09:30 AM,Thu,0,9,849,37.7,50,0.129,5.48,189.63,20,50,0,0,10,0.95,8.07,184.15,0,1485.21,0
2024-04-25T05:00:00.000Z,25/4/2024,10:30 AM,Thu,0,10,945,38.5,50,0.126,5.95,30.47,20,50,0,0,10,0.95,9.98,24.52,0,244.76,0
2024-04-25T06:00:00.000Z,25/4/2024,11:30 AM,Thu,0,11,1196,39,50,0.124,7.42,35.7,20,50,0,0,10,0.95,5.67,28.28,0,160.34,0
2024-04-25T07:00:00.000Z,25/4/2024,12:30 PM,Thu,0,12,1260,39.2,50,0.123,7.76,35.68,20,50,0,0,10,0.95,6.66,27.92,0,185.94,0
2024-04-25T08:00:00.000Z,25/4/2024,01:30 PM,Thu,0,13,1164,39,50,0.124,7.22,36.56,20,50,0,0,10,0.95,6.74,29.34,0,197.66,0
2024-04-25T09:00:00.000Z,25/4/2024,02:30 PM,Thu,0,14,970,38.5,50,0.126,6.11,35.97,20,50,0,0,10,0.95,6.71,29.86,0,200.38,0
2024-04-25T10:00:00.000Z,25/4/2024,03:30 PM,Thu,0,15,892,37.7,50,0.129,5.76,34.67,20,50,0,0,10,0.95,5.21,28.91,0,150.47,0
2024-04-25T11:00:00.000Z,25/4/2024,04:30 PM,Thu,0,16,571,36.7,50,0.133,3.8,35.5,20,50,0,0,10,0.95,5.87,31.7,0,186.06,0
2024-04-25T12:00:00.000Z,25/4/2024,05:30 PM,Thu,0,17,336,35.5,50,0.138,2.32,37.57,20,50,0,0,10,0.95,5.11,35.25,0,180.19,0
2024-04-25T13:00:00.000Z,25/4/2024,06:30 PM,Thu,0,18,0,34.2,50,0.143,0,258.26,20,50,0,0,10,0.95,8.37,258.26,0,2160.91,0
2024-04-25T14:00:00.000Z,25/4/2024,07:30 PM,Thu,0,19,0,32.9,50,0.148,0,266.65,20,50,0,0,10,0.95,8.62,266.65,0,2298.44,0
2024-04-25T15:00:00.000Z,25/4/2024,08:30 PM,Thu,0,20,0,31.7,50,0.153,0,276.82,20,50,0,0,10,0.95,8.94,276.82,0,2475.58,0
2024-04-25T16:00:00.000Z,25/4/2024,09:30 PM,Thu,0,21,0,30.6,50,0.158,0,211.85,20,50,0,0,10,0.95,9.33,211.85,0,1977.1,0
2024-04-25T17:00:00.000Z,25/4/2024,10:30 PM,Thu,0,22,0,29.8,50,0.161,0,259.33,20,50,0,0,10,0.95,8.39,259.33,0,2175.69,0
2024-04-25T18:00:00.000Z,25/4/2024,11:30 PM,Thu,0,23,0,29.3,50,0.163,0,283.74,20,50,0,0,10,0.95,6.87,283.74,0,1950,0
2024-04-25T19:00:00.000Z,26/4/2024,12:30 AM,Fri,0,0,0,29.1,50,0.164,0,80.78,20,50,0,0,10,0.95,6.45,80.78,0,521.23,0
2024-04-25T20:00:00.000Z,26/4/2024,01:30 AM,Fri,0,1,0,29.3,50,0.163,0,64.06,20,50,0,0,10,0.95,6.57,64.06,0,420.65,0
2024-04-25T21:00:00.000Z,26/4/2024,02:30 AM,Fri,0,2,0,29.8,50,0.161,0,100.41,20,50,0,0,10,0.95,6.54,100.41,0,656.64,0
2024-04-25T22:00:00.000Z,26/4/2024,03:30 AM,Fri,0,3,0,30.6,50,0.158,0,72.29,20,50,0,0,10,0.95,5.9,72.29,0,426.35,0
2024-04-25T23:00:00.000Z,26/4/2024,04:30 AM,Fri,0,4,0,31.6,50,0.154,0,93,20,50,0,0,10,0.95,5.43,93,0,505.3,0
2024-04-26T00:00:00.000Z,26/4/2024,05:30 AM,Fri,0,5,0,32.8,50,0.149,0,72.82,20,50,0,0,10,0.95,6.68,72.82,0,486.22,0
2024-04-26T01:00:00.000Z,26/4/2024,06:30 AM,Fri,0,6,0,34.1,50,0.144,0,217.55,20,50,0,0,10,0.95,9.83,217.55,0,2138.27,0
2024-04-26T02:00:00.000Z,26/4/2024,07:30 AM,Fri,0,7,294,35.4,50,0.138,2.03,166.39,20,50,0,0,10,0.95,9.88,164.36,0,1623.8,0
2024-04-26T03:00:00.000Z,26/4/2024,08:30 AM,Fri,0,8,525,36.6,50,0.134,3.51,181.68,20,50,0,0,10,0.95,9.62,178.17,0,1714.65,0
2024-04-26T04:00:00.000Z,26/4/2024,09:30 AM,Fri,0,9,721,37.6,50,0.13,4.67,178.92,20,50,0,0,10,0.95,9.39,174.25,0,1635.7,0
2024-04-26T05:00:00.000Z,26/4/2024,10:30 AM,Fri,0,10,1112,38.4,50,0.126,7.03,38.31,20,50,0,0,10,0.95,8.68,31.28,0,271.43,0
2024-04-26T06:00:00.000Z,26/4/2024,11:30 AM,Fri,0,11,1228,38.9,50,0.124,7.64,32.05,20,50,0,0,10,0.95,6.76,24.41,0,165.05,0
2024-04-26T07:00:00.000Z,26/4/2024,12:30 PM,Fri,0,12,1068,39.1,50,0.124,6.6,35.92,20,50,0,0,10,0.95,6.06,29.32,0,177.62,0
2024-04-26T08:00:00.000Z,26/4/2024,01:30 PM,Fri,0,13,1036,38.9,50,0.124,6.44,35.56,20,50,0,0,10,0.95,6.32,29.12,0,183.89,0
2024-04-26T09:00:00.000Z,26/4/2024,02:30 PM,Fri,0,14,1029,38.4,50,0.126,6.5,36.96,20,50,0,0,10,0.95,5.32,30.46,0,162.05,0
2024-04-26T10:00:00.000Z,26/4/2024,03:30 PM,Fri,0,15,791,37.6,50,0.13,5.13,34.88,20,50,0,0,10,0.95,5.05,29.75,0,150.3,0
2024-04-26T11:00:00.000Z,26/4/2024,04:30 PM,Fri,0,16,646,36.6,50,0.134,4.32,34.04,20,50,0,0,10,0.95,5.59,29.72,0,166.21,0
2024-04-26T12:00:00.000Z,26/4/2024,05:30 PM,Fri,0,17,300,35.4,50,0.138,2.08,33.6,20,50,0,0,10,0.95,6.96,31.52,0,219.32,0
2024-04-26T13:00:00.000Z,26/4/2024,06:30 PM,Fri,0,18,0,34.1,50,0.144,0,261.77,20,50,0,0,10,0.95,9.43,261.77,0,2467.79,0
2024-04-26T14:00:00.000Z,26/4/2024,07:30 PM,Fri,0,19,0,32.8,50,0.149,0,220.29,20,50,0,0,10,0.95,9.51,220.29,0,2095.73,0
2024-04-26T15:00:00.000Z,26/4/2024,08:30 PM,Fri,0,20,0,31.6,50,0.154,0,238.77,20,50,0,0,10,0.95,8.34,238.77,0,1991.1,0
2024-04-26T16:00:00.000Z,26/4/2024,09:30 PM,Fri,0,21,0,30.6,50,0.158,0,209.29,20,50,0,0,10,0.95,8.09,209.29,0,1693.8,0
2024-04-26T17:00:00.000Z,26/4/2024,10:30 PM,Fri,0,22,0,29.8,50,0.161,0,275.61,20,50,0,0,10,0.95,9.79,275.61,0,2698.23,0
2024-04-26T18:00:00.000Z,26/4/2024,11:30 PM,Fri,0,23,0,29.3,50,0.163,0,246.93,20,50,0,0,10,0.95,6.59,246.93,0,1626.22,0
2024-04-26T19:00:00.000Z,27/4/2024,12:30 AM,Sat,1,0,0,29,50,0.164,0,101.63,20,50,0,0,10,0.95,6.92,101.63,0,703.65,0
2024-04-26T20:00:00.000Z,27/4/2024,01:30 AM,Sat,1,1,0,29.2,50,0.163,0,97.46,20,50,0,0,10,0.95,6.61,97.46,0,643.86,0
2024-04-26T21:00:00.000Z,27/4/2024,02:30 AM,Sat,1,2,0,29.7,50,0.161,0,66.45,20,50,0,0,10,0.95,6.75,66.45,0,448.74,0
2024-04-26T22:00:00.000Z,27/4/2024,03:30 AM,Sat,1,3,0,30.5,50,0.158,0,113.36,20,50,0,0,10,0.95,5.91,113.36,0,670.25,0
2024-04-26T23:00:00.000Z,27/4/2024,04:30 AM,Sat,1,4,0,31.5,50,0.154,0,97.66,20,50,0,0,10,0.95,5.61,97.66,0,547.83,0
2024-04-27T00:00:00.000Z,27/4/2024,05:30 AM,Sat,1,5,0,32.7,50,0.149,0,109.43,20,50,0,0,10,0.95,6.39,109.43,0,699.69,0
2024-04-27T01:00:00.000Z,27/4/2024,06:30 AM,Sat,1,6,0,34,50,0.144,0,250.18,20,50,0,0,10,0.95,8.89,250.18,0,2223.48,0
2024-04-27T02:00:00.000Z,27/4/2024,07:30 AM,Sat,1,7,313,35.3,50,0.139,2.17,195.27,20,50,0,0,10,0.95,8.98,193.1,0,1733.62,0
2024-04-27T03:00:00.000Z,27/4/2024,08:30 AM,Sat,1,8,571,36.5,50,0.134,3.83,209.48,20,50,0,0,10,0.95,9.44,205.65,0,1942.29,0
2024-04-27T04:00:00.000Z,27/4/2024,09:30 AM,Sat,1,9,700,37.6,50,0.13,4.54,206.22,20,50,0,0,10,0.95,8.53,201.68,0,1720.7,0
2024-04-27T05:00:00.000Z,27/4/2024,10:30 AM,Sat,1,10,897,38.4,50,0.126,5.67,48.43,20,50,0,0,10,0.95,8.79,42.76,0,375.96,0
2024-04-27T06:00:00.000Z,27/4/2024,11:30 AM,Sat,1,11,1037,38.9,50,0.124,6.45,40.36,20,50,0,0,10,0.95,5.82,33.91,0,197.39,0
2024-04-27T07:00:00.000Z,27/4/2024,12:30 PM,Sat,1,12,1007,39,50,0.124,6.24,43.64,20,50,0,0,10,0.95,6.16,37.4,0,230.19,0
2024-04-27T08:00:00.000Z,27/4/2024,01:30 PM,Sat,1,13,1267,38.9,50,0.124,7.88,44.47,20,50,0,0,10,0.95,6.93,36.59,0,253.71,0
2024-04-27T09:00:00.000Z,27/4/2024,02:30 PM,Sat,1,14,903,38.4,50,0.126,5.71,47.75,20,50,0,0,10,0.95,6.1,42.04,0,256.42,0
2024-04-27T10:00:00.000Z,27/4/2024,03:30 PM,Sat,1,15,794,37.6,50,0.13,5.15,38.4,20,50,0,0,10,0.95,5.88,33.25,0,195.67,0
2024-04-27T11:00:00.000Z,27/4/2024,04:30 PM,Sat,1,16,575,36.5,50,0.134,3.85,46.21,20,50,0,0,10,0.95,5.71,42.36,0,241.67,0
2024-04-27T12:00:00.000Z,27/4/2024,05:30 PM,Sat,1,17,270,35.3,50,0.139,1.87,46.84,20,50,0,0,10,0.95,5.38,44.97,0,241.75,0
2024-04-27T13:00:00.000Z,27/4/2024,06:30 PM,Sat,1,18,0,34,50,0.144,0,343.82,20,50,0,0,10,0.95,8.5,343.82,0,2924.08,0
2024-04-27T14:00:00.000Z,27/4/2024,07:30 PM,Sat,1,19,0,32.7,50,0.149,0,317.3,20,50,0,0,10,0.95,8.82,317.3,0,2797.88,0
2024-04-27T15:00:00.000Z,27/4/2024,08:30 PM,Sat,1,20,0,31.5,50,0.154,0,303.41,20,50,0,0,10,0.95,9.13,303.41,0,2769.57,0
2024-04-27T16:00:00.000Z,27/4/2024,09:30 PM,Sat,1,21,0,30.5,50,0.158,0,350.53,20,50,0,0,10,0.95,8.74,350.53,0,3063.22,0
2024-04-27T17:00:00.000Z,27/4/2024,10:30 PM,Sat,1,22,0,29.7,50,0.161,0,304.57,20,50,0,0,10,0.95,8.26,304.57,0,2514.29,0
2024-04-27T18:00:00.000Z,27/4/2024,11:30 PM,Sat,1,23,0,29.2,50,0.163,0,326.73,20,50,0,0,10,0.95,5.69,326.73,0,1859.25,0
2024-04-27T19:00:00.000Z,28/4/2024,12:30 AM,Sun,1,0,0,29,50,0.164,0,77.44,20,50,0,0,10,0.95,5.19,77.44,0,401.57,0
2024-04-27T20:00:00.000Z,28/4/2024,01:30 AM,Sun,1,1,0,29.1,50,0.164,0,107.32,20,50,0,0,10,0.95,5.62,107.32,0,602.93,0
2024-04-27T21:00:00.000Z,28/4/2024,02:30 AM,Sun,1,2,0,29.6,50,0.162,0,99.15,20,50,0,0,10,0.95,6,99.15,0,595.31,0
2024-04-27T22:00:00.000Z,28/4/2024,03:30 AM,Sun,1,3,0,30.4,50,0.158,0,105.9,20,50,0,0,10,0.95,5.15,105.9,0,545.42,0
2024-04-27T23:00:00.000Z,28/4/2024,04:30 AM,Sun,1,4,0,31.5,50,0.154,0,115.13,20,50,0,0,10,0.95,6.88,115.13,0,792.45,0
2024-04-28T00:00:00.000Z,28/4/2024,05:30 AM,Sun,1,5,0,32.7,50,0.149,0,107.74,20,50,0,0,10,0.95,6.2,107.74,0,667.57,0
2024-04-28T01:00:00.000Z,28/4/2024,06:30 AM,Sun,1,6,0,34,50,0.144,0,253.23,20,50,0,0,10,0.95,8.93,253.23,0,2260.58,0
2024-04-28T02:00:00.000Z,28/4/2024,07:30 AM,Sun,1,7,308,35.3,50,0.139,2.14,230.51,20,50,0,0,10,0.95,8.99,228.37,0,2052.38,0
2024-04-28T03:00:00.000Z,28/4/2024,08:30 AM,Sun,1,8,512,36.5,50,0.134,3.43,240.37,20,50,0,0,10,0.95,9.69,236.94,0,2295.38,0
2024-04-28T04:00:00.000Z,28/4/2024,09:30 AM,Sun,1,9,724,37.5,50,0.13,4.71,206.19,20,50,0,0,10,0.95,9.99,201.48,0,2012.4,0
2024-04-28T05:00:00.000Z,28/4/2024,10:30 AM,Sun,1,10,1056,38.3,50,0.127,6.7,42.3,20,50,0,0,10,0.95,8.73,35.6,0,310.83,0
2024-04-28T06:00:00.000Z,28/4/2024,11:30 AM,Sun,1,11,1180,38.8,50,0.125,7.36,44.53,20,50,0,0,10,0.95,5.98,37.17,0,222.23,0
2024-04-28T07:00:00.000Z,28/4/2024,12:30 PM,Sun,1,12,1269,39,50,0.124,7.87,42.78,20,50,0,0,10,0.95,5.85,34.91,0,204.24,0
2024-04-28T08:00:00.000Z,28/4/2024,01:30 PM,Sun,1,13,1038,38.8,50,0.125,6.48,47.91,20,50,0,0,10,0.95,6.42,41.43,0,266.1,0
2024-04-28T09:00:00.000Z,28/4/2024,02:30 PM,Sun,1,14,886,38.3,50,0.127,5.62,45.49,20,50,0,0,10,0.95,5.67,39.87,0,225.96,0
2024-04-28T10:00:00.000Z,28/4/2024,03:30 PM,Sun,1,15,763,37.5,50,0.13,4.96,35.67,20,50,0,0,10,0.95,5.92,30.71,0,181.81,0
2024-04-28T11:00:00.000Z,28/4/2024,04:30 PM,Sun,1,16,604,36.5,50,0.134,4.05,51.04,20,50,0,0,10,0.95,5.37,46.99,0,252.37,0
2024-04-28T12:00:00.000Z,28/4/2024,05:30 PM,Sun,1,17,285,35.3,50,0.139,1.98,46.34,20,50,0,0,10,0.95,6.47,44.36,0,287.09,0
2024-04-28T13:00:00.000Z,28/4/2024,06:30 PM,Sun,1,18,0,34,50,0.144,0,326.59,20,50,0,0,10,0.95,8.41,326.59,0,2745.04,0
2024-04-28T14:00:00.000Z,28/4/2024,07:30 PM,Sun,1,19,0,32.7,50,0.149,0,281.94,20,50,0,0,10,0.95,9.92,281.94,0,2797.29,0
2024-04-28T15:00:00.000Z,28/4/2024,08:30 PM,Sun,1,20,0,31.5,50,0.154,0,298.98,20,50,0,0,10,0.95,8.67,298.98,0,2593.57,0
2024-04-28T16:00:00.000Z,28/4/2024,09:30 PM,Sun,1,21,0,30.4,50,0.158,0,313.57,20,50,0,0,10,0.95,8.3,313.57,0,2602.27,0
2024-04-28T17:00:00.000Z,28/4/2024,10:30 PM,Sun,1,22,0,29.6,50,0.162,0,357.93,20,50,0,0,10,0.95,8.18,357.93,0,2928.72,0
2024-04-28T18:00:00.000Z,28/4/2024,11:30 PM,Sun,1,23,0,29.1,50,0.164,0,332.81,20,50,0,0,10,0.95,6.36,332.81,0,2116.27,0
2024-04-28T19:00:00.000Z,29/4/2024,12:30 AM,Mon,0,0,0,28.9,50,0.164,0,66.29,20,50,0,0,10,0.95,5.77,66.29,0,382.64,0
2024-04-28T20:00:00.000Z,29/4/2024,01:30 AM,Mon,0,1,0,29.1,50,0.164,0,94.15,20,50,0,0,10,0.95,5.95,94.15,0,559.78,0
2024-04-28T21:00:00.000Z,29/4/2024,02:30 AM,Mon,0,2,0,29.6,50,0.162,0,87,20,50,0,0,10,0.95,5.96,87,0,518.43,0
2024-04-28T22:00:00.000Z,29/4/2024,03:30 AM,Mon,0,3,0,30.3,50,0.159,0,104.55,20,50,0,0,10,0.95,6.39,104.55,0,668.11,0
2024-04-28T23:00:00.000Z,29/4/2024,04:30 AM,Mon,0,4,0,31.4,50,0.154,0,73.95,20,50,0,0,10,0.95,6.05,73.95,0,447.11,0
2024-04-29T00:00:00.000Z,29/4/2024,05:30 AM,Mon,0,5,0,32.6,50,0.15,0,80.79,20,50,0,0,10,0.95,6.13,80.79,0,495.36,0
2024-04-29T01:00:00.000Z,29/4/2024,06:30 AM,Mon,0,6,0,33.9,50,0.144,0,241.47,20,50,0,0,10,0.95,8.34,241.47,0,2014.9,0
2024-04-29T02:00:00.000Z,29/4/2024,07:30 AM,Mon,0,7,286,35.2,50,0.139,1.99,162.52,20,50,0,0,10,0.95,9.09,160.53,0,1458.43,0
2024-04-29T03:00:00.000Z,29/4/2024,08:30 AM,Mon,0,8,501,36.4,50,0.134,3.37,167.14,20,50,0,0,10,0.95,8.54,163.77,0,1398.58,0
2024-04-29T04:00:00.000Z,29/4/2024,09:30 AM,Mon,0,9,763,37.4,50,0.13,4.97,177.22,20,50,0,0,10,0.95,8.78,172.25,0,1512.06,0
2024-04-29T05:00:00.000Z,29/4/2024,10:30 AM,Mon,0,10,984,38.2,50,0.127,6.26,34.95,20,50,0,0,10,0.95,8.16,28.69,0,234.07,0
2024-04-29T06:00:00.000Z,29/4/2024,11:30 AM,Mon,0,11,1102,38.7,50,0.125,6.9,38.68,20,50,0,0,10,0.95,5.71,31.78,0,181.31,0
2024-04-29T07:00:00.000Z,29/4/2024,12:30 PM,Mon,0,12,1092,38.9,50,0.124,6.79,38.75,20,50,0,0,10,0.95,5.59,31.96,0,178.67,0
2024-04-29T08:00:00.000Z,29/4/2024,01:30 PM,Mon,0,13,970,38.7,50,0.125,6.07,37.89,20,50,0,0,10,0.95,6.2,31.82,0,197.16,0
2024-04-29T09:00:00.000Z,29/4/2024,02:30 PM,Mon,0,14,920,38.2,50,0.127,5.85,34.43,20,50,0,0,10,0.95,6.32,28.58,0,180.73,0
2024-04-29T10:00:00.000Z,29/4/2024,03:30 PM,Mon,0,15,723,37.4,50,0.13,4.71,34.1,20,50,0,0,10,0.95,5.34,29.39,0,157.02,0
2024-04-29T11:00:00.000Z,29/4/2024,04:30 PM,Mon,0,16,504,36.4,50,0.134,3.39,35.75,20,50,0,0,10,0.95,5.35,32.36,0,173.28,0
2024-04-29T12:00:00.000Z,29/4/2024,05:30 PM,Mon,0,17,344,35.2,50,0.139,2.39,40.44,20,50,0,0,10,0.95,6.63,38.05,0,252.09,0
2024-04-29T13:00:00.000Z,29/4/2024,06:30 PM,Mon,0,18,0,33.9,50,0.144,0,255.09,20,50,0,0,10,0.95,8.24,255.09,0,2101.17,0
2024-04-29T14:00:00.000Z,29/4/2024,07:30 PM,Mon,0,19,0,32.6,50,0.15,0,249.49,20,50,0,0,10,0.95,9.22,249.49,0,2300.03,0
2024-04-29T15:00:00.000Z,29/4/2024,08:30 PM,Mon,0,20,0,31.4,50,0.154,0,241.13,20,50,0,0,10,0.95,9.32,241.13,0,2247.55,0
2024-04-29T16:00:00.000Z,29/4/2024,09:30 PM,Mon,0,21,0,30.3,50,0.159,0,224.15,20,50,0,0,10,0.95,9.1,224.15,0,2040.51,0
2024-04-29T17:00:00.000Z,29/4/2024,10:30 PM,Mon,0,22,0,29.6,50,0.162,0,312.25,20,50,0,0,10,0.95,8.09,312.25,0,2525.2,0
2024-04-29T18:00:00.000Z,29/4/2024,11:30 PM,Mon,0,23,0,29.1,50,0.164,0,303.86,20,50,0,0,10,0.95,5.19,303.86,0,1576.23,0
2024-04-29T19:00:00.000Z,30/4/2024,12:30 AM,Tue,0,0,0,28.8,50,0.165,0,92.49,20,50,0,0,10,0.95,5.38,92.49,0,497.96,0
2024-04-29T20:00:00.000Z,30/4/2024,01:30 AM,Tue,0,1,0,29,50,0.164,0,63.56,20,50,0,0,10,0.95,5.86,63.56,0,372.31,0
2024-04-29T21:00:00.000Z,30/4/2024,02:30 AM,Tue,0,2,0,29.5,50,0.162,0,86.2,20,50,0,0,10,0.95,6.72,86.2,0,579.08,0
2024-04-29T22:00:00.000Z,30/4/2024,03:30 AM,Tue,0,3,0,30.3,50,0.159,0,85.73,20,50,0,0,10,0.95,6.96,85.73,0,597.07,0
2024-04-29T23:00:00.000Z,30/4/2024,04:30 AM,Tue,0,4,0,31.3,50,0.155,0,82.25,20,50,0,0,10,0.95,5.74,82.25,0,471.74,0
2024-04-30T00:00:00.000Z,30/4/2024,05:30 AM,Tue,0,5,0,32.5,50,0.15,0,76.04,20,50,0,0,10,0.95,5.23,76.04,0,397.62,0
2024-04-30T01:00:00.000Z,30/4/2024,06:30 AM,Tue,0,6,0,33.8,50,0.145,0,236.24,20,50,0,0,10,0.95,8.94,236.24,0,2111.16,0
2024-04-30T02:00:00.000Z,30/4/2024,07:30 AM,Tue,0,7,309,35.1,50,0.14,2.16,194.48,20,50,0,0,10,0.95,8.67,192.32,0,1666.77,0
2024-04-30T03:00:00.000Z,30/4/2024,08:30 AM,Tue,0,8,633,36.3,50,0.135,4.27,185.15,20,50,0,0,10,0.95,9.18,180.88,0,1660.71,0
2024-04-30T04:00:00.000Z,30/4/2024,09:30 AM,Tue,0,9,727,37.3,50,0.131,4.75,184.27,20,50,0,0,10,0.95,8.84,179.52,0,1587.15,0
2024-04-30T05:00:00.000Z,30/4/2024,10:30 AM,Tue,0,10,1101,38.1,50,0.128,7.02,35.73,20,50,0,0,10,0.95,9.26,28.71,0,265.76,0
2024-04-30T06:00:00.000Z,30/4/2024,11:30 AM,Tue,0,11,1178,38.6,50,0.126,7.4,38.13,20,50,0,0,10,0.95,6.78,30.73,0,208.41,0
2024-04-30T07:00:00.000Z,30/4/2024,12:30 PM,Tue,0,12,1110,38.8,50,0.125,6.93,37.04,20,50,0,0,10,0.95,6.86,30.11,0,206.5,0
2024-04-30T08:00:00.000Z,30/4/2024,01:30 PM,Tue,0,13,1023,38.6,50,0.126,6.42,33.79,20,50,0,0,10,0.95,5.72,27.37,0,156.61,0
2024-04-30T09:00:00.000Z,30/4/2024,02:30 PM,Tue,0,14,923,38.1,50,0.128,5.89,34.1,20,50,0,0,10,0.95,5.41,28.21,0,152.73,0
2024-04-30T10:00:00.000Z,30/4/2024,03:30 PM,Tue,0,15,883,37.3,50,0.131,5.77,37.42,20,50,0,0,10,0.95,5.12,31.65,0,161.96,0
2024-04-30T11:00:00.000Z,30/4/2024,04:30 PM,Tue,0,16,660,36.3,50,0.135,4.45,41.28,20,50,0,0,10,0.95,6.05,36.83,0,222.66,0
2024-04-30T12:00:00.000Z,30/4/2024,05:30 PM,Tue,0,17,259,35.1,50,0.14,1.81,34.81,20,50,0,0,10,0.95,5.47,33,0,180.53,0
2024-04-30T13:00:00.000Z,30/4/2024,06:30 PM,Tue,0,18,0,33.8,50,0.145,0,244.98,20,50,0,0,10,0.95,9.59,244.98,0,2348.93,0
2024-04-30T14:00:00.000Z,30/4/2024,07:30 PM,Tue,0,19,0,32.5,50,0.15,0,232.87,20,50,0,0,10,0.95,9.02,232.87,0,2101.26,0
2024-04-30T15:00:00.000Z,30/4/2024,08:30 PM,Tue,0,20,0,31.3,50,0.155,0,254.69,20,50,0,0,10,0.95,8.49,254.69,0,2163.37,0
2024-04-30T16:00:00.000Z,30/4/2024,09:30 PM,Tue,0,21,0,30.3,50,0.159,0,225.13,20,50,0,0,10,0.95,8.79,225.13,0,1978.43,0
2024-04-30T17:00:00.000Z,30/4/2024,10:30 PM,Tue,0,22,0,29.5,50,0.162,0,278.07,20,50,0,0,10,0.95,9.75,278.07,0,2711.77,0
2024-04-30T18:00:00.000Z,30/4/2024,11:30 PM,Tue,0,23,0,29,50,0.164,0,345.93,20,50,0,0,10,0.95,5.44,345.93,0,1882.46,0
2024-04-30T19:00:00.000Z,1/5/2024,12:30 AM,Wed,0,0,0,28.7,50,0.165,0,92.96,20,50,0,0,10,0.95,5.2,92.96,0,483.81,0
2024-04-30T20:00:00.000Z,1/5/2024,01:30 AM,Wed,0,1,0,28.9,50,0.164,0,77.29,20,50,0,0,10,0.95,6.6,77.29,0,510.13,0
2024-04-30T21:00:00.000Z,1/5/2024,02:30 AM,Wed,0,2,0,29.4,50,0.162,0,94.82,20,50,0,0,10,0.95,5.03,94.82,0,477.22,0
2024-04-30T22:00:00.000Z,1/5/2024,03:30 AM,Wed,0,3,0,30.2,50,0.159,0,87.28,20,50,0,0,10,0.95,6.76,87.28,0,589.69,0
2024-04-30T23:00:00.000Z,1/5/2024,04:30 AM,Wed,0,4,0,31.2,50,0.155,0,97.17,20,50,0,0,10,0.95,5.04,97.17,0,489.62,0
2024-05-01T00:00:00.000Z,1/5/2024,05:30 AM,Wed,0,5,0,32.4,50,0.15,0,89.32,20,50,0,0,10,0.95,5.32,89.32,0,474.87,0
2024-05-01T01:00:00.000Z,1/5/2024,06:30 AM,Wed,0,6,0,33.7,50,0.145,0,206.19,20,50,0,0,10,0.95,8.67,206.19,0,1788.07,0
2024-05-01T02:00:00.000Z,1/5/2024,07:30 AM,Wed,0,7,268,35,50,0.14,1.88,175.05,20,50,0,0,10,0.95,8.81,173.17,0,1525.96,0
2024-05-01T03:00:00.000Z,1/5/2024,08:30 AM,Wed,0,8,605,36.2,50,0.135,4.09,177.77,20,50,0,0,10,0.95,9.95,173.68,0,1727.92,0
2024-05-01T04:00:00.000Z,1/5/2024,09:30 AM,Wed,0,9,888,37.3,50,0.131,5.81,174.1,20,50,0,0,10,0.95,8.28,168.29,0,1393.92,0
2024-05-01T05:00:00.000Z,1/5/2024,10:30 AM,Wed,0,10,952,38,50,0.128,6.09,37.21,20,50,0,0,10,0.95,8.97,31.12,0,279.06,0
2024-05-01T06:00:00.000Z,1/5/2024,11:30 AM,Wed,0,11,976,38.5,50,0.126,6.15,30.79,20,50,0,0,10,0.95,5.06,24.64,0,124.67,0
2024-05-01T07:00:00.000Z,1/5/2024,12:30 PM,Wed,0,12,1115,38.7,50,0.125,6.98,32.45,20,50,0,0,10,0.95,5.77,25.47,0,147,0
2024-05-01T08:00:00.000Z,1/5/2024,01:30 PM,Wed,0,13,1228,38.5,50,0.126,7.74,33.45,20,50,0,0,10,0.95,5.18,25.71,0,133.1,0
2024-05-01T09:00:00.000Z,1/5/2024,02:30 PM,Wed,0,14,1007,38,50,0.128,6.44,39.76,20,50,0,0,10,0.95,5.89,33.32,0,196.27,0
2024-05-01T10:00:00.000Z,1/5/2024,03:30 PM,Wed,0,15,727,37.3,50,0.131,4.75,33.1,20,50,0,0,10,0.95,5.15,28.35,0,146.09,0
2024-05-01T11:00:00.000Z,1/5/2024,04:30 PM,Wed,0,16,539,36.2,50,0.135,3.64,34.45,20,50,0,0,10,0.95,6.46,30.81,0,198.95,0
2024-05-01T12:00:00.000Z,1/5/2024,05:30 PM,Wed,0,17,314,35,50,0.14,2.2,30.73,20,50,0,0,10,0.95,6.17,28.53,0,176.03,0
2024-05-01T13:00:00.000Z,1/5/2024,06:30 PM,Wed,0,18,0,33.7,50,0.145,0,209.58,20,50,0,0,10,0.95,9.54,209.58,0,2000.35,0
2024-05-01T14:00:00.000Z,1/5/2024,07:30 PM,Wed,0,19,0,32.4,50,0.15,0,228.64,20,50,0,0,10,0.95,9.08,228.64,0,2076.51,0
2024-05-01T15:00:00.000Z,1/5/2024,08:30 PM,Wed,0,20,0,31.2,50,0.155,0,248.91,20,50,0,0,10,0.95,8.09,248.91,0,2013.09,0
2024-05-01T16:00:00.000Z,1/5/2024,09:30 PM,Wed,0,21,0,30.2,50,0.159,0,224.39,20,50,0,0,10,0.95,8.74,224.39,0,1960.06,0
2024-05-01T17:00:00.000Z,1/5/2024,10:30 PM,Wed,0,22,0,29.4,50,0.162,0,313.08,20,50,0,0,10,0.95,8.94,313.08,0,2800.11,0
2024-05-01T18:00:00.000Z,1/5/2024,11:30 PM,Wed,0,23,0,28.9,50,0.164,0,258.63,20,50,0,0,10,0.95,5.99,258.63,0,1549.75,0
2024-05-01T19:00:00.000Z,2/5/2024,12:30 AM,Thu,0,0,0,28.6,50,0.166,0,74.44,20,50,0,0,10,0.95,5.54,74.44,0,412.71,0
2024-05-01T20:00:00.000Z,2/5/2024,01:30 AM,Thu,0,1,0,28.8,50,0.165,0,86.6,20,50,0,0,10,0.95,5.77,86.6,0,500.02,0
2024-05-01T21:00:00.000Z,2/5/2024,02:30 AM,Thu,0,2,0,29.3,50,0.163,0,77.88,20,50,0,0,10,0.95,6.79,77.88,0,528.91,0
2024-05-01T22:00:00.000Z,2/5/2024,03:30 AM,Thu,0,3,0,30.1,50,0.16,0,78.46,20,50,0,0,10,0.95,5.22,78.46,0,409.56,0
2024-05-01T23:00:00.000Z,2/5/2024,04:30 AM,Thu,0,4,0,31.1,50,0.156,0,77.76,20,50,0,0,10,0.95,6.17,77.76,0,479.63,0
2024-05-02T00:00:00.000Z,2/5/2024,05:30 AM,Thu,0,5,0,32.3,50,0.151,0,77.12,20,50,0,0,10,0.95,5.51,77.12,0,425.13,0
2024-05-02T01:00:00.000Z,2/5/2024,06:30 AM,Thu,0,6,0,33.6,50,0.146,0,280.71,20,50,0,0,10,0.95,9.76,280.71,0,2738.35,0
2024-05-02T02:00:00.000Z,2/5/2024,07:30 AM,Thu,0,7,313,34.9,50,0.14,2.2,184.77,20,50,0,0,10,0.95,8.25,182.57,0,1506.28,0
2024-05-02T03:00:00.000Z,2/5/2024,08:30 AM,Thu,0,8,505,36.1,50,0.136,3.42,152.69,20,50,0,0,10,0.95,9.96,149.27,0,1485.99,0
2024-05-02T04:00:00.000Z,2/5/2024,09:30 AM,Thu,0,9,864,37.2,50,0.131,5.67,165.74,20,50,0,0,10,0.95,9.38,160.07,0,1501.09,0
2024-05-02T05:00:00.000Z,2/5/2024,10:30 AM,Thu,0,10,908,38,50,0.128,5.81,35.16,20,50,0,0,10,0.95,9.25,29.35,0,271.47,0
2024-05-02T06:00:00.000Z,2/5/2024,11:30 AM,Thu,0,11,1083,38.5,50,0.126,6.82,31.47,20,50,0,0,10,0.95,5.58,24.65,0,137.44,0
2024-05-02T07:00:00.000Z,2/5/2024,12:30 PM,Thu,0,12,1013,38.6,50,0.126,6.36,34.74,20,50,0,0,10,0.95,6.63,28.38,0,188.19,0
2024-05-02T08:00:00.000Z,2/5/2024,01:30 PM,Thu,0,13,1218,38.5,50,0.126,7.67,35.17,20,50,0,0,10,0.95,5.42,27.5,0,149.07,0
2024-05-02T09:00:00.000Z,2/5/2024,02:30 PM,Thu,0,14,998,38,50,0.128,6.39,32.15,20,50,0,0,10,0.95,5.9,25.76,0,151.88,0
2024-05-02T10:00:00.000Z,2/5/2024,03:30 PM,Thu,0,15,774,37.2,50,0.131,5.08,37.41,20,50,0,0,10,0.95,6.48,32.33,0,209.51,0
2024-05-02T11:00:00.000Z,2/5/2024,04:30 PM,Thu,0,16,597,36.1,50,0.136,4.05,38.7,20,50,0,0,10,0.95,5.02,34.65,0,173.96,0
2024-05-02T12:00:00.000Z,2/5/2024,05:30 PM,Thu,0,17,337,34.9,50,0.14,2.37,37.34,20,50,0,0,10,0.95,6.56,34.97,0,229.48,0
2024-05-02T13:00:00.000Z,2/5/2024,06:30 PM,Thu,0,18,0,33.6,50,0.146,0,226.74,20,50,0,0,10,0.95,9.3,226.74,0,2108.53,0
2024-05-02T14:00:00.000Z,2/5/2024,07:30 PM,Thu,0,19,0,32.3,50,0.151,0,218.78,20,50,0,0,10,0.95,8.65,218.78,0,1892.82,0
2024-05-02T15:00:00.000Z,2/5/2024,08:30 PM,Thu,0,20,0,31.1,50,0.156,0,224.77,20,50,0,0,10,0.95,9.09,224.77,0,2044.28,0
2024-05-02T16:00:00.000Z,2/5/2024,09:30 PM,Thu,0,21,0,30.1,50,0.16,0,243.87,20,50,0,0,10,0.95,9.07,243.87,0,2211.32,0
2024-05-02T17:00:00.000Z,2/5/2024,10:30 PM,Thu,0,22,0,29.3,50,0.163,0,310.82,20,50,0,0,10,0.95,8.36,310.82,0,2596.93,0
2024-05-02T18:00:00.000Z,2/5/2024,11:30 PM,Thu,0,23,0,28.8,50,0.165,0,271.91,20,50,0,0,10,0.95,6.6,271.91,0,1795.22,0
2024-05-02T19:00:00.000Z,3/5/2024,12:30 AM,Fri,0,0,0,28.5,50,0.166,0,98,20,50,0,0,10,0.95,6.08,98,0,595.89,0
2024-05-02T20:00:00.000Z,3/5/2024,01:30 AM,Fri,0,1,0,28.7,50,0.165,0,88.38,20,50,0,0,10,0.95,5.99,88.38,0,529.52,0
2024-05-02T21:00:00.000Z,3/5/2024,02:30 AM,Fri,0,2,0,29.2,50,0.163,0,71.86,20,50,0,0,10,0.95,6.47,71.86,0,464.77,0
2024-05-02T22:00:00.000Z,3/5/2024,03:30 AM,Fri,0,3,0,30,50,0.16,0,70.95,20,50,0,0,10,0.95,6.99,70.95,0,495.9,0
2024-05-02T23:00:00.000Z,3/5/2024,04:30 AM,Fri,0,4,0,31,50,0.156,0,90.78,20,50,0,0,10,0.95,5.31,90.78,0,481.94,0
2024-05-03T00:00:00.000Z,3/5/2024,05:30 AM,Fri,0,5,0,32.2,50,0.151,0,66.76,20,50,0,0,10,0.95,5.45,66.76,0,363.53,0
2024-05-03T01:00:00.000Z,3/5/2024,06:30 AM,Fri,0,6,0,33.5,50,0.146,0,271.49,20,50,0,0,10,0.95,8.65,271.49,0,2347.39,0
2024-05-03T02:00:00.000Z,3/5/2024,07:30 AM,Fri,0,7,326,34.8,50,0.141,2.3,154.45,20,50,0,0,10,0.95,8.15,152.15,0,1239.56,0
2024-05-03T03:00:00.000Z,3/5/2024,08:30 AM,Fri,0,8,647,36,50,0.136,4.4,175.63,20,50,0,0,10,0.95,8.24,171.23,0,1410.2,0
2024-05-03T04:00:00.000Z,3/5/2024,09:30 AM,Fri,0,9,754,37.1,50,0.132,4.96,181.44,20,50,0,0,10,0.95,8.96,176.48,0,1581.34,0
2024-05-03T05:00:00.000Z,3/5/2024,10:30 AM,Fri,0,10,953,37.9,50,0.128,6.12,30.97,20,50,0,0,10,0.95,9.07,24.85,0,225.31,0
2024-05-03T06:00:00.000Z,3/5/2024,11:30 AM,Fri,0,11,947,38.4,50,0.126,5.99,31.69,20,50,0,0,10,0.95,6.46,25.7,0,166.18,0
2024-05-03T07:00:00.000Z,3/5/2024,12:30 PM,Fri,0,12,1165,38.5,50,0.126,7.34,40.06,20,50,0,0,10,0.95,6.67,32.72,0,218.33,0
2024-05-03T08:00:00.000Z,3/5/2024,01:30 PM,Fri,0,13,1049,38.4,50,0.126,6.63,35.71,20,50,0,0,10,0.95,6.9,29.08,0,200.54,0
2024-05-03T09:00:00.000Z,3/5/2024,02:30 PM,Fri,0,14,1028,37.9,50,0.128,6.6,34.72,20,50,0,0,10,0.95,5.31,28.12,0,149.28,0
2024-05-03T10:00:00.000Z,3/5/2024,03:30 PM,Fri,0,15,724,37.1,50,0.132,4.76,35.2,20,50,0,0,10,0.95,6.37,30.44,0,193.83,0
2024-05-03T11:00:00.000Z,3/5/2024,04:30 PM,Fri,0,16,590,36,50,0.136,4.01,34.46,20,50,0,0,10,0.95,5.3,30.45,0,161.38,0
2024-05-03T12:00:00.000Z,3/5/2024,05:30 PM,Fri,0,17,295,34.8,50,0.141,2.08,33.44,20,50,0,0,10,0.95,6.43,31.36,0,201.67,0
2024-05-03T13:00:00.000Z,3/5/2024,06:30 PM,Fri,0,18,0,33.5,50,0.146,0,224.66,20,50,0,0,10,0.95,9.87,224.66,0,2216.36,0
2024-05-03T14:00:00.000Z,3/5/2024,07:30 PM,Fri,0,19,0,32.2,50,0.151,0,254.8,20,50,0,0,10,0.95,9.88,254.8,0,2516.19,0
2024-05-03T15:00:00.000Z,3/5/2024,08:30 PM,Fri,0,20,0,31,50,0.156,0,232.45,20,50,0,0,10,0.95,9.81,232.45,0,2281.39,0
2024-05-03T16:00:00.000Z,3/5/2024,09:30 PM,Fri,0,21,0,30,50,0.16,0,273.08,20,50,0,0,10,0.95,9.74,273.08,0,2658.92,0
2024-05-03T17:00:00.000Z,3/5/2024,10:30 PM,Fri,0,22,0,29.2,50,0.163,0,295.8,20,50,0,0,10,0.95,8.94,295.8,0,2644.05,0
2024-05-03T18:00:00.000Z,3/5/2024,11:30 PM,Fri,0,23,0,28.7,50,0.165,0,262.55,20,50,0,0,10,0.95,5.12,262.55,0,1343.11,0
2024-05-03T19:00:00.000Z,4/5/2024,12:30 AM,Sat,1,0,0,28.5,50,0.166,0,114.91,20,50,0,0,10,0.95,6.84,114.91,0,785.76,0
2024-05-03T20:00:00.000Z,4/5/2024,01:30 AM,Sat,1,1,0,28.6,50,0.166,0,100.75,20,50,0,0,10,0.95,5.84,100.75,0,588.77,0
2024-05-03T21:00:00.000Z,4/5/2024,02:30 AM,Sat,1,2,0,29.1,50,0.164,0,118.28,20,50,0,0,10,0.95,5.03,118.28,0,594.96,0
2024-05-03T22:00:00.000Z,4/5/2024,03:30 AM,Sat,1,3,0,29.9,50,0.16,0,89.75,20,50,0,0,10,0.95,5.4,89.75,0,484.39,0
2024-05-03T23:00:00.000Z,4/5/2024,04:30 AM,Sat,1,4,0,31,50,0.156,0,105.36,20,50,0,0,10,0.95,5.64,105.36,0,593.9,0
2024-05-04T00:00:00.000Z,4/5/2024,05:30 AM,Sat,1,5,0,32.2,50,0.151,0,113.01,20,50,0,0,10,0.95,6.16,113.01,0,696.42,0
2024-05-04T01:00:00.000Z,4/5/2024,06:30 AM,Sat,1,6,0,33.5,50,0.146,0,272.79,20,50,0,0,10,0.95,10,272.79,0,2727.77,0
2024-05-04T02:00:00.000Z,4/5/2024,07:30 AM,Sat,1,7,327,34.7,50,0.141,2.31,212.4,20,50,0,0,10,0.95,8.05,210.09,0,1691.01,0
2024-05-04T03:00:00.000Z,4/5/2024,08:30 AM,Sat,1,8,646,36,50,0.136,4.39,203.13,20,50,0,0,10,0.95,8.14,198.74,0,1618.02,0
2024-05-04T04:00:00.000Z,4/5/2024,09:30 AM,Sat,1,9,877,37,50,0.132,5.79,235.33,20,50,0,0,10,0.95,8.13,229.54,0,1865.41,0
2024-05-04T05:00:00.000Z,4/5/2024,10:30 AM,Sat,1,10,903,37.8,50,0.129,5.82,41.53,20,50,0,0,10,0.95,8.35,35.71,0,298.1,0
2024-05-04T06:00:00.000Z,4/5/2024,11:30 AM,Sat,1,11,1187,38.3,50,0.127,7.53,41.16,20,50,0,0,10,0.95,6.95,33.63,0,233.65,0
2024-05-04T07:00:00.000Z,4/5/2024,12:30 PM,Sat,1,12,1063,38.5,50,0.126,6.7,41.2,20,50,0,0,10,0.95,5.69,34.5,0,196.37,0
2024-05-04T08:00:00.000Z,4/5/2024,01:30 PM,Sat,1,13,985,38.3,50,0.127,6.24,43.47,20,50,0,0,10,0.95,5.91,37.23,0,220.05,0
2024-05-04T09:00:00.000Z,4/5/2024,02:30 PM,Sat,1,14,900,37.8,50,0.129,5.8,40.67,20,50,0,0,10,0.95,6.31,34.87,0,220.19,0
2024-05-04T10:00:00.000Z,4/5/2024,03:30 PM,Sat,1,15,904,37,50,0.132,5.97,44.52,20,50,0,0,10,0.95,5.36,38.55,0,206.6,0
2024-05-04T11:00:00.000Z,4/5/2024,04:30 PM,Sat,1,16,588,36,50,0.136,4,49.26,20,50,0,0,10,0.95,5.69,45.26,0,257.67,0
2024-05-04T12:00:00.000Z,4/5/2024,05:30 PM,Sat,1,17,339,34.7,50,0.141,2.39,41.08,20,50,0,0,10,0.95,6.48,38.69,0,250.55,0
2024-05-04T13:00:00.000Z,4/5/2024,06:30 PM,Sat,1,18,0,33.5,50,0.146,0,301.31,20,50,0,0,10,0.95,9.76,301.31,0,2939.93,0
2024-05-04T14:00:00.000Z,4/5/2024,07:30 PM,Sat,1,19,0,32.2,50,0.151,0,279.38,20,50,0,0,10,0.95,9.6,279.38,0,2682.18,0
2024-05-04T15:00:00.000Z,4/5/2024,08:30 PM,Sat,1,20,0,31,50,0.156,0,258.65,20,50,0,0,10,0.95,8.59,258.65,0,2220.72,0
2024-05-04T16:00:00.000Z,4/5/2024,09:30 PM,Sat,1,21,0,29.9,50,0.16,0,285.76,20,50,0,0,10,0.95,9.15,285.76,0,2614,0
2024-05-04T17:00:00.000Z,4/5/2024,10:30 PM,Sat,1,22,0,29.1,50,0.164,0,332.34,20,50,0,0,10,0.95,8.03,332.34,0,2668.34,0
2024-05-04T18:00:00.000Z,4/5/2024,11:30 PM,Sat,1,23,0,28.6,50,0.166,0,319.66,20,50,0,0,10,0.95,6.73,319.66,0,2150.34,0
2024-05-04T19:00:00.000Z,5/5/2024,12:30 AM,Sun,1,0,0,28.4,50,0.166,0,91.81,20,50,0,0,10,0.95,6.91,91.81,0,634.45,0
2024-05-04T20:00:00.000Z,5/5/2024,01:30 AM,Sun,1,1,0,28.5,50,0.166,0,95.17,20,50,0,0,10,0.95,6.14,95.17,0,583.94,0
2024-05-04T21:00:00.000Z,5/5/2024,02:30 AM,Sun,1,2,0,29,50,0.164,0,100.88,20,50,0,0,10,0.95,5.17,100.88,0,521.51,0
2024-05-04T22:00:00.000Z,5/5/2024,03:30 AM,Sun,1,3,0,29.8,50,0.161,0,92.11,20,50,0,0,10,0.95,6.37,92.11,0,587.2,0
2024-05-04T23:00:00.000Z,5/5/2024,04:30 AM,Sun,1,4,0,30.9,50,0.156,0,105.41,20,50,0,0,10,0.95,5.51,105.41,0,580.62,0
2024-05-05T00:00:00.000Z,5/5/2024,05:30 AM,Sun,1,5,0,32.1,50,0.152,0,91.13,20,50,0,0,10,0.95,6.55,91.13,0,596.62,0
2024-05-05T01:00:00.000Z,5/5/2024,06:30 AM,Sun,1,6,0,33.4,50,0.146,0,261.26,20,50,0,0,10,0.95,8.54,261.26,0,2230.37,0
2024-05-05T02:00:00.000Z,5/5/2024,07:30 AM,Sun,1,7,260,34.7,50,0.141,1.84,195.61,20,50,0,0,10,0.95,9.19,193.77,0,1781.33,0
2024-05-05T03:00:00.000Z,5/5/2024,08:30 AM,Sun,1,8,635,35.9,50,0.136,4.33,222.8,20,50,0,0,10,0.95,9.83,218.47,0,2148.43,0
2024-05-05T04:00:00.000Z,5/5/2024,09:30 AM,Sun,1,9,766,36.9,50,0.132,5.07,191.17,20,50,0,0,10,0.95,9.36,186.1,0,1742.73,0
2024-05-05T05:00:00.000Z,5/5/2024,10:30 AM,Sun,1,10,1006,37.7,50,0.129,6.5,41.25,20,50,0,0,10,0.95,9.48,34.75,0,329.36,0
2024-05-05T06:00:00.000Z,5/5/2024,11:30 AM,Sun,1,11,1181,38.2,50,0.127,7.51,40.48,20,50,0,0,10,0.95,5.54,32.97,0,182.54,0
2024-05-05T07:00:00.000Z,5/5/2024,12:30 PM,Sun,1,12,1060,38.4,50,0.126,6.7,41.15,20,50,0,0,10,0.95,6.25,34.45,0,215.2,0
2024-05-05T08:00:00.000Z,5/5/2024,01:30 PM,Sun,1,13,1203,38.2,50,0.127,7.65,42.38,20,50,0,0,10,0.95,5.31,34.73,0,184.54,0
2024-05-05T09:00:00.000Z,5/5/2024,02:30 PM,Sun,1,14,1085,37.7,50,0.129,7.01,39.37,20,50,0,0,10,0.95,6.69,32.36,0,216.48,0
2024-05-05T10:00:00.000Z,5/5/2024,03:30 PM,Sun,1,15,876,36.9,50,0.132,5.8,39.39,20,50,0,0,10,0.95,5.73,33.59,0,192.37,0
2024-05-05T11:00:00.000Z,5/5/2024,04:30 PM,Sun,1,16,567,35.9,50,0.136,3.87,42.52,20,50,0,0,10,0.95,5.18,38.65,0,200.16,0
2024-05-05T12:00:00.000Z,5/5/2024,05:30 PM,Sun,1,17,299,34.7,50,0.141,2.11,35.81,20,50,0,0,10,0.95,6.5,33.7,0,219.05,0
2024-05-05T13:00:00.000Z,5/5/2024,06:30 PM,Sun,1,18,0,33.4,50,0.146,0,290.09,20,50,0,0,10,0.95,9.59,290.09,0,2782.65,0
2024-05-05T14:00:00.000Z,5/5/2024,07:30 PM,Sun,1,19,0,32.1,50,0.152,0,288.9,20,50,0,0,10,0.95,9.66,288.9,0,2789.54,0
2024-05-05T15:00:00.000Z,5/5/2024,08:30 PM,Sun,1,20,0,30.9,50,0.156,0,268.44,20,50,0,0,10,0.95,9.31,268.44,0,2498.74,0
2024-05-05T16:00:00.000Z,5/5/2024,09:30 PM,Sun,1,21,0,29.8,50,0.161,0,276.23,20,50,0,0,10,0.95,9.44,276.23,0,2606.3,0
2024-05-05T17:00:00.000Z,5/5/2024,10:30 PM,Sun,1,22,0,29,50,0.164,0,357.07,20,50,0,0,10,0.95,8.37,357.07,0,2988.33,0
2024-05-05T18:00:00.000Z,5/5/2024,11:30 PM,Sun,1,23,0,28.5,50,0.166,0,309.74,20,50,0,0,10,0.95,5.8,309.74,0,1797.42,0
2024-05-05T19:00:00.000Z,6/5/2024,12:30 AM,Mon,0,0,0,28.3,50,0.167,0,102.28,20,50,0,0,10,0.95,5.8,102.28,0,593.19,0
2024-05-05T20:00:00.000Z,6/5/2024,01:30 AM,Mon,0,1,0,28.4,50,0.166,0,94.51,20,50,0,0,10,0.95,6.11,94.51,0,577.32,0
2024-05-05T21:00:00.000Z,6/5/2024,02:30 AM,Mon,0,2,0,28.9,50,0.164,0,82.85,20,50,0,0,10,0.95,6.61,82.85,0,547.41,0
2024-05-05T22:00:00.000Z,6/5/2024,03:30 AM,Mon,0,3,0,29.7,50,0.161,0,92.06,20,50,0,0,10,0.95,5.68,92.06,0,523.05,0
2024-05-05T23:00:00.000Z,6/5/2024,04:30 AM,Mon,0,4,0,30.8,50,0.157,0,106.91,20,50,0,0,10,0.95,6.6,106.91,0,705.88,0
2024-05-06T00:00:00.000Z,6/5/2024,05:30 AM,Mon,0,5,0,32,50,0.152,0,92.11,20,50,0,0,10,0.95,5.46,92.11,0,502.53,0
2024-05-06T01:00:00.000Z,6/5/2024,06:30 AM,Mon,0,6,0,33.3,50,0.147,0,263.24,20,50,0,0,10,0.95,8.9,263.24,0,2342.96,0
2024-05-06T02:00:00.000Z,6/5/2024,07:30 AM,Mon,0,7,266,34.6,50,0.142,1.88,168.49,20,50,0,0,10,0.95,8.18,166.61,0,1362.17,0
2024-05-06T03:00:00.000Z,6/5/2024,08:30 AM,Mon,0,8,515,35.8,50,0.137,3.52,174.05,20,50,0,0,10,0.95,9.13,170.53,0,1556.39,0
2024-05-06T04:00:00.000Z,6/5/2024,09:30 AM,Mon,0,9,808,36.8,50,0.133,5.37,149.55,20,50,0,0,10,0.95,8.54,144.18,0,1231.68,0
2024-05-06T05:00:00.000Z,6/5/2024,10:30 AM,Mon,0,10,912,37.6,50,0.13,5.91,33.91,20,50,0,0,10,0.95,9.04,28,0,253.21,0
2024-05-06T06:00:00.000Z,6/5/2024,11:30 AM,Mon,0,11,985,38.1,50,0.128,6.28,33.64,20,50,0,0,10,0.95,6.26,27.36,0,171.27,0
2024-05-06T07:00:00.000Z,6/5/2024,12:30 PM,Mon,0,12,1183,38.3,50,0.127,7.5,35.69,20,50,0,0,10,0.95,6.81,28.19,0,192.05,0
2024-05-06T08:00:00.000Z,6/5/2024,01:30 PM,Mon,0,13,1069,38.1,50,0.128,6.82,34.99,20,50,0,0,10,0.95,5.31,28.17,0,149.67,0
2024-05-06T09:00:00.000Z,6/5/2024,02:30 PM,Mon,0,14,1102,37.6,50,0.13,7.14,35.65,20,50,0,0,10,0.95,5.29,28.51,0,150.9,0
2024-05-06T10:00:00.000Z,6/5/2024,03:30 PM,Mon,0,15,721,36.8,50,0.133,4.79,30.82,20,50,0,0,10,0.95,5.17,26.03,0,134.55,0
2024-05-06T11:00:00.000Z,6/5/2024,04:30 PM,Mon,0,16,603,35.8,50,0.137,4.12,33.16,20,50,0,0,10,0.95,6.6,29.04,0,191.64,0
2024-05-06T12:00:00.000Z,6/5/2024,05:30 PM,Mon,0,17,307,34.6,50,0.142,2.17,37.43,20,50,0,0,10,0.95,5.24,35.26,0,184.85,0
2024-05-06T13:00:00.000Z,6/5/2024,06:30 PM,Mon,0,18,0,33.3,50,0.147,0,226.26,20,50,0,0,10,0.95,9.14,226.26,0,2068.64,0
2024-05-06T14:00:00.000Z,6/5/2024,07:30 PM,Mon,0,19,0,32,50,0.152,0,245.26,20,50,0,0,10,0.95,9.35,245.26,0,2291.99,0
2024-05-06T15:00:00.000Z,6/5/2024,08:30 PM,Mon,0,20,0,30.8,50,0.157,0,257.89,20,50,0,0,10,0.95,8.5,257.89,0,2192.95,0
2024-05-06T16:00:00.000Z,6/5/2024,09:30 PM,Mon,0,21,0,29.7,50,0.161,0,248.2,20,50,0,0,10,0.95,9.2,248.2,0,2284.26,0
2024-05-06T17:00:00.000Z,6/5/2024,10:30 PM,Mon,0,22,0,28.9,50,0.164,0,246.47,20,50,0,0,10,0.95,9.23,246.47,0,2276.05,0
2024-05-06T18:00:00.000Z,6/5/2024,11:30 PM,Mon,0,23,0,28.4,50,0.166,0,305.54,20,50,0,0,10,0.95,5.89,305.54,0,1800.23,0
2024-05-06T19:00:00.000Z,7/5/2024,12:30 AM,Tue,0,0,0,28.2,50,0.167,0,99.85,20,50,0,0,10,0.95,5.57,99.85,0,555.74,0
2024-05-06T20:00:00.000Z,7/5/2024,01:30 AM,Tue,0,1,0,28.3,50,0.167,0,108.84,20,50,0,0,10,0.95,5.94,108.84,0,646.38,0
2024-05-06T21:00:00.000Z,7/5/2024,02:30 AM,Tue,0,2,0,28.8,50,0.165,0,103.9,20,50,0,0,10,0.95,5.31,103.9,0,552.02,0
2024-05-06T22:00:00.000Z,7/5/2024,03:30 AM,Tue,0,3,0,29.6,50,0.162,0,103.69,20,50,0,0,10,0.95,6.84,103.69,0,708.96,0
2024-05-06T23:00:00.000Z,7/5/2024,04:30 AM,Tue,0,4,0,30.7,50,0.157,0,106.74,20,50,0,0,10,0.95,6.69,106.74,0,714.14,0
2024-05-07T00:00:00.000Z,7/5/2024,05:30 AM,Tue,0,5,0,31.9,50,0.152,0,89.11,20,50,0,0,10,0.95,5.87,89.11,0,523.1,0
2024-05-07T01:00:00.000Z,7/5/2024,06:30 AM,Tue,0,6,0,33.2,50,0.147,0,252.82,20,50,0,0,10,0.95,8.23,252.82,0,2080.97,0
2024-05-07T02:00:00.000Z,7/5/2024,07:30 AM,Tue,0,7,316,34.5,50,0.142,2.24,183.02,20,50,0,0,10,0.95,9.73,180.78,0,1759.59,0
2024-05-07T03:00:00.000Z,7/5/2024,08:30 AM,Tue,0,8,560,35.7,50,0.137,3.84,184.74,20,50,0,0,10,0.95,9.86,180.9,0,1783.99,0
2024-05-07T04:00:00.000Z,7/5/2024,09:30 AM,Tue,0,9,803,36.7,50,0.133,5.35,185.26,20,50,0,0,10,0.95,9.47,179.91,0,1704.29,0
2024-05-07T05:00:00.000Z,7/5/2024,10:30 AM,Tue,0,10,960,37.5,50,0.13,6.24,33.31,20,50,0,0,10,0.95,8.07,27.07,0,218.35,0
2024-05-07T06:00:00.000Z,7/5/2024,11:30 AM,Tue,0,11,1053,38,50,0.128,6.74,32.41,20,50,0,0,10,0.95,5.76,25.67,0,147.85,0
2024-05-07T07:00:00.000Z,7/5/2024,12:30 PM,Tue,0,12,1131,38.2,50,0.127,7.19,32.96,20,50,0,0,10,0.95,5.3,25.77,0,136.68,0
2024-05-07T08:00:00.000Z,7/5/2024,01:30 PM,Tue,0,13,1152,38,50,0.128,7.37,29.92,20,50,0,0,10,0.95,5.49,22.55,0,123.73,0
2024-05-07T09:00:00.000Z,7/5/2024,02:30 PM,Tue,0,14,888,37.5,50,0.13,5.77,36.6,20,50,0,0,10,0.95,6.38,30.83,0,196.64,0
2024-05-07T10:00:00.000Z,7/5/2024,03:30 PM,Tue,0,15,702,36.7,50,0.133,4.68,33.4,20,50,0,0,10,0.95,5.29,28.72,0,151.83,0
2024-05-07T11:00:00.000Z,7/5/2024,04:30 PM,Tue,0,16,509,35.7,50,0.137,3.49,35.41,20,50,0,0,10,0.95,6.54,31.92,0,208.74,0
2024-05-07T12:00:00.000Z,7/5/2024,05:30 PM,Tue,0,17,335,34.5,50,0.142,2.38,35.1,20,50,0,0,10,0.95,6.04,32.72,0,197.74,0
2024-05-07T13:00:00.000Z,7/5/2024,06:30 PM,Tue,0,18,0,33.2,50,0.147,0,257.78,20,50,0,0,10,0.95,9.26,257.78,0,2387.71,0
2024-05-07T14:00:00.000Z,7/5/2024,07:30 PM,Tue,0,19,0,31.9,50,0.152,0,251.04,20,50,0,0,10,0.95,9.62,251.04,0,2414.64,0
2024-05-07T15:00:00.000Z,7/5/2024,08:30 PM,Tue,0,20,0,30.7,50,0.157,0,232.01,20,50,0,0,10,0.95,9.55,232.01,0,2216.68,0
2024-05-07T16:00:00.000Z,7/5/2024,09:30 PM,Tue,0,21,0,29.6,50,0.162,0,242.31,20,50,0,0,10,0.95,9.74,242.31,0,2359.8,0
2024-05-07T17:00:00.000Z,7/5/2024,10:30 PM,Tue,0,22,0,28.8,50,0.165,0,290.27,20,50,0,0,10,0.95,8.2,290.27,0,2380.84,0
2024-05-07T18:00:00.000Z,7/5/2024,11:30 PM,Tue,0,23,0,28.3,50,0.167,0,269.97,20,50,0,0,10,0.95,5.94,269.97,0,1603.85,0
2024-05-07T19:00:00.000Z,8/5/2024,12:30 AM,Wed,0,0,0,28.1,50,0.168,0,108.96,20,50,0,0,10,0.95,5.42,108.96,0,590.72,0
2024-05-07T20:00:00.000Z,8/5/2024,01:30 AM,Wed,0,1,0,28.2,50,0.167,0,126.4,20,50,0,0,10,0.95,6.07,126.4,0,766.9,0
2024-05-07T21:00:00.000Z,8/5/2024,02:30 AM,Wed,0,2,0,28.7,50,0.165,0,114.34,20,50,0,0,10,0.95,5.8,114.34,0,662.64,0
2024-05-07T22:00:00.000Z,8/5/2024,03:30 AM,Wed,0,3,0,29.5,50,0.162,0,106.72,20,50,0,0,10,0.95,6.74,106.72,0,719.26,0
2024-05-07T23:00:00.000Z,8/5/2024,04:30 AM,Wed,0,4,0,30.6,50,0.158,0,91.78,20,50,0,0,10,0.95,6.15,91.78,0,564.38,0
2024-05-08T00:00:00.000Z,8/5/2024,05:30 AM,Wed,0,5,0,31.8,50,0.153,0,97.6,20,50,0,0,10,0.95,5.84,97.6,0,570.14,0
2024-05-08T01:00:00.000Z,8/5/2024,06:30 AM,Wed,0,6,0,33.1,50,0.148,0,236.01,20,50,0,0,10,0.95,9.73,236.01,0,2296.16,0
2024-05-08T02:00:00.000Z,8/5/2024,07:30 AM,Wed,0,7,305,34.4,50,0.142,2.17,190.89,20,50,0,0,10,0.95,8.19,188.72,0,1546.29,0
2024-05-08T03:00:00.000Z,8/5/2024,08:30 AM,Wed,0,8,530,35.6,50,0.138,3.65,191.81,20,50,0,0,10,0.95,9.55,188.16,0,1797,0
2024-05-08T04:00:00.000Z,8/5/2024,09:30 AM,Wed,0,9,800,36.6,50,0.134,5.34,177.48,20,50,0,0,10,0.95,9.08,172.14,0,1562.66,0
2024-05-08T05:00:00.000Z,8/5/2024,10:30 AM,Wed,0,10,827,37.4,50,0.13,5.39,37.37,20,50,0,0,10,0.95,8.17,31.98,0,261.35,0
2024-05-08T06:00:00.000Z,8/5/2024,11:30 AM,Wed,0,11,928,37.9,50,0.128,5.96,35.99,20,50,0,0,10,0.95,5.18,30.03,0,155.46,0
2024-05-08T07:00:00.000Z,8/5/2024,12:30 PM,Wed,0,12,1052,38.1,50,0.128,6.71,35.17,20,50,0,0,10,0.95,5.31,28.46,0,151.02,0
2024-05-08T08:00:00.000Z,8/5/2024,01:30 PM,Wed,0,13,969,37.9,50,0.128,6.22,33.56,20,50,0,0,10,0.95,6.81,27.34,0,186.24,0
2024-05-08T09:00:00.000Z,8/5/2024,02:30 PM,Wed,0,14,901,37.4,50,0.13,5.87,37.97,20,50,0,0,10,0.95,5.72,32.1,0,183.7,0
2024-05-08T10:00:00.000Z,8/5/2024,03:30 PM,Wed,0,15,860,36.6,50,0.134,5.74,36.44,20,50,0,0,10,0.95,6.12,30.7,0,187.8,0
2024-05-08T11:00:00.000Z,8/5/2024,04:30 PM,Wed,0,16,559,35.6,50,0.138,3.85,34.87,20,50,0,0,10,0.95,6.92,31.02,0,214.8,0
2024-05-08T12:00:00.000Z,8/5/2024,05:30 PM,Wed,0,17,288,34.4,50,0.142,2.05,38.94,20,50,0,0,10,0.95,6.14,36.89,0,226.38,0
2024-05-08T13:00:00.000Z,8/5/2024,06:30 PM,Wed,0,18,0,33.1,50,0.148,0,245.44,20,50,0,0,10,0.95,9.22,245.44,0,2263.77,0
2024-05-08T14:00:00.000Z,8/5/2024,07:30 PM,Wed,0,19,0,31.8,50,0.153,0,239.21,20,50,0,0,10,0.95,8.94,239.21,0,2138.15,0
2024-05-08T15:00:00.000Z,8/5/2024,08:30 PM,Wed,0,20,0,30.6,50,0.158,0,227.95,20,50,0,0,10,0.95,8.95,227.95,0,2039.99,0
2024-05-08T16:00:00.000Z,8/5/2024,09:30 PM,Wed,0,21,0,29.5,50,0.162,0,244.14,20,50,0,0,10,0.95,8.88,244.14,0,2167.54,0
2024-05-08T17:00:00.000Z,8/5/2024,10:30 PM,Wed,0,22,0,28.7,50,0.165,0,265.64,20,50,0,0,10,0.95,8.97,265.64,0,2384.08,0
2024-05-08T18:00:00.000Z,8/5/2024,11:30 PM,Wed,0,23,0,28.2,50,0.167,0,336.82,20,50,0,0,10,0.95,5.01,336.82,0,1687.74,0
2024-05-08T19:00:00.000Z,9/5/2024,12:30 AM,Thu,0,0,0,28,50,0.168,0,99.6,20,50,0,0,10,0.95,6.74,99.6,0,670.99,0
2024-05-08T20:00:00.000Z,9/5/2024,01:30 AM,Thu,0,1,0,28.1,50,0.168,0,79.82,20,50,0,0,10,0.95,6.25,79.82,0,498.67,0
2024-05-08T21:00:00.000Z,9/5/2024,02:30 AM,Thu,0,2,0,28.6,50,0.166,0,88.6,20,50,0,0,10,0.95,5.73,88.6,0,507.6,0
2024-05-08T22:00:00.000Z,9/5/2024,03:30 AM,Thu,0,3,0,29.4,50,0.162,0,83.45,20,50,0,0,10,0.95,5.04,83.45,0,420.85,0
2024-05-08T23:00:00.000Z,9/5/2024,04:30 AM,Thu,0,4,0,30.5,50,0.158,0,91.23,20,50,0,0,10,0.95,5.58,91.23,0,509.2,0
2024-05-09T00:00:00.000Z,9/5/2024,05:30 AM,Thu,0,5,0,31.7,50,0.153,0,90.57,20,50,0,0,10,0.95,5.35,90.57,0,484.85,0
2024-05-09T01:00:00.000Z,9/5/2024,06:30 AM,Thu,0,6,0,33,50,0.148,0,221.27,20,50,0,0,10,0.95,9.84,221.27,0,2177.36,0
2024-05-09T02:00:00.000Z,9/5/2024,07:30 AM,Thu,0,7,294,34.3,50,0.143,2.1,168.33,20,50,0,0,10,0.95,8.45,166.23,0,1404.12,0
2024-05-09T03:00:00.000Z,9/5/2024,08:30 AM,Thu,0,8,596,35.5,50,0.138,4.11,190.74,20,50,0,0,10,0.95,8.06,186.63,0,1504.38,0
2024-05-09T04:00:00.000Z,9/5/2024,09:30 AM,Thu,0,9,783,36.5,50,0.134,5.25,196.01,20,50,0,0,10,0.95,8.49,190.76,0,1619.62,0
2024-05-09T05:00:00.000Z,9/5/2024,10:30 AM,Thu,0,10,831,37.3,50,0.131,5.43,34.3,20,50,0,0,10,0.95,9.94,28.87,0,286.99,0
2024-05-09T06:00:00.000Z,9/5/2024,11:30 AM,Thu,0,11,1063,37.8,50,0.129,6.85,33.1,20,50,0,0,10,0.95,6.11,26.25,0,160.36,0
2024-05-09T07:00:00.000Z,9/5/2024,12:30 PM,Thu,0,12,1205,38,50,0.128,7.71,35.58,20,50,0,0,10,0.95,5.46,27.87,0,152.26,0
2024-05-09T08:00:00.000Z,9/5/2024,01:30 PM,Thu,0,13,1040,37.8,50,0.129,6.7,34.68,20,50,0,0,10,0.95,6.28,27.98,0,175.84,0
2024-05-09T09:00:00.000Z,9/5/2024,02:30 PM,Thu,0,14,1094,37.3,50,0.131,7.15,32.87,20,50,0,0,10,0.95,5.61,25.72,0,144.19,0
2024-05-09T10:00:00.000Z,9/5/2024,03:30 PM,Thu,0,15,880,36.5,50,0.134,5.9,36.88,20,50,0,0,10,0.95,6.76,30.98,0,209.57,0
2024-05-09T11:00:00.000Z,9/5/2024,04:30 PM,Thu,0,16,484,35.5,50,0.138,3.34,34.78,20,50,0,0,10,0.95,6.07,31.44,0,190.78,0
2024-05-09T12:00:00.000Z,9/5/2024,05:30 PM,Thu,0,17,254,34.3,50,0.143,1.81,34.76,20,50,0,0,10,0.95,6.15,32.95,0,202.64,0
2024-05-09T13:00:00.000Z,9/5/2024,06:30 PM,Thu,0,18,0,33,50,0.148,0,200.71,20,50,0,0,10,0.95,8.03,200.71,0,1612.43,0
2024-05-09T14:00:00.000Z,9/5/2024,07:30 PM,Thu,0,19,0,31.7,50,0.153,0,256.73,20,50,0,0,10,0.95,10,256.73,0,2567.15,0
2024-05-09T15:00:00.000Z,9/5/2024,08:30 PM,Thu,0,20,0,30.5,50,0.158,0,221.54,20,50,0,0,10,0.95,9.87,221.54,0,2185.54,0
2024-05-09T16:00:00.000Z,9/5/2024,09:30 PM,Thu,0,21,0,29.4,50,0.162,0,221.92,20,50,0,0,10,0.95,9.47,221.92,0,2102.45,0
2024-05-09T17:00:00.000Z,9/5/2024,10:30 PM,Thu,0,22,0,28.6,50,0.166,0,298.84,20,50,0,0,10,0.95,9.82,298.84,0,2933.4,0
2024-05-09T18:00:00.000Z,9/5/2024,11:30 PM,Thu,0,23,0,28.1,50,0.168,0,320.07,20,50,0,0,10,0.95,6.07,320.07,0,1944.24,0
2024-05-09T19:00:00.000Z,10/5/2024,12:30 AM,Fri,0,0,0,27.9,50,0.168,0,92.29,20,50,0,0,10,0.95,6.11,92.29,0,563.59,0
2024-05-09T20:00:00.000Z,10/5/2024,01:30 AM,Fri,0,1,0,28,50,0.168,0,84.87,20,50,0,0,10,0.95,5.74,84.87,0,487.42,0
2024-05-09T21:00:00.000Z,10/5/2024,02:30 AM,Fri,0,2,0,28.5,50,0.166,0,82.61,20,50,0,0,10,0.95,5.6,82.61,0,462.47,0
2024-05-09T22:00:00.000Z,10/5/2024,03:30 AM,Fri,0,3,0,29.3,50,0.163,0,79.77,20,50,0,0,10,0.95,5.66,79.77,0,451.56,0
2024-05-09T23:00:00.000Z,10/5/2024,04:30 AM,Fri,0,4,0,30.4,50,0.158,0,74.79,20,50,0,0,10,0.95,5.8,74.79,0,433.97,0
2024-05-10T00:00:00.000Z,10/5/2024,05:30 AM,Fri,0,5,0,31.6,50,0.154,0,101.59,20,50,0,0,10,0.95,6.38,101.59,0,648.54,0
2024-05-10T01:00:00.000Z,10/5/2024,06:30 AM,Fri,0,6,0,32.9,50,0.148,0,199,20,50,0,0,10,0.95,9.99,199,0,1988.84,0
2024-05-10T02:00:00.000Z,10/5/2024,07:30 AM,Fri,0,7,301,34.2,50,0.143,2.16,148.02,20,50,0,0,10,0.95,9.4,145.86,0,1371.77,0
2024-05-10T03:00:00.000Z,10/5/2024,08:30 AM,Fri,0,8,541,35.4,50,0.138,3.74,175.54,20,50,0,0,10,0.95,8.59,171.8,0,1475.86,0
2024-05-10T04:00:00.000Z,10/5/2024,09:30 AM,Fri,0,9,808,36.4,50,0.134,5.43,182.65,20,50,0,0,10,0.95,9.28,177.22,0,1644.42,0
2024-05-10T05:00:00.000Z,10/5/2024,10:30 AM,Fri,0,10,979,37.2,50,0.131,6.42,36.26,20,50,0,0,10,0.95,9.22,29.84,0,275.18,0
2024-05-10T06:00:00.000Z,10/5/2024,11:30 AM,Fri,0,11,1066,37.7,50,0.129,6.89,36.72,20,50,0,0,10,0.95,5.22,29.83,0,155.69,0
2024-05-10T07:00:00.000Z,10/5/2024,12:30 PM,Fri,0,12,1007,37.9,50,0.128,6.46,34.16,20,50,0,0,10,0.95,5.65,27.7,0,156.47,0
2024-05-10T08:00:00.000Z,10/5/2024,01:30 PM,Fri,0,13,1192,37.7,50,0.129,7.7,34.87,20,50,0,0,10,0.95,6.44,27.17,0,174.97,0
2024-05-10T09:00:00.000Z,10/5/2024,02:30 PM,Fri,0,14,1013,37.2,50,0.131,6.65,36.54,20,50,0,0,10,0.95,5.24,29.89,0,156.55,0
2024-05-10T10:00:00.000Z,10/5/2024,03:30 PM,Fri,0,15,847,36.4,50,0.134,5.69,31.53,20,50,0,0,10,0.95,6.45,25.84,0,166.78,0
2024-05-10T11:00:00.000Z,10/5/2024,04:30 PM,Fri,0,16,605,35.4,50,0.138,4.19,36.92,20,50,0,0,10,0.95,6.16,32.73,0,201.63,0
2024-05-10T12:00:00.000Z,10/5/2024,05:30 PM,Fri,0,17,329,34.2,50,0.143,2.36,30.64,20,50,0,0,10,0.95,6.64,28.28,0,187.83,0
2024-05-10T13:00:00.000Z,10/5/2024,06:30 PM,Fri,0,18,0,32.9,50,0.148,0,239.83,20,50,0,0,10,0.95,8.31,239.83,0,1992.86,0
2024-05-10T14:00:00.000Z,10/5/2024,07:30 PM,Fri,0,19,0,31.6,50,0.154,0,248.63,20,50,0,0,10,0.95,8.64,248.63,0,2148.99,0
2024-05-10T15:00:00.000Z,10/5/2024,08:30 PM,Fri,0,20,0,30.4,50,0.158,0,253.58,20,50,0,0,10,0.95,9.65,253.58,0,2446.96,0
2024-05-10T16:00:00.000Z,10/5/2024,09:30 PM,Fri,0,21,0,29.3,50,0.163,0,251.41,20,50,0,0,10,0.95,9.93,251.41,0,2495.78,0
2024-05-10T17:00:00.000Z,10/5/2024,10:30 PM,Fri,0,22,0,28.5,50,0.166,0,275.29,20,50,0,0,10,0.95,8.54,275.29,0,2349.6,0
2024-05-10T18:00:00.000Z,10/5/2024,11:30 PM,Fri,0,23,0,28,50,0.168,0,303.24,20,50,0,0,10,0.95,6.99,303.24,0,2118.82,0
2024-05-10T19:00:00.000Z,11/5/2024,12:30 AM,Sat,1,0,0,27.7,50,0.169,0,108.52,20,50,0,0,10,0.95,6.35,108.52,0,688.86,0
2024-05-10T20:00:00.000Z,11/5/2024,01:30 AM,Sat,1,1,0,27.9,50,0.168,0,116.2,20,50,0,0,10,0.95,5.86,116.2,0,680.7,0
2024-05-10T21:00:00.000Z,11/5/2024,02:30 AM,Sat,1,2,0,28.4,50,0.166,0,95.79,20,50,0,0,10,0.95,5.12,95.79,0,490.67,0
2024-05-10T22:00:00.000Z,11/5/2024,03:30 AM,Sat,1,3,0,29.2,50,0.163,0,97.09,20,50,0,0,10,0.95,6.37,97.09,0,618.82,0
2024-05-10T23:00:00.000Z,11/5/2024,04:30 AM,Sat,1,4,0,30.2,50,0.159,0,95.18,20,50,0,0,10,0.95,5.38,95.18,0,512.51,0
2024-05-11T00:00:00.000Z,11/5/2024,05:30 AM,Sat,1,5,0,31.5,50,0.154,0,94.82,20,50,0,0,10,0.95,5.24,94.82,0,496.92,0
2024-05-11T01:00:00.000Z,11/5/2024,06:30 AM,Sat,1,6,0,32.7,50,0.149,0,275.69,20,50,0,0,10,0.95,8.24,275.69,0,2272.16,0
2024-05-11T02:00:00.000Z,11/5/2024,07:30 AM,Sat,1,7,316,34,50,0.144,2.28,214.57,20,50,0,0,10,0.95,8.91,212.29,0,1891.88,0
2024-05-11T03:00:00.000Z,11/5/2024,08:30 AM,Sat,1,8,503,35.2,50,0.139,3.5,224.52,20,50,0,0,10,0.95,9.59,221.02,0,2119.05,0
2024-05-11T04:00:00.000Z,11/5/2024,09:30 AM,Sat,1,9,708,36.3,50,0.135,4.77,200.12,20,50,0,0,10,0.95,8.76,195.35,0,1712.03,0
2024-05-11T05:00:00.000Z,11/5/2024,10:30 AM,Sat,1,10,858,37.1,50,0.132,5.65,41.24,20,50,0,0,10,0.95,8.97,35.59,0,319.14,0
2024-05-11T06:00:00.000Z,11/5/2024,11:30 AM,Sat,1,11,1022,37.6,50,0.13,6.62,38.52,20,50,0,0,10,0.95,6.43,31.9,0,205.04,0
2024-05-11T07:00:00.000Z,11/5/2024,12:30 PM,Sat,1,12,1014,37.7,50,0.129,6.55,39.5,20,50,0,0,10,0.95,5.76,32.95,0,189.63,0
2024-05-11T08:00:00.000Z,11/5/2024,01:30 PM,Sat,1,13,1061,37.6,50,0.13,6.88,41.45,20,50,0,0,10,0.95,6.75,34.57,0,233.46,0
2024-05-11T09:00:00.000Z,11/5/2024,02:30 PM,Sat,1,14,888,37.1,50,0.132,5.84,41.24,20,50,0,0,10,0.95,6.05,35.4,0,214.01,0
2024-05-11T10:00:00.000Z,11/5/2024,03:30 PM,Sat,1,15,683,36.3,50,0.135,4.6,40.28,20,50,0,0,10,0.95,6.05,35.68,0,215.83,0
2024-05-11T11:00:00.000Z,11/5/2024,04:30 PM,Sat,1,16,561,35.2,50,0.139,3.9,37.52,20,50,0,0,10,0.95,5.9,33.62,0,198.21,0
2024-05-11T12:00:00.000Z,11/5/2024,05:30 PM,Sat,1,17,304,34,50,0.144,2.19,40.35,20,50,0,0,10,0.95,6.76,38.16,0,257.83,0
2024-05-11T13:00:00.000Z,11/5/2024,06:30 PM,Sat,1,18,0,32.7,50,0.149,0,322.11,20,50,0,0,10,0.95,9.96,322.11,0,3207.73,0
2024-05-11T14:00:00.000Z,11/5/2024,07:30 PM,Sat,1,19,0,31.5,50,0.154,0,296.59,20,50,0,0,10,0.95,8.61,296.59,0,2554.53,0
2024-05-11T15:00:00.000Z,11/5/2024,08:30 PM,Sat,1,20,0,30.2,50,0.159,0,282.92,20,50,0,0,10,0.95,8.58,282.92,0,2427.11,0
2024-05-11T16:00:00.000Z,11/5/2024,09:30 PM,Sat,1,21,0,29.2,50,0.163,0,316.17,20,50,0,0,10,0.95,9.59,316.17,0,3033.35,0
2024-05-11T17:00:00.000Z,11/5/2024,10:30 PM,Sat,1,22,0,28.4,50,0.166,0,337.06,20,50,0,0,10,0.95,9.63,337.06,0,3246.04,0
2024-05-11T18:00:00.000Z,11/5/2024,11:30 PM,Sat,1,23,0,27.9,50,0.168,0,354.16,20,50,0,0,10,0.95,5.84,354.16,0,2066.84,0
2024-05-11T19:00:00.000Z,12/5/2024,12:30 AM,Sun,1,0,0,27.6,50,0.17,0,90.12,20,50,0,0,10,0.95,5.86,90.12,0,527.93,0
2024-05-11T20:00:00.000Z,12/5/2024,01:30 AM,Sun,1,1,0,27.8,50,0.169,0,90.57,20,50,0,0,10,0.95,5.17,90.57,0,468.36,0
2024-05-11T21:00:00.000Z,12/5/2024,02:30 AM,Sun,1,2,0,28.3,50,0.167,0,83.04,20,50,0,0,10,0.95,6.54,83.04,0,543,0
2024-05-11T22:00:00.000Z,12/5/2024,03:30 AM,Sun,1,3,0,29.1,50,0.164,0,81.9,20,50,0,0,10,0.95,5.54,81.9,0,453.76,0
2024-05-11T23:00:00.000Z,12/5/2024,04:30 AM,Sun,1,4,0,30.1,50,0.16,0,104.17,20,50,0,0,10,0.95,6.65,104.17,0,692.48,0
2024-05-12T00:00:00.000Z,12/5/2024,05:30 AM,Sun,1,5,0,31.3,50,0.155,0,115.6,20,50,0,0,10,0.95,5.68,115.6,0,657.07,0
2024-05-12T01:00:00.000Z,12/5/2024,06:30 AM,Sun,1,6,0,32.6,50,0.15,0,212.28,20,50,0,0,10,0.95,8.36,212.28,0,1775.58,0
2024-05-12T02:00:00.000Z,12/5/2024,07:30 AM,Sun,1,7,311,33.9,50,0.144,2.25,193.4,20,50,0,0,10,0.95,9.39,191.15,0,1795.28,0
2024-05-12T03:00:00.000Z,12/5/2024,08:30 AM,Sun,1,8,509,35.1,50,0.14,3.55,207.17,20,50,0,0,10,0.95,8.73,203.62,0,1777.23,0
2024-05-12T04:00:00.000Z,12/5/2024,09:30 AM,Sun,1,9,697,36.2,50,0.135,4.71,173.08,20,50,0,0,10,0.95,8.49,168.37,0,1430.05,0
2024-05-12T05:00:00.000Z,12/5/2024,10:30 AM,Sun,1,10,899,37,50,0.132,5.93,41.94,20,50,0,0,10,0.95,8.33,36.01,0,300.08,0
2024-05-12T06:00:00.000Z,12/5/2024,11:30 AM,Sun,1,11,1191,37.5,50,0.13,7.74,42.78,20,50,0,0,10,0.95,6.63,35.04,0,232.43,0
2024-05-12T07:00:00.000Z,12/5/2024,12:30 PM,Sun,1,12,1005,37.6,50,0.13,6.51,38.23,20,50,0,0,10,0.95,5.84,31.72,0,185.17,0
2024-05-12T08:00:00.000Z,12/5/2024,01:30 PM,Sun,1,13,1063,37.5,50,0.13,6.91,40.4,20,50,0,0,10,0.95,5.37,33.49,0,179.68,0
2024-05-12T09:00:00.000Z,12/5/2024,02:30 PM,Sun,1,14,852,37,50,0.132,5.62,43.68,20,50,0,0,10,0.95,5.06,38.06,0,192.59,0
2024-05-12T10:00:00.000Z,12/5/2024,03:30 PM,Sun,1,15,737,36.2,50,0.135,4.98,43.46,20,50,0,0,10,0.95,6.98,38.48,0,268.56,0
2024-05-12T11:00:00.000Z,12/5/2024,04:30 PM,Sun,1,16,482,35.1,50,0.14,3.36,41.51,20,50,0,0,10,0.95,6.8,38.15,0,259.23,0
2024-05-12T12:00:00.000Z,12/5/2024,05:30 PM,Sun,1,17,292,33.9,50,0.144,2.11,45.69,20,50,0,0,10,0.95,6.02,43.58,0,262.4,0
2024-05-12T13:00:00.000Z,12/5/2024,06:30 PM,Sun,1,18,0,32.6,50,0.15,0,271.99,20,50,0,0,10,0.95,8.05,271.99,0,2189.93,0
2024-05-12T14:00:00.000Z,12/5/2024,07:30 PM,Sun,1,19,0,31.3,50,0.155,0,356.47,20,50,0,0,10,0.95,8.68,356.47,0,3095.09,0
2024-05-12T15:00:00.000Z,12/5/2024,08:30 PM,Sun,1,20,0,30.1,50,0.16,0,283.67,20,50,0,0,10,0.95,8.25,283.67,0,2340.8,0
2024-05-12T16:00:00.000Z,12/5/2024,09:30 PM,Sun,1,21,0,29.1,50,0.164,0,328.62,20,50,0,0,10,0.95,9.38,328.62,0,3084.03,0
2024-05-12T17:00:00.000Z,12/5/2024,10:30 PM,Sun,1,22,0,28.3,50,0.167,0,356.51,20,50,0,0,10,0.95,9.37,356.51,0,3341.19,0
2024-05-12T18:00:00.000Z,12/5/2024,11:30 PM,Sun,1,23,0,27.8,50,0.169,0,354.74,20,50,0,0,10,0.95,6.52,354.74,0,2313.51,0
2024-05-12T19:00:00.000Z,13/5/2024,12:30 AM,Mon,0,0,0,27.5,50,0.17,0,93.96,20,50,0,0,10,0.95,6.8,93.96,0,639.18,0
2024-05-12T20:00:00.000Z,13/5/2024,01:30 AM,Mon,0,1,0,27.7,50,0.169,0,108.3,20,50,0,0,10,0.95,5.22,108.3,0,564.89,0
2024-05-12T21:00:00.000Z,13/5/2024,02:30 AM,Mon,0,2,0,28.2,50,0.167,0,79.52,20,50,0,0,10,0.95,5.52,79.52,0,438.74,0
2024-05-12T22:00:00.000Z,13/5/2024,03:30 AM,Mon,0,3,0,29,50,0.164,0,105.75,20,50,0,0,10,0.95,6.02,105.75,0,636.39,0
2024-05-12T23:00:00.000Z,13/5/2024,04:30 AM,Mon,0,4,0,30,50,0.16,0,99.63,20,50,0,0,10,0.95,6.07,99.63,0,604.29,0
2024-05-13T00:00:00.000Z,13/5/2024,05:30 AM,Mon,0,5,0,31.2,50,0.155,0,88.09,20,50,0,0,10,0.95,6,88.09,0,528.61,0
2024-05-13T01:00:00.000Z,13/5/2024,06:30 AM,Mon,0,6,0,32.5,50,0.15,0,211.23,20,50,0,0,10,0.95,9.94,211.23,0,2098.98,0
2024-05-13T02:00:00.000Z,13/5/2024,07:30 AM,Mon,0,7,248,33.8,50,0.145,1.8,189.89,20,50,0,0,10,0.95,9.19,188.09,0,1729.13,0
2024-05-13T03:00:00.000Z,13/5/2024,08:30 AM,Mon,0,8,517,35,50,0.14,3.62,169.28,20,50,0,0,10,0.95,9.55,165.66,0,1582.25,0
2024-05-13T04:00:00.000Z,13/5/2024,09:30 AM,Mon,0,9,893,36.1,50,0.136,6.05,158.61,20,50,0,0,10,0.95,8.23,152.56,0,1255.28,0
2024-05-13T05:00:00.000Z,13/5/2024,10:30 AM,Mon,0,10,931,36.9,50,0.132,6.16,34.56,20,50,0,0,10,0.95,8.33,28.4,0,236.44,0
2024-05-13T06:00:00.000Z,13/5/2024,11:30 AM,Mon,0,11,1207,37.4,50,0.13,7.87,37.02,20,50,0,0,10,0.95,6.17,29.15,0,179.72,0
2024-05-13T07:00:00.000Z,13/5/2024,12:30 PM,Mon,0,12,1217,37.5,50,0.13,7.91,36.9,20,50,0,0,10,0.95,5.74,28.99,0,166.47,0
2024-05-13T08:00:00.000Z,13/5/2024,01:30 PM,Mon,0,13,922,37.4,50,0.13,6.01,36.54,20,50,0,0,10,0.95,5.82,30.53,0,177.78,0
2024-05-13T09:00:00.000Z,13/5/2024,02:30 PM,Mon,0,14,831,36.9,50,0.132,5.5,32.06,20,50,0,0,10,0.95,5.28,26.56,0,140.13,0
2024-05-13T10:00:00.000Z,13/5/2024,03:30 PM,Mon,0,15,678,36.1,50,0.136,4.6,37.05,20,50,0,0,10,0.95,6.54,32.45,0,212.24,0
2024-05-13T11:00:00.000Z,13/5/2024,04:30 PM,Mon,0,16,565,35,50,0.14,3.95,39.5,20,50,0,0,10,0.95,5.6,35.55,0,199.19,0
2024-05-13T12:00:00.000Z,13/5/2024,05:30 PM,Mon,0,17,298,33.8,50,0.145,2.16,31.91,20,50,0,0,10,0.95,5.85,29.75,0,174.11,0
2024-05-13T13:00:00.000Z,13/5/2024,06:30 PM,Mon,0,18,0,32.5,50,0.15,0,221.85,20,50,0,0,10,0.95,8.85,221.85,0,1963.88,0
2024-05-13T14:00:00.000Z,13/5/2024,07:30 PM,Mon,0,19,0,31.2,50,0.155,0,261.26,20,50,0,0,10,0.95,8.12,261.26,0,2120.38,0
2024-05-13T15:00:00.000Z,13/5/2024,08:30 PM,Mon,0,20,0,30,50,0.16,0,235.89,20,50,0,0,10,0.95,8.24,235.89,0,1943.17,0
2024-05-13T16:00:00.000Z,13/5/2024,09:30 PM,Mon,0,21,0,29,50,0.164,0,291.36,20,50,0,0,10,0.95,9.79,291.36,0,2852.3,0
2024-05-13T17:00:00.000Z,13/5/2024,10:30 PM,Mon,0,22,0,28.2,50,0.167,0,269.96,20,50,0,0,10,0.95,8.33,269.96,0,2248.97,0
2024-05-13T18:00:00.000Z,13/5/2024,11:30 PM,Mon,0,23,0,27.7,50,0.169,0,292.91,20,50,0,0,10,0.95,5.22,292.91,0,1529.14,0
2024-05-13T19:00:00.000Z,14/5/2024,12:30 AM,Tue,0,0,0,27.4,50,0.17,0,86.69,20,50,0,0,10,0.95,5.98,86.69,0,518.46,0
2024-05-13T20:00:00.000Z,14/5/2024,01:30 AM,Tue,0,1,0,27.6,50,0.17,0,85.49,20,50,0,0,10,0.95,6.61,85.49,0,565.09,0
2024-05-13T21:00:00.000Z,14/5/2024,02:30 AM,Tue,0,2,0,28.1,50,0.168,0,89.66,20,50,0,0,10,0.95,6.16,89.66,0,552.61,0
2024-05-13T22:00:00.000Z,14/5/2024,03:30 AM,Tue,0,3,0,28.9,50,0.164,0,114.01,20,50,0,0,10,0.95,5.83,114.01,0,664.55,0
2024-05-13T23:00:00.000Z,14/5/2024,04:30 AM,Tue,0,4,0,29.9,50,0.16,0,87.16,20,50,0,0,10,0.95,6.83,87.16,0,595.19,0
2024-05-14T00:00:00.000Z,14/5/2024,05:30 AM,Tue,0,5,0,31.1,50,0.156,0,87.26,20,50,0,0,10,0.95,5.52,87.26,0,482.1,0
2024-05-14T01:00:00.000Z,14/5/2024,06:30 AM,Tue,0,6,0,32.4,50,0.15,0,239.45,20,50,0,0,10,0.95,9.55,239.45,0,2285.89,0
2024-05-14T02:00:00.000Z,14/5/2024,07:30 AM,Tue,0,7,253,33.7,50,0.145,1.84,189.47,20,50,0,0,10,0.95,8.01,187.63,0,1502.12,0
2024-05-14T03:00:00.000Z,14/5/2024,08:30 AM,Tue,0,8,534,34.9,50,0.14,3.75,183.21,20,50,0,0,10,0.95,8.93,179.46,0,1603.04,0
2024-05-14T04:00:00.000Z,14/5/2024,09:30 AM,Tue,0,9,668,35.9,50,0.136,4.56,189.56,20,50,0,0,10,0.95,8.31,185,0,1537.28,0
2024-05-14T05:00:00.000Z,14/5/2024,10:30 AM,Tue,0,10,958,36.7,50,0.133,6.38,34.12,20,50,0,0,10,0.95,8.77,27.74,0,243.28,0
2024-05-14T06:00:00.000Z,14/5/2024,11:30 AM,Tue,0,11,1017,37.2,50,0.131,6.67,32.21,20,50,0,0,10,0.95,6.16,25.54,0,157.32,0
2024-05-14T07:00:00.000Z,14/5/2024,12:30 PM,Tue,0,12,1032,37.4,50,0.13,6.73,37.33,20,50,0,0,10,0.95,6.94,30.6,0,212.39,0
2024-05-14T08:00:00.000Z,14/5/2024,01:30 PM,Tue,0,13,1190,37.2,50,0.131,7.81,32.23,20,50,0,0,10,0.95,6.29,24.42,0,153.69,0
2024-05-14T09:00:00.000Z,14/5/2024,02:30 PM,Tue,0,14,933,36.7,50,0.133,6.21,37.64,20,50,0,0,10,0.95,5.18,31.43,0,162.91,0
2024-05-14T10:00:00.000Z,14/5/2024,03:30 PM,Tue,0,15,887,35.9,50,0.136,6.05,33.81,20,50,0,0,10,0.95,5.33,27.76,0,147.91,0
2024-05-14T11:00:00.000Z,14/5/2024,04:30 PM,Tue,0,16,525,34.9,50,0.14,3.69,36.8,20,50,0,0,10,0.95,6.73,33.11,0,222.77,0
2024-05-14T12:00:00.000Z,14/5/2024,05:30 PM,Tue,0,17,301,33.7,50,0.145,2.19,33.81,20,50,0,0,10,0.95,6.16,31.62,0,194.91,0
2024-05-14T13:00:00.000Z,14/5/2024,06:30 PM,Tue,0,18,0,32.4,50,0.15,0,267.13,20,50,0,0,10,0.95,9.74,267.13,0,2601.16,0
2024-05-14T14:00:00.000Z,14/5/2024,07:30 PM,Tue,0,19,0,31.1,50,0.156,0,249.03,20,50,0,0,10,0.95,8.06,249.03,0,2005.95,0
2024-05-14T15:00:00.000Z,14/5/2024,08:30 PM,Tue,0,20,0,29.9,50,0.16,0,242.68,20,50,0,0,10,0.95,8.94,242.68,0,2168.68,0
2024-05-14T16:00:00.000Z,14/5/2024,09:30 PM,Tue,0,21,0,28.9,50,0.164,0,234.58,20,50,0,0,10,0.95,8.34,234.58,0,1955.33,0
2024-05-14T17:00:00.000Z,14/5/2024,10:30 PM,Tue,0,22,0,28.1,50,0.168,0,291.37,20,50,0,0,10,0.95,9.93,291.37,0,2892.91,0
2024-05-14T18:00:00.000Z,14/5/2024,11:30 PM,Tue,0,23,0,27.6,50,0.17,0,277.94,20,50,0,0,10,0.95,5.73,277.94,0,1593.56,0
2024-05-14T19:00:00.000Z,15/5/2024,12:30 AM,Wed,0,0,0,27.3,50,0.171,0,121.55,20,50,0,0,10,0.95,6.36,121.55,0,773.48,0
2024-05-14T20:00:00.000Z,15/5/2024,01:30 AM,Wed,0,1,0,27.5,50,0.17,0,90.94,20,50,0,0,10,0.95,6.43,90.94,0,584.46,0
2024-05-14T21:00:00.000Z,15/5/2024,02:30 AM,Wed,0,2,0,28,50,0.168,0,74.33,20,50,0,0,10,0.95,5.31,74.33,0,394.79,0
2024-05-14T22:00:00.000Z,15/5/2024,03:30 AM,Wed,0,3,0,28.8,50,0.165,0,84.61,20,50,0,0,10,0.95,5.6,84.61,0,474.07,0
2024-05-14T23:00:00.000Z,15/5/2024,04:30 AM,Wed,0,4,0,29.8,50,0.161,0,86.76,20,50,0,0,10,0.95,6.97,86.76,0,604.9,0
2024-05-15T00:00:00.000Z,15/5/2024,05:30 AM,Wed,0,5,0,31,50,0.156,0,84,20,50,0,0,10,0.95,6.01,84,0,505.19,0
2024-05-15T01:00:00.000Z,15/5/2024,06:30 AM,Wed,0,6,0,32.3,50,0.151,0,231.09,20,50,0,0,10,0.95,9.85,231.09,0,2275.2,0
2024-05-15T02:00:00.000Z,15/5/2024,07:30 AM,Wed,0,7,299,33.6,50,0.146,2.18,184.41,20,50,0,0,10,0.95,8.11,182.23,0,1477.81,0
2024-05-15T03:00:00.000Z,15/5/2024,08:30 AM,Wed,0,8,609,34.8,50,0.141,4.29,172.31,20,50,0,0,10,0.95,9.04,168.02,0,1519.65,0
2024-05-15T04:00:00.000Z,15/5/2024,09:30 AM,Wed,0,9,846,35.8,50,0.137,5.79,183.96,20,50,0,0,10,0.95,9.43,178.17,0,1680.37,0
2024-05-15T05:00:00.000Z,15/5/2024,10:30 AM,Wed,0,10,823,36.6,50,0.134,5.5,35.62,20,50,0,0,10,0.95,9.99,30.12,0,300.79,0
2024-05-15T06:00:00.000Z,15/5/2024,11:30 AM,Wed,0,11,907,37.1,50,0.132,5.97,38.99,20,50,0,0,10,0.95,6.04,33.02,0,199.61,0
2024-05-15T07:00:00.000Z,15/5/2024,12:30 PM,Wed,0,12,1227,37.3,50,0.131,8.02,38.43,20,50,0,0,10,0.95,6.5,30.41,0,197.61,0
2024-05-15T08:00:00.000Z,15/5/2024,01:30 PM,Wed,0,13,975,37.1,50,0.132,6.42,37.56,20,50,0,0,10,0.95,6.52,31.14,0,203.2,0
2024-05-15T09:00:00.000Z,15/5/2024,02:30 PM,Wed,0,14,804,36.6,50,0.134,5.37,36.77,20,50,0,0,10,0.95,6.43,31.4,0,201.94,0
2024-05-15T10:00:00.000Z,15/5/2024,03:30 PM,Wed,0,15,793,35.8,50,0.137,5.42,34.08,20,50,0,0,10,0.95,5.48,28.66,0,157.12,0
2024-05-15T11:00:00.000Z,15/5/2024,04:30 PM,Wed,0,16,582,34.8,50,0.141,4.1,36.31,20,50,0,0,10,0.95,5.37,32.21,0,172.85,0
2024-05-15T12:00:00.000Z,15/5/2024,05:30 PM,Wed,0,17,316,33.6,50,0.146,2.3,32.74,20,50,0,0,10,0.95,5.87,30.44,0,178.7,0
2024-05-15T13:00:00.000Z,15/5/2024,06:30 PM,Wed,0,18,0,32.3,50,0.151,0,203.94,20,50,0,0,10,0.95,8.88,203.94,0,1810.24,0
2024-05-15T14:00:00.000Z,15/5/2024,07:30 PM,Wed,0,19,0,31,50,0.156,0,230.65,20,50,0,0,10,0.95,9.38,230.65,0,2163.96,0
2024-05-15T15:00:00.000Z,15/5/2024,08:30 PM,Wed,0,20,0,29.8,50,0.161,0,235.51,20,50,0,0,10,0.95,9.33,235.51,0,2197.14,0
2024-05-15T16:00:00.000Z,15/5/2024,09:30 PM,Wed,0,21,0,28.8,50,0.165,0,219.34,20,50,0,0,10,0.95,9.28,219.34,0,2036.15,0
2024-05-15T17:00:00.000Z,15/5/2024,10:30 PM,Wed,0,22,0,28,50,0.168,0,310.59,20,50,0,0,10,0.95,9.91,310.59,0,3076.61,0
2024-05-15T18:00:00.000Z,15/5/2024,11:30 PM,Wed,0,23,0,27.5,50,0.17,0,283.89,20,50,0,0,10,0.95,6.5,283.89,0,1846.04,0
2024-05-15T19:00:00.000Z,16/5/2024,12:30 AM,Thu,0,0,0,27.2,50,0.171,0,112.06,20,50,0,0,10,0.95,5.06,112.06,0,567.05,0
2024-05-15T20:00:00.000Z,16/5/2024,01:30 AM,Thu,0,1,0,27.3,50,0.171,0,101.54,20,50,0,0,10,0.95,6.95,101.54,0,705.62,0
2024-05-15T21:00:00.000Z,16/5/2024,02:30 AM,Thu,0,2,0,27.8,50,0.169,0,95.8,20,50,0,0,10,0.95,5.93,95.8,0,568.44,0
2024-05-15T22:00:00.000Z,16/5/2024,03:30 AM,Thu,0,3,0,28.6,50,0.166,0,97.63,20,50,0,0,10,0.95,5.76,97.63,0,562.75,0
2024-05-15T23:00:00.000Z,16/5/2024,04:30 AM,Thu,0,4,0,29.7,50,0.161,0,90.19,20,50,0,0,10,0.95,5.03,90.19,0,453.21,0
2024-05-16T00:00:00.000Z,16/5/2024,05:30 AM,Thu,0,5,0,30.9,50,0.156,0,114.66,20,50,0,0,10,0.95,6.26,114.66,0,718.09,0
2024-05-16T01:00:00.000Z,16/5/2024,06:30 AM,Thu,0,6,0,32.2,50,0.151,0,234.56,20,50,0,0,10,0.95,8.43,234.56,0,1976.87,0
2024-05-16T02:00:00.000Z,16/5/2024,07:30 AM,Thu,0,7,260,33.5,50,0.146,1.9,188.07,20,50,0,0,10,0.95,9.01,186.17,0,1677.74,0
2024-05-16T03:00:00.000Z,16/5/2024,08:30 AM,Thu,0,8,504,34.7,50,0.141,3.56,164.27,20,50,0,0,10,0.95,8.16,160.71,0,1310.7,0
2024-05-16T04:00:00.000Z,16/5/2024,09:30 AM,Thu,0,9,732,35.7,50,0.137,5.02,171.59,20,50,0,0,10,0.95,8.92,166.57,0,1484.96,0
2024-05-16T05:00:00.000Z,16/5/2024,10:30 AM,Thu,0,10,825,36.5,50,0.134,5.53,31.65,20,50,0,0,10,0.95,8.04,26.12,0,210.02,0
2024-05-16T06:00:00.000Z,16/5/2024,11:30 AM,Thu,0,11,980,37,50,0.132,6.47,31.85,20,50,0,0,10,0.95,6.45,25.38,0,163.61,0
2024-05-16T07:00:00.000Z,16/5/2024,12:30 PM,Thu,0,12,1232,37.2,50,0.131,8.08,31.91,20,50,0,0,10,0.95,6.19,23.83,0,147.51,0
2024-05-16T08:00:00.000Z,16/5/2024,01:30 PM,Thu,0,13,1068,37,50,0.132,7.05,30.75,20,50,0,0,10,0.95,6.4,23.7,0,151.75,0
2024-05-16T09:00:00.000Z,16/5/2024,02:30 PM,Thu,0,14,955,36.5,50,0.134,6.4,32.75,20,50,0,0,10,0.95,6.59,26.35,0,173.71,0
2024-05-16T10:00:00.000Z,16/5/2024,03:30 PM,Thu,0,15,879,35.7,50,0.137,6.03,34.79,20,50,0,0,10,0.95,5.31,28.76,0,152.72,0
2024-05-16T11:00:00.000Z,16/5/2024,04:30 PM,Thu,0,16,485,34.7,50,0.141,3.42,35.91,20,50,0,0,10,0.95,6.28,32.49,0,203.87,0
2024-05-16T12:00:00.000Z,16/5/2024,05:30 PM,Thu,0,17,289,33.5,50,0.146,2.11,31.65,20,50,0,0,10,0.95,5.18,29.54,0,153.1,0
2024-05-16T13:00:00.000Z,16/5/2024,06:30 PM,Thu,0,18,0,32.2,50,0.151,0,251.16,20,50,0,0,10,0.95,8.04,251.16,0,2020.06,0
2024-05-16T14:00:00.000Z,16/5/2024,07:30 PM,Thu,0,19,0,30.9,50,0.156,0,270.09,20,50,0,0,10,0.95,8.12,270.09,0,2193.41,0
2024-05-16T15:00:00.000Z,16/5/2024,08:30 PM,Thu,0,20,0,29.7,50,0.161,0,245.76,20,50,0,0,10,0.95,9.86,245.76,0,2422.57,0
2024-05-16T16:00:00.000Z,16/5/2024,09:30 PM,Thu,0,21,0,28.6,50,0.166,0,235.83,20,50,0,0,10,0.95,8.7,235.83,0,2051.23,0
2024-05-16T17:00:00.000Z,16/5/2024,10:30 PM,Thu,0,22,0,27.8,50,0.169,0,291.21,20,50,0,0,10,0.95,8.29,291.21,0,2413.44,0
2024-05-16T18:00:00.000Z,16/5/2024,11:30 PM,Thu,0,23,0,27.3,50,0.171,0,283.65,20,50,0,0,10,0.95,5.55,283.65,0,1575.52,0
2024-05-16T19:00:00.000Z,17/5/2024,12:30 AM,Fri,0,0,0,27.1,50,0.172,0,117.68,20,50,0,0,10,0.95,6.38,117.68,0,751.05,0
2024-05-16T20:00:00.000Z,17/5/2024,01:30 AM,Fri,0,1,0,27.2,50,0.171,0,86.75,20,50,0,0,10,0.95,5.03,86.75,0,436.54,0
2024-05-16T21:00:00.000Z,17/5/2024,02:30 AM,Fri,0,2,0,27.7,50,0.169,0,91.92,20,50,0,0,10,0.95,5.93,91.92,0,545.49,0
2024-05-16T22:00:00.000Z,17/5/2024,03:30 AM,Fri,0,3,0,28.5,50,0.166,0,99.63,20,50,0,0,10,0.95,6.55,99.63,0,652.45,0
2024-05-16T23:00:00.000Z,17/5/2024,04:30 AM,Fri,0,4,0,29.6,50,0.162,0,84.93,20,50,0,0,10,0.95,6.07,84.93,0,515.45,0
2024-05-17T00:00:00.000Z,17/5/2024,05:30 AM,Fri,0,5,0,30.8,50,0.157,0,107.28,20,50,0,0,10,0.95,6.47,107.28,0,694.07,0
2024-05-17T01:00:00.000Z,17/5/2024,06:30 AM,Fri,0,6,0,32.1,50,0.152,0,223.37,20,50,0,0,10,0.95,9.33,223.37,0,2084.72,0
2024-05-17T02:00:00.000Z,17/5/2024,07:30 AM,Fri,0,7,255,33.3,50,0.147,1.87,173.54,20,50,0,0,10,0.95,8.13,171.67,0,1395.75,0
2024-05-17T03:00:00.000Z,17/5/2024,08:30 AM,Fri,0,8,599,34.6,50,0.142,4.24,179.39,20,50,0,0,10,0.95,9.04,175.15,0,1583.41,0
2024-05-17T04:00:00.000Z,17/5/2024,09:30 AM,Fri,0,9,736,35.6,50,0.138,5.06,170.31,20,50,0,0,10,0.95,9.51,165.25,0,1571.26,0
2024-05-17T05:00:00.000Z,17/5/2024,10:30 AM,Fri,0,10,964,36.4,50,0.134,6.48,38,20,50,0,0,10,0.95,9.33,31.52,0,294.13,0
2024-05-17T06:00:00.000Z,17/5/2024,11:30 AM,Fri,0,11,1092,36.9,50,0.132,7.23,35.54,20,50,0,0,10,0.95,5.52,28.31,0,156.33,0
2024-05-17T07:00:00.000Z,17/5/2024,12:30 PM,Fri,0,12,1221,37.1,50,0.132,8.03,35.86,20,50,0,0,10,0.95,6.9,27.83,0,191.94,0
2024-05-17T08:00:00.000Z,17/5/2024,01:30 PM,Fri,0,13,926,36.9,50,0.132,6.13,35.07,20,50,0,0,10,0.95,6.14,28.94,0,177.67,0
2024-05-17T09:00:00.000Z,17/5/2024,02:30 PM,Fri,0,14,944,36.4,50,0.134,6.34,31.21,20,50,0,0,10,0.95,5.86,24.87,0,145.76,0
2024-05-17T10:00:00.000Z,17/5/2024,03:30 PM,Fri,0,15,701,35.6,50,0.138,4.82,32.68,20,50,0,0,10,0.95,5.13,27.86,0,142.97,0
2024-05-17T11:00:00.000Z,17/5/2024,04:30 PM,Fri,0,16,472,34.6,50,0.142,3.34,37.2,20,50,0,0,10,0.95,5.23,33.86,0,176.96,0
2024-05-17T12:00:00.000Z,17/5/2024,05:30 PM,Fri,0,17,259,33.3,50,0.147,1.9,35.59,20,50,0,0,10,0.95,5.98,33.69,0,201.47,0
2024-05-17T13:00:00.000Z,17/5/2024,06:30 PM,Fri,0,18,0,32.1,50,0.152,0,215.37,20,50,0,0,10,0.95,9.18,215.37,0,1977.24,0
2024-05-17T14:00:00.000Z,17/5/2024,07:30 PM,Fri,0,19,0,30.8,50,0.157,0,202.58,20,50,0,0,10,0.95,8.23,202.58,0,1667.32,0
2024-05-17T15:00:00.000Z,17/5/2024,08:30 PM,Fri,0,20,0,29.6,50,0.162,0,279.05,20,50,0,0,10,0.95,9.5,279.05,0,2651.18,0
2024-05-17T16:00:00.000Z,17/5/2024,09:30 PM,Fri,0,21,0,28.5,50,0.166,0,247.77,20,50,0,0,10,0.95,8.17,247.77,0,2023.63,0
2024-05-17T17:00:00.000Z,17/5/2024,10:30 PM,Fri,0,22,0,27.7,50,0.169,0,269.22,20,50,0,0,10,0.95,9.91,269.22,0,2669.06,0
2024-05-17T18:00:00.000Z,17/5/2024,11:30 PM,Fri,0,23,0,27.2,50,0.171,0,302.44,20,50,0,0,10,0.95,5.8,302.44,0,1754.24,0
2024-05-17T19:00:00.000Z,18/5/2024,12:30 AM,Sat,1,0,0,26.9,50,0.172,0,98.23,20,50,0,0,10,0.95,5.11,98.23,0,502.16,0
2024-05-17T20:00:00.000Z,18/5/2024,01:30 AM,Sat,1,1,0,27.1,50,0.172,0,116.32,20,50,0,0,10,0.95,6.06,116.32,0,704.4,0
2024-05-17T21:00:00.000Z,18/5/2024,02:30 AM,Sat,1,2,0,27.6,50,0.17,0,118.8,20,50,0,0,10,0.95,6.97,118.8,0,828.49,0
2024-05-17T22:00:00.000Z,18/5/2024,03:30 AM,Sat,1,3,0,28.4,50,0.166,0,111.01,20,50,0,0,10,0.95,5.02,111.01,0,557.74,0
2024-05-17T23:00:00.000Z,18/5/2024,04:30 AM,Sat,1,4,0,29.4,50,0.162,0,83.62,20,50,0,0,10,0.95,6.61,83.62,0,552.83,0
2024-05-18T00:00:00.000Z,18/5/2024,05:30 AM,Sat,1,5,0,30.6,50,0.158,0,90.82,20,50,0,0,10,0.95,6.62,90.82,0,600.95,0
2024-05-18T01:00:00.000Z,18/5/2024,06:30 AM,Sat,1,6,0,31.9,50,0.152,0,251.93,20,50,0,0,10,0.95,9.77,251.93,0,2462.02,0
2024-05-18T02:00:00.000Z,18/5/2024,07:30 AM,Sat,1,7,278,33.2,50,0.147,2.05,206.8,20,50,0,0,10,0.95,9.21,204.75,0,1885.57,0
2024-05-18T03:00:00.000Z,18/5/2024,08:30 AM,Sat,1,8,574,34.4,50,0.142,4.09,220.86,20,50,0,0,10,0.95,9.73,216.77,0,2108.43,0
2024-05-18T04:00:00.000Z,18/5/2024,09:30 AM,Sat,1,9,850,35.5,50,0.138,5.86,216.44,20,50,0,0,10,0.95,8.72,210.58,0,1837.16,0
2024-05-18T05:00:00.000Z,18/5/2024,10:30 AM,Sat,1,10,931,36.3,50,0.135,6.27,40.55,20,50,0,0,10,0.95,8.22,34.28,0,281.68,0
2024-05-18T06:00:00.000Z,18/5/2024,11:30 AM,Sat,1,11,1023,36.8,50,0.133,6.79,46.56,20,50,0,0,10,0.95,6.64,39.77,0,264.16,0
2024-05-18T07:00:00.000Z,18/5/2024,12:30 PM,Sat,1,12,989,36.9,50,0.132,6.55,40.51,20,50,0,0,10,0.95,6.05,33.96,0,205.43,0
2024-05-18T08:00:00.000Z,18/5/2024,01:30 PM,Sat,1,13,907,36.8,50,0.133,6.02,41.96,20,50,0,0,10,0.95,5.06,35.94,0,181.71,0
2024-05-18T09:00:00.000Z,18/5/2024,02:30 PM,Sat,1,14,960,36.3,50,0.135,6.47,41.53,20,50,0,0,10,0.95,5.28,35.06,0,185.27,0
2024-05-18T10:00:00.000Z,18/5/2024,03:30 PM,Sat,1,15,667,35.5,50,0.138,4.6,43.39,20,50,0,0,10,0.95,6.61,38.79,0,256.4,0
2024-05-18T11:00:00.000Z,18/5/2024,04:30 PM,Sat,1,16,522,34.4,50,0.142,3.72,45.38,20,50,0,0,10,0.95,5.5,41.66,0,229.1,0
2024-05-18T12:00:00.000Z,18/5/2024,05:30 PM,Sat,1,17,243,33.2,50,0.147,1.79,42.22,20,50,0,0,10,0.95,6.82,40.43,0,275.75,0
2024-05-18T13:00:00.000Z,18/5/2024,06:30 PM,Sat,1,18,0,31.9,50,0.152,0,273.47,20,50,0,0,10,0.95,8.8,273.47,0,2405.74,0
2024-05-18T14:00:00.000Z,18/5/2024,07:30 PM,Sat,1,19,0,30.6,50,0.158,0,281.72,20,50,0,0,10,0.95,9.99,281.72,0,2813.78,0
2024-05-18T15:00:00.000Z,18/5/2024,08:30 PM,Sat,1,20,0,29.4,50,0.162,0,266.47,20,50,0,0,10,0.95,9.8,266.47,0,2610.41,0
2024-05-18T16:00:00.000Z,18/5/2024,09:30 PM,Sat,1,21,0,28.4,50,0.166,0,287.73,20,50,0,0,10,0.95,8.81,287.73,0,2534.06,0
2024-05-18T17:00:00.000Z,18/5/2024,10:30 PM,Sat,1,22,0,27.6,50,0.17,0,336.31,20,50,0,0,10,0.95,9.2,336.31,0,3092.88,0
2024-05-18T18:00:00.000Z,18/5/2024,11:30 PM,Sat,1,23,0,27.1,50,0.172,0,307.83,20,50,0,0,10,0.95,6.48,307.83,0,1994.99,0
2024-05-18T19:00:00.000Z,19/5/2024,12:30 AM,Sun,1,0,0,26.8,50,0.173,0,117.29,20,50,0,0,10,0.95,5.46,117.29,0,640.24,0
2024-05-18T20:00:00.000Z,19/5/2024,01:30 AM,Sun,1,1,0,27,50,0.172,0,108.37,20,50,0,0,10,0.95,5.06,108.37,0,548.03,0
2024-05-18T21:00:00.000Z,19/5/2024,02:30 AM,Sun,1,2,0,27.5,50,0.17,0,105.4,20,50,0,0,10,0.95,5.49,105.4,0,578.52,0
2024-05-18T22:00:00.000Z,19/5/2024,03:30 AM,Sun,1,3,0,28.3,50,0.167,0,109.39,20,50,0,0,10,0.95,5.12,109.39,0,559.67,0
2024-05-18T23:00:00.000Z,19/5/2024,04:30 AM,Sun,1,4,0,29.3,50,0.163,0,129.3,20,50,0,0,10,0.95,6.37,129.3,0,823.33,0
2024-05-19T00:00:00.000Z,19/5/2024,05:30 AM,Sun,1,5,0,30.5,50,0.158,0,102.47,20,50,0,0,10,0.95,5.4,102.47,0,553.71,0
2024-05-19T01:00:00.000Z,19/5/2024,06:30 AM,Sun,1,6,0,31.8,50,0.153,0,261.81,20,50,0,0,10,0.95,9.7,261.81,0,2539.25,0
2024-05-19T02:00:00.000Z,19/5/2024,07:30 AM,Sun,1,7,265,33.1,50,0.148,1.96,228.47,20,50,0,0,10,0.95,8.67,226.51,0,1964.48,0
2024-05-19T03:00:00.000Z,19/5/2024,08:30 AM,Sun,1,8,460,34.3,50,0.143,3.28,246.08,20,50,0,0,10,0.95,9.9,242.8,0,2403.66,0
2024-05-19T04:00:00.000Z,19/5/2024,09:30 AM,Sun,1,9,726,35.3,50,0.139,5.04,212.52,20,50,0,0,10,0.95,9.7,207.48,0,2013.2,0
2024-05-19T05:00:00.000Z,19/5/2024,10:30 AM,Sun,1,10,893,36.1,50,0.136,6.05,38.09,20,50,0,0,10,0.95,9.42,32.04,0,301.7,0
2024-05-19T06:00:00.000Z,19/5/2024,11:30 AM,Sun,1,11,1162,36.6,50,0.134,7.76,42.03,20,50,0,0,10,0.95,5.69,34.27,0,194.82,0
2024-05-19T07:00:00.000Z,19/5/2024,12:30 PM,Sun,1,12,1013,36.8,50,0.133,6.73,37.68,20,50,0,0,10,0.95,6.9,30.95,0,213.66,0
2024-05-19T08:00:00.000Z,19/5/2024,01:30 PM,Sun,1,13,1104,36.6,50,0.134,7.37,43.51,20,50,0,0,10,0.95,5.88,36.14,0,212.53,0
2024-05-19T09:00:00.000Z,19/5/2024,02:30 PM,Sun,1,14,1048,36.1,50,0.136,7.11,41.07,20,50,0,0,10,0.95,6.5,33.96,0,220.88,0
2024-05-19T10:00:00.000Z,19/5/2024,03:30 PM,Sun,1,15,834,35.3,50,0.139,5.79,39.96,20,50,0,0,10,0.95,6.63,34.17,0,226.57,0
2024-05-19T11:00:00.000Z,19/5/2024,04:30 PM,Sun,1,16,548,34.3,50,0.143,3.91,42.72,20,50,0,0,10,0.95,5.16,38.81,0,200.33,0
2024-05-19T12:00:00.000Z,19/5/2024,05:30 PM,Sun,1,17,299,33.1,50,0.148,2.21,43.57,20,50,0,0,10,0.95,5.41,41.36,0,223.78,0
2024-05-19T13:00:00.000Z,19/5/2024,06:30 PM,Sun,1,18,0,31.8,50,0.153,0,298.93,20,50,0,0,10,0.95,8.42,298.93,0,2518.45,0
2024-05-19T14:00:00.000Z,19/5/2024,07:30 PM,Sun,1,19,0,30.5,50,0.158,0,278.69,20,50,0,0,10,0.95,8.15,278.69,0,2272.23,0
2024-05-19T15:00:00.000Z,19/5/2024,08:30 PM,Sun,1,20,0,29.3,50,0.163,0,296.72,20,50,0,0,10,0.95,9.32,296.72,0,2766.45,0
2024-05-19T16:00:00.000Z,19/5/2024,09:30 PM,Sun,1,21,0,28.3,50,0.167,0,270.11,20,50,0,0,10,0.95,9.29,270.11,0,2508.34,0
2024-05-19T17:00:00.000Z,19/5/2024,10:30 PM,Sun,1,22,0,27.5,50,0.17,0,314.95,20,50,0,0,10,0.95,9.53,314.95,0,3002.52,0
2024-05-19T18:00:00.000Z,19/5/2024,11:30 PM,Sun,1,23,0,27,50,0.172,0,359.17,20,50,0,0,10,0.95,5.15,359.17,0,1850.19,0
2024-05-19T19:00:00.000Z,20/5/2024,12:30 AM,Mon,0,0,0,26.7,50,0.173,0,93.12,20,50,0,0,10,0.95,5.56,93.12,0,517.94,0
2024-05-19T20:00:00.000Z,20/5/2024,01:30 AM,Mon,0,1,0,26.9,50,0.172,0,104.08,20,50,0,0,10,0.95,6.68,104.08,0,695.29,0
2024-05-19T21:00:00.000Z,20/5/2024,02:30 AM,Mon,0,2,0,27.4,50,0.17,0,89.63,20,50,0,0,10,0.95,5.98,89.63,0,535.96,0
2024-05-19T22:00:00.000Z,20/5/2024,03:30 AM,Mon,0,3,0,28.1,50,0.168,0,50.54,20,50,0,0,10,0.95,6.85,50.54,0,346.39,0
2024-05-19T23:00:00.000Z,20/5/2024,04:30 AM,Mon,0,4,0,29.2,50,0.163,0,88.36,20,50,0,0,10,0.95,6.76,88.36,0,597.73,0
2024-05-20T00:00:00.000Z,20/5/2024,05:30 AM,Mon,0,5,0,30.4,50,0.158,0,61.62,20,50,0,0,10,0.95,6.86,61.62,0,422.6,0
2024-05-20T01:00:00.000Z,20/5/2024,06:30 AM,Mon,0,6,0,31.7,50,0.153,0,241.66,20,50,0,0,10,0.95,9.34,241.66,0,2257.81,0
2024-05-20T02:00:00.000Z,20/5/2024,07:30 AM,Mon,0,7,259,33,50,0.148,1.92,170.78,20,50,0,0,10,0.95,8.35,168.86,0,1409.69,0
2024-05-20T03:00:00.000Z,20/5/2024,08:30 AM,Mon,0,8,544,34.2,50,0.143,3.9,196.24,20,50,0,0,10,0.95,8.97,192.34,0,1726.11,0
2024-05-20T04:00:00.000Z,20/5/2024,09:30 AM,Mon,0,9,667,35.2,50,0.139,4.64,191.88,20,50,0,0,10,0.95,8.36,187.24,0,1564.84,0
2024-05-20T05:00:00.000Z,20/5/2024,10:30 AM,Mon,0,10,978,36,50,0.136,6.65,34.81,20,50,0,0,10,0.95,8.1,28.16,0,228.06,0
2024-05-20T06:00:00.000Z,20/5/2024,11:30 AM,Mon,0,11,1074,36.5,50,0.134,7.2,35.72,20,50,0,0,10,0.95,6.47,28.52,0,184.57,0
2024-05-20T07:00:00.000Z,20/5/2024,12:30 PM,Mon,0,12,1188,36.7,50,0.133,7.91,34.92,20,50,0,0,10,0.95,5.7,27.01,0,154.03,0
2024-05-20T08:00:00.000Z,20/5/2024,01:30 PM,Mon,0,13,914,36.5,50,0.134,6.12,34.3,20,50,0,0,10,0.95,7,28.18,0,197.12,0
2024-05-20T09:00:00.000Z,20/5/2024,02:30 PM,Mon,0,14,993,36,50,0.136,6.75,34.45,20,50,0,0,10,0.95,5.08,27.7,0,140.69,0
2024-05-20T10:00:00.000Z,20/5/2024,03:30 PM,Mon,0,15,664,35.2,50,0.139,4.62,35.69,20,50,0,0,10,0.95,5.41,31.07,0,167.97,0
2024-05-20T11:00:00.000Z,20/5/2024,04:30 PM,Mon,0,16,581,34.2,50,0.143,4.16,40.79,20,50,0,0,10,0.95,5.7,36.63,0,208.8,0
2024-05-20T12:00:00.000Z,20/5/2024,05:30 PM,Mon,0,17,238,33,50,0.148,1.76,35.44,20,50,0,0,10,0.95,5.93,33.68,0,199.68,0
2024-05-20T13:00:00.000Z,20/5/2024,06:30 PM,Mon,0,18,0,31.7,50,0.153,0,274.86,20,50,0,0,10,0.95,9.94,274.86,0,2733.28,0
2024-05-20T14:00:00.000Z,20/5/2024,07:30 PM,Mon,0,19,0,30.4,50,0.158,0,231.92,20,50,0,0,10,0.95,9.33,231.92,0,2163.74,0
2024-05-20T15:00:00.000Z,20/5/2024,08:30 PM,Mon,0,20,0,29.2,50,0.163,0,258.78,20,50,0,0,10,0.95,9.08,258.78,0,2349.44,0
2024-05-20T16:00:00.000Z,20/5/2024,09:30 PM,Mon,0,21,0,28.1,50,0.168,0,242.26,20,50,0,0,10,0.95,8.45,242.26,0,2047.33,0
2024-05-20T17:00:00.000Z,20/5/2024,10:30 PM,Mon,0,22,0,27.4,50,0.17,0,263.32,20,50,0,0,10,0.95,8.35,263.32,0,2199.3,0
2024-05-20T18:00:00.000Z,20/5/2024,11:30 PM,Mon,0,23,0,26.9,50,0.172,0,276.62,20,50,0,0,10,0.95,6.6,276.62,0,1825.26,0
2024-05-20T19:00:00.000Z,21/5/2024,12:30 AM,Tue,0,0,0,26.6,50,0.174,0,91.08,20,50,0,0,10,0.95,5.89,91.08,0,536.18,0
2024-05-20T20:00:00.000Z,21/5/2024,01:30 AM,Tue,0,1,0,26.7,50,0.173,0,90.81,20,50,0,0,10,0.95,6.82,90.81,0,619.6,0
2024-05-20T21:00:00.000Z,21/5/2024,02:30 AM,Tue,0,2,0,27.2,50,0.171,0,93.54,20,50,0,0,10,0.95,5.35,93.54,0,500.47,0
2024-05-20T22:00:00.000Z,21/5/2024,03:30 AM,Tue,0,3,0,28,50,0.168,0,70.72,20,50,0,0,10,0.95,5.8,70.72,0,410.42,0
2024-05-20T23:00:00.000Z,21/5/2024,04:30 AM,Tue,0,4,0,29.1,50,0.164,0,90.39,20,50,0,0,10,0.95,6.16,90.39,0,556.48,0
2024-05-21T00:00:00.000Z,21/5/2024,05:30 AM,Tue,0,5,0,30.3,50,0.159,0,89.81,20,50,0,0,10,0.95,6.4,89.81,0,574.59,0
2024-05-21T01:00:00.000Z,21/5/2024,06:30 AM,Tue,0,6,0,31.6,50,0.154,0,221.93,20,50,0,0,10,0.95,8.7,221.93,0,1931.16,0
2024-05-21T02:00:00.000Z,21/5/2024,07:30 AM,Tue,0,7,304,32.8,50,0.149,2.26,164.82,20,50,0,0,10,0.95,8.56,162.56,0,1391.39,0
2024-05-21T03:00:00.000Z,21/5/2024,08:30 AM,Tue,0,8,554,34.1,50,0.144,3.98,174.57,20,50,0,0,10,0.95,8.1,170.59,0,1381.49,0
2024-05-21T04:00:00.000Z,21/5/2024,09:30 AM,Tue,0,9,853,35.1,50,0.14,5.95,173.28,20,50,0,0,10,0.95,8.88,167.33,0,1485.72,0
2024-05-21T05:00:00.000Z,21/5/2024,10:30 AM,Tue,0,10,989,35.9,50,0.136,6.74,36.4,20,50,0,0,10,0.95,8.79,29.66,0,260.72,0
2024-05-21T06:00:00.000Z,21/5/2024,11:30 AM,Tue,0,11,1022,36.4,50,0.134,6.87,37.11,20,50,0,0,10,0.95,5.39,30.24,0,163.15,0
2024-05-21T07:00:00.000Z,21/5/2024,12:30 PM,Tue,0,12,1191,36.6,50,0.134,7.96,36.2,20,50,0,0,10,0.95,5.98,28.24,0,169.03,0
2024-05-21T08:00:00.000Z,21/5/2024,01:30 PM,Tue,0,13,918,36.4,50,0.134,6.17,40.32,20,50,0,0,10,0.95,5.6,34.15,0,191.38,0
2024-05-21T09:00:00.000Z,21/5/2024,02:30 PM,Tue,0,14,895,35.9,50,0.136,6.1,38.07,20,50,0,0,10,0.95,5.18,31.97,0,165.51,0
2024-05-21T10:00:00.000Z,21/5/2024,03:30 PM,Tue,0,15,783,35.1,50,0.14,5.47,32.49,20,50,0,0,10,0.95,5.53,27.02,0,149.58,0
2024-05-21T11:00:00.000Z,21/5/2024,04:30 PM,Tue,0,16,498,34.1,50,0.144,3.58,38.34,20,50,0,0,10,0.95,5.75,34.76,0,200.03,0
2024-05-21T12:00:00.000Z,21/5/2024,05:30 PM,Tue,0,17,256,32.8,50,0.149,1.9,36.45,20,50,0,0,10,0.95,6.17,34.55,0,213.32,0
2024-05-21T13:00:00.000Z,21/5/2024,06:30 PM,Tue,0,18,0,31.6,50,0.154,0,257.42,20,50,0,0,10,0.95,8.74,257.42,0,2248.88,0
2024-05-21T14:00:00.000Z,21/5/2024,07:30 PM,Tue,0,19,0,30.3,50,0.159,0,228.09,20,50,0,0,10,0.95,8.55,228.09,0,1949.28,0
2024-05-21T15:00:00.000Z,21/5/2024,08:30 PM,Tue,0,20,0,29.1,50,0.164,0,251.8,20,50,0,0,10,0.95,8.12,251.8,0,2045.16,0
2024-05-21T16:00:00.000Z,21/5/2024,09:30 PM,Tue,0,21,0,28,50,0.168,0,217.6,20,50,0,0,10,0.95,8.99,217.6,0,1955.59,0
2024-05-21T17:00:00.000Z,21/5/2024,10:30 PM,Tue,0,22,0,27.2,50,0.171,0,255.61,20,50,0,0,10,0.95,8.38,255.61,0,2141.38,0
2024-05-21T18:00:00.000Z,21/5/2024,11:30 PM,Tue,0,23,0,26.7,50,0.173,0,300.08,20,50,0,0,10,0.95,6.8,300.08,0,2039.48,0
2024-05-21T19:00:00.000Z,22/5/2024,12:30 AM,Wed,0,0,0,26.4,50,0.174,0,96.74,20,50,0,0,10,0.95,5.63,96.74,0,545.02,0
2024-05-21T20:00:00.000Z,22/5/2024,01:30 AM,Wed,0,1,0,26.6,50,0.174,0,65.6,20,50,0,0,10,0.95,5.78,65.6,0,379.29,0
2024-05-21T21:00:00.000Z,22/5/2024,02:30 AM,Wed,0,2,0,27.1,50,0.172,0,111.71,20,50,0,0,10,0.95,5.72,111.71,0,639.52,0
2024-05-21T22:00:00.000Z,22/5/2024,03:30 AM,Wed,0,3,0,27.9,50,0.168,0,72.64,20,50,0,0,10,0.95,6.17,72.64,0,448.37,0
2024-05-21T23:00:00.000Z,22/5/2024,04:30 AM,Wed,0,4,0,28.9,50,0.164,0,69.86,20,50,0,0,10,0.95,5.02,69.86,0,350.53,0
2024-05-22T00:00:00.000Z,22/5/2024,05:30 AM,Wed,0,5,0,30.1,50,0.16,0,88.4,20,50,0,0,10,0.95,6.36,88.4,0,562.41,0
2024-05-22T01:00:00.000Z,22/5/2024,06:30 AM,Wed,0,6,0,31.4,50,0.154,0,274.54,20,50,0,0,10,0.95,9.46,274.54,0,2598.02,0
2024-05-22T02:00:00.000Z,22/5/2024,07:30 AM,Wed,0,7,240,32.7,50,0.149,1.79,167.16,20,50,0,0,10,0.95,8.16,165.37,0,1349.27,0
2024-05-22T03:00:00.000Z,22/5/2024,08:30 AM,Wed,0,8,522,33.9,50,0.144,3.77,165.09,20,50,0,0,10,0.95,9.67,161.32,0,1560.55,0
2024-05-22T04:00:00.000Z,22/5/2024,09:30 AM,Wed,0,9,641,35,50,0.14,4.49,162.97,20,50,0,0,10,0.95,9.78,158.48,0,1550,0
2024-05-22T05:00:00.000Z,22/5/2024,10:30 AM,Wed,0,10,911,35.8,50,0.137,6.23,33.6,20,50,0,0,10,0.95,9.43,27.37,0,258.22,0
2024-05-22T06:00:00.000Z,22/5/2024,11:30 AM,Wed,0,11,1026,36.3,50,0.135,6.92,29.07,20,50,0,0,10,0.95,6.31,22.15,0,139.7,0
2024-05-22T07:00:00.000Z,22/5/2024,12:30 PM,Wed,0,12,901,36.4,50,0.134,6.05,34.58,20,50,0,0,10,0.95,6.75,28.53,0,192.44,0
2024-05-22T08:00:00.000Z,22/5/2024,01:30 PM,Wed,0,13,1168,36.3,50,0.135,7.87,41.85,20,50,0,0,10,0.95,6.07,33.98,0,206.25,0
2024-05-22T09:00:00.000Z,22/5/2024,02:30 PM,Wed,0,14,898,35.8,50,0.137,6.14,35.06,20,50,0,0,10,0.95,6.34,28.92,0,183.34,0
2024-05-22T10:00:00.000Z,22/5/2024,03:30 PM,Wed,0,15,796,35,50,0.14,5.57,32.44,20,50,0,0,10,0.95,6.79,26.87,0,182.35,0
2024-05-22T11:00:00.000Z,22/5/2024,04:30 PM,Wed,0,16,599,33.9,50,0.144,4.32,36.46,20,50,0,0,10,0.95,5.65,32.14,0,181.7,0
2024-05-22T12:00:00.000Z,22/5/2024,05:30 PM,Wed,0,17,251,32.7,50,0.149,1.87,32.14,20,50,0,0,10,0.95,6.88,30.27,0,208.22,0
2024-05-22T13:00:00.000Z,22/5/2024,06:30 PM,Wed,0,18,0,31.4,50,0.154,0,250.93,20,50,0,0,10,0.95,9.82,250.93,0,2463.81,0
2024-05-22T14:00:00.000Z,22/5/2024,07:30 PM,Wed,0,19,0,30.1,50,0.16,0,213.34,20,50,0,0,10,0.95,8.93,213.34,0,1905.65,0
2024-05-22T15:00:00.000Z,22/5/2024,08:30 PM,Wed,0,20,0,28.9,50,0.164,0,246.3,20,50,0,0,10,0.95,9.25,246.3,0,2278.13,0
2024-05-22T16:00:00.000Z,22/5/2024,09:30 PM,Wed,0,21,0,27.9,50,0.168,0,254.97,20,50,0,0,10,0.95,9.68,254.97,0,2468.66,0
2024-05-22T17:00:00.000Z,22/5/2024,10:30 PM,Wed,0,22,0,27.1,50,0.172,0,299.58,20,50,0,0,10,0.95,8.81,299.58,0,2637.99,0
2024-05-22T18:00:00.000Z,22/5/2024,11:30 PM,Wed,0,23,0,26.6,50,0.174,0,294.87,20,50,0,0,10,0.95,5.3,294.87,0,1562.3,0
2024-05-22T19:00:00.000Z,23/5/2024,12:30 AM,Thu,0,0,0,26.3,50,0.175,0,119.94,20,50,0,0,10,0.95,6.36,119.94,0,763.27,0
2024-05-22T20:00:00.000Z,23/5/2024,01:30 AM,Thu,0,1,0,26.5,50,0.174,0,94.96,20,50,0,0,10,0.95,6.05,94.96,0,574.2,0
2024-05-22T21:00:00.000Z,23/5/2024,02:30 AM,Thu,0,2,0,27,50,0.172,0,88.42,20,50,0,0,10,0.95,5.92,88.42,0,523.1,0
2024-05-22T22:00:00.000Z,23/5/2024,03:30 AM,Thu,0,3,0,27.8,50,0.169,0,84.36,20,50,0,0,10,0.95,6.59,84.36,0,556.18,0
2024-05-22T23:00:00.000Z,23/5/2024,04:30 AM,Thu,0,4,0,28.8,50,0.165,0,106.75,20,50,0,0,10,0.95,5.42,106.75,0,578.06,0
2024-05-23T00:00:00.000Z,23/5/2024,05:30 AM,Thu,0,5,0,30,50,0.16,0,50.11,20,50,0,0,10,0.95,7,50.11,0,350.63,0
2024-05-23T01:00:00.000Z,23/5/2024,06:30 AM,Thu,0,6,0,31.3,50,0.155,0,211.63,20,50,0,0,10,0.95,9.06,211.63,0,1916.98,0
2024-05-23T02:00:00.000Z,23/5/2024,07:30 AM,Thu,0,7,299,32.6,50,0.15,2.24,169.25,20,50,0,0,10,0.95,8.89,167.01,0,1485.22,0
2024-05-23T03:00:00.000Z,23/5/2024,08:30 AM,Thu,0,8,474,33.8,50,0.145,3.43,196.44,20,50,0,0,10,0.95,9.97,193.01,0,1923.39,0
2024-05-23T04:00:00.000Z,23/5/2024,09:30 AM,Thu,0,9,663,34.8,50,0.141,4.67,166.38,20,50,0,0,10,0.95,8.54,161.71,0,1380.22,0
2024-05-23T05:00:00.000Z,23/5/2024,10:30 AM,Thu,0,10,836,35.6,50,0.138,5.75,35.31,20,50,0,0,10,0.95,8.91,29.56,0,263.49,0
2024-05-23T06:00:00.000Z,23/5/2024,11:30 AM,Thu,0,11,1146,36.1,50,0.136,7.77,32.77,20,50,0,0,10,0.95,6.65,25,0,166.19,0
2024-05-23T07:00:00.000Z,23/5/2024,12:30 PM,Thu,0,12,1182,36.3,50,0.135,7.97,36.79,20,50,0,0,10,0.95,6.99,28.82,0,201.56,0
2024-05-23T08:00:00.000Z,23/5/2024,01:30 PM,Thu,0,13,1073,36.1,50,0.136,7.27,34.57,20,50,0,0,10,0.95,5.7,27.3,0,155.51,0
2024-05-23T09:00:00.000Z,23/5/2024,02:30 PM,Thu,0,14,971,35.6,50,0.138,6.68,31.74,20,50,0,0,10,0.95,6.72,25.06,0,168.51,0
2024-05-23T10:00:00.000Z,23/5/2024,03:30 PM,Thu,0,15,688,34.8,50,0.141,4.84,33.15,20,50,0,0,10,0.95,6.81,28.31,0,192.78,0
2024-05-23T11:00:00.000Z,23/5/2024,04:30 PM,Thu,0,16,476,33.8,50,0.145,3.45,34.1,20,50,0,0,10,0.95,5.59,30.65,0,171.49,0
2024-05-23T12:00:00.000Z,23/5/2024,05:30 PM,Thu,0,17,246,32.6,50,0.15,1.84,33.26,20,50,0,0,10,0.95,5.01,31.42,0,157.4,0
2024-05-23T13:00:00.000Z,23/5/2024,06:30 PM,Thu,0,18,0,31.3,50,0.155,0,251.85,20,50,0,0,10,0.95,8.5,251.85,0,2141.46,0
2024-05-23T14:00:00.000Z,23/5/2024,07:30 PM,Thu,0,19,0,30,50,0.16,0,244.76,20,50,0,0,10,0.95,9.39,244.76,0,2297.79,0
2024-05-23T15:00:00.000Z,23/5/2024,08:30 PM,Thu,0,20,0,28.8,50,0.165,0,248.39,20,50,0,0,10,0.95,8.08,248.39,0,2006.58,0
2024-05-23T16:00:00.000Z,23/5/2024,09:30 PM,Thu,0,21,0,27.8,50,0.169,0,242.87,20,50,0,0,10,0.95,9.42,242.87,0,2286.68,0
2024-05-23T17:00:00.000Z,23/5/2024,10:30 PM,Thu,0,22,0,27,50,0.172,0,311.54,20,50,0,0,10,0.95,8.07,311.54,0,2513.49,0
2024-05-23T18:00:00.000Z,23/5/2024,11:30 PM,Thu,0,23,0,26.5,50,0.174,0,284.71,20,50,0,0,10,0.95,6.85,284.71,0,1949.84,0
2024-05-23T19:00:00.000Z,24/5/2024,12:30 AM,Fri,0,0,0,26.2,50,0.175,0,78.2,20,50,0,0,10,0.95,6.75,78.2,0,527.77,0
2024-05-23T20:00:00.000Z,24/5/2024,01:30 AM,Fri,0,1,0,26.3,50,0.175,0,86.16,20,50,0,0,10,0.95,5.64,86.16,0,485.78,0
2024-05-23T21:00:00.000Z,24/5/2024,02:30 AM,Fri,0,2,0,26.8,50,0.173,0,87.39,20,50,0,0,10,0.95,5.54,87.39,0,484.23,0
2024-05-23T22:00:00.000Z,24/5/2024,03:30 AM,Fri,0,3,0,27.6,50,0.17,0,88.55,20,50,0,0,10,0.95,5.78,88.55,0,511.73,0
2024-05-23T23:00:00.000Z,24/5/2024,04:30 AM,Fri,0,4,0,28.7,50,0.165,0,94.02,20,50,0,0,10,0.95,5.54,94.02,0,520.82,0
2024-05-24T00:00:00.000Z,24/5/2024,05:30 AM,Fri,0,5,0,29.9,50,0.16,0,68.88,20,50,0,0,10,0.95,5.99,68.88,0,412.91,0
2024-05-24T01:00:00.000Z,24/5/2024,06:30 AM,Fri,0,6,0,31.2,50,0.155,0,218.73,20,50,0,0,10,0.95,9.89,218.73,0,2163.54,0
2024-05-24T02:00:00.000Z,24/5/2024,07:30 AM,Fri,0,7,248,32.4,50,0.15,1.86,156.09,20,50,0,0,10,0.95,8.89,154.23,0,1371.31,0
2024-05-24T03:00:00.000Z,24/5/2024,08:30 AM,Fri,0,8,571,33.7,50,0.145,4.15,177.86,20,50,0,0,10,0.95,8.89,173.71,0,1544.68,0
2024-05-24T04:00:00.000Z,24/5/2024,09:30 AM,Fri,0,9,722,34.7,50,0.141,5.1,166.43,20,50,0,0,10,0.95,9.77,161.33,0,1575.65,0
2024-05-24T05:00:00.000Z,24/5/2024,10:30 AM,Fri,0,10,984,35.5,50,0.138,6.79,34.26,20,50,0,0,10,0.95,8.87,27.47,0,243.64,0
2024-05-24T06:00:00.000Z,24/5/2024,11:30 AM,Fri,0,11,889,36,50,0.136,6.05,33.46,20,50,0,0,10,0.95,6.34,27.41,0,173.75,0
2024-05-24T07:00:00.000Z,24/5/2024,12:30 PM,Fri,0,12,1033,36.2,50,0.135,6.98,34.24,20,50,0,0,10,0.95,6.21,27.26,0,169.32,0
2024-05-24T08:00:00.000Z,24/5/2024,01:30 PM,Fri,0,13,1059,36,50,0.136,7.2,36.73,20,50,0,0,10,0.95,6.42,29.53,0,189.48,0
2024-05-24T09:00:00.000Z,24/5/2024,02:30 PM,Fri,0,14,1008,35.5,50,0.138,6.96,36.7,20,50,0,0,10,0.95,6.65,29.74,0,197.66,0
2024-05-24T10:00:00.000Z,24/5/2024,03:30 PM,Fri,0,15,632,34.7,50,0.141,4.46,35.09,20,50,0,0,10,0.95,6.19,30.63,0,189.62,0
2024-05-24T11:00:00.000Z,24/5/2024,04:30 PM,Fri,0,16,583,33.7,50,0.145,4.23,38.52,20,50,0,0,10,0.95,5.11,34.29,0,175.1,0
2024-05-24T12:00:00.000Z,24/5/2024,05:30 PM,Fri,0,17,247,32.4,50,0.15,1.86,33.45,20,50,0,0,10,0.95,6.03,31.59,0,190.5,0
2024-05-24T13:00:00.000Z,24/5/2024,06:30 PM,Fri,0,18,0,31.2,50,0.155,0,208.03,20,50,0,0,10,0.95,9.81,208.03,0,2040.92,0
2024-05-24T14:00:00.000Z,24/5/2024,07:30 PM,Fri,0,19,0,29.9,50,0.16,0,245.03,20,50,0,0,10,0.95,8.44,245.03,0,2067.76,0
2024-05-24T15:00:00.000Z,24/5/2024,08:30 PM,Fri,0,20,0,28.7,50,0.165,0,237.31,20,50,0,0,10,0.95,9.01,237.31,0,2137.27,0
2024-05-24T16:00:00.000Z,24/5/2024,09:30 PM,Fri,0,21,0,27.6,50,0.17,0,273.72,20,50,0,0,10,0.95,9.62,273.72,0,2633.63,0
2024-05-24T17:00:00.000Z,24/5/2024,10:30 PM,Fri,0,22,0,26.8,50,0.173,0,274.72,20,50,0,0,10,0.95,8.84,274.72,0,2428.15,0
2024-05-24T18:00:00.000Z,24/5/2024,11:30 PM,Fri,0,23,0,26.3,50,0.175,0,320.43,20,50,0,0,10,0.95,5.16,320.43,0,1652.65,0
2024-05-24T19:00:00.000Z,25/5/2024,12:30 AM,Sat,1,0,0,26,50,0.176,0,92.25,20,50,0,0,10,0.95,5.01,92.25,0,461.81,0
2024-05-24T20:00:00.000Z,25/5/2024,01:30 AM,Sat,1,1,0,26.2,50,0.175,0,94.66,20,50,0,0,10,0.95,6.05,94.66,0,572.57,0
2024-05-24T21:00:00.000Z,25/5/2024,02:30 AM,Sat,1,2,0,26.7,50,0.173,0,108.59,20,50,0,0,10,0.95,5.31,108.59,0,576.47,0
2024-05-24T22:00:00.000Z,25/5/2024,03:30 AM,Sat,1,3,0,27.5,50,0.17,0,82.28,20,50,0,0,10,0.95,6.55,82.28,0,539.15,0
2024-05-24T23:00:00.000Z,25/5/2024,04:30 AM,Sat,1,4,0,28.5,50,0.166,0,95.05,20,50,0,0,10,0.95,5.19,95.05,0,493.15,0
2024-05-25T00:00:00.000Z,25/5/2024,05:30 AM,Sat,1,5,0,29.7,50,0.161,0,110.75,20,50,0,0,10,0.95,6.1,110.75,0,675.88,0
2024-05-25T01:00:00.000Z,25/5/2024,06:30 AM,Sat,1,6,0,31,50,0.156,0,231.04,20,50,0,0,10,0.95,9.08,231.04,0,2098.2,0
2024-05-25T02:00:00.000Z,25/5/2024,07:30 AM,Sat,1,7,257,32.3,50,0.151,1.94,224.26,20,50,0,0,10,0.95,8.5,222.32,0,1890.7,0
2024-05-25T03:00:00.000Z,25/5/2024,08:30 AM,Sat,1,8,463,33.5,50,0.146,3.38,193.56,20,50,0,0,10,0.95,9.38,190.18,0,1784.82,0
2024-05-25T04:00:00.000Z,25/5/2024,09:30 AM,Sat,1,9,739,34.6,50,0.142,5.23,194.15,20,50,0,0,10,0.95,9.1,188.92,0,1718.66,0
2024-05-25T05:00:00.000Z,25/5/2024,10:30 AM,Sat,1,10,916,35.3,50,0.139,6.36,46.15,20,50,0,0,10,0.95,9.68,39.79,0,385.35,0
2024-05-25T06:00:00.000Z,25/5/2024,11:30 AM,Sat,1,11,1073,35.8,50,0.137,7.34,46.7,20,50,0,0,10,0.95,5.73,39.36,0,225.44,0
2024-05-25T07:00:00.000Z,25/5/2024,12:30 PM,Sat,1,12,1033,36,50,0.136,7.02,39.03,20,50,0,0,10,0.95,6.76,32.01,0,216.22,0
2024-05-25T08:00:00.000Z,25/5/2024,01:30 PM,Sat,1,13,974,35.8,50,0.137,6.66,41.87,20,50,0,0,10,0.95,6.62,35.21,0,233.14,0
2024-05-25T09:00:00.000Z,25/5/2024,02:30 PM,Sat,1,14,922,35.3,50,0.139,6.4,38.36,20,50,0,0,10,0.95,5.57,31.96,0,177.88,0
2024-05-25T10:00:00.000Z,25/5/2024,03:30 PM,Sat,1,15,742,34.6,50,0.142,5.25,37.99,20,50,0,0,10,0.95,6.94,32.74,0,227.27,0
2024-05-25T11:00:00.000Z,25/5/2024,04:30 PM,Sat,1,16,595,33.5,50,0.146,4.34,41.42,20,50,0,0,10,0.95,5.07,37.08,0,187.98,0
2024-05-25T12:00:00.000Z,25/5/2024,05:30 PM,Sat,1,17,253,32.3,50,0.151,1.91,38.51,20,50,0,0,10,0.95,5.34,36.6,0,195.47,0
2024-05-25T13:00:00.000Z,25/5/2024,06:30 PM,Sat,1,18,0,31,50,0.156,0,293.54,20,50,0,0,10,0.95,8.03,293.54,0,2356.08,0
2024-05-25T14:00:00.000Z,25/5/2024,07:30 PM,Sat,1,19,0,29.7,50,0.161,0,291.1,20,50,0,0,10,0.95,9.88,291.1,0,2876.98,0
2024-05-25T15:00:00.000Z,25/5/2024,08:30 PM,Sat,1,20,0,28.5,50,0.166,0,270.57,20,50,0,0,10,0.95,9,270.57,0,2434.5,0
2024-05-25T16:00:00.000Z,25/5/2024,09:30 PM,Sat,1,21,0,27.5,50,0.17,0,295.12,20,50,0,0,10,0.95,8.62,295.12,0,2542.7,0
2024-05-25T17:00:00.000Z,25/5/2024,10:30 PM,Sat,1,22,0,26.7,50,0.173,0,322.18,20,50,0,0,10,0.95,8.35,322.18,0,2689.9,0
2024-05-25T18:00:00.000Z,25/5/2024,11:30 PM,Sat,1,23,0,26.2,50,0.175,0,358.53,20,50,0,0,10,0.95,5.34,358.53,0,1915.55,0
2024-05-25T19:00:00.000Z,26/5/2024,12:30 AM,Sun,1,0,0,25.9,50,0.176,0,86.26,20,50,0,0,10,0.95,5.84,86.26,0,503.59,0
2024-05-25T20:00:00.000Z,26/5/2024,01:30 AM,Sun,1,1,0,26,50,0.176,0,102.85,20,50,0,0,10,0.95,5.76,102.85,0,592.92,0
2024-05-25T21:00:00.000Z,26/5/2024,02:30 AM,Sun,1,2,0,26.5,50,0.174,0,70.79,20,50,0,0,10,0.95,6.93,70.79,0,490.75,0
2024-05-25T22:00:00.000Z,26/5/2024,03:30 AM,Sun,1,3,0,27.3,50,0.171,0,79.17,20,50,0,0,10,0.95,5.19,79.17,0,410.52,0
2024-05-25T23:00:00.000Z,26/5/2024,04:30 AM,Sun,1,4,0,28.4,50,0.166,0,132.07,20,50,0,0,10,0.95,6.72,132.07,0,887.58,0
2024-05-26T00:00:00.000Z,26/5/2024,05:30 AM,Sun,1,5,0,29.6,50,0.162,0,125.54,20,50,0,0,10,0.95,6.82,125.54,0,856.48,0
2024-05-26T01:00:00.000Z,26/5/2024,06:30 AM,Sun,1,6,0,30.9,50,0.156,0,258.35,20,50,0,0,10,0.95,9.81,258.35,0,2533.48,0
2024-05-26T02:00:00.000Z,26/5/2024,07:30 AM,Sun,1,7,244,32.2,50,0.151,1.84,188.24,20,50,0,0,10,0.95,8.01,186.4,0,1493.61,0
2024-05-26T03:00:00.000Z,26/5/2024,08:30 AM,Sun,1,8,593,33.4,50,0.146,4.34,218.44,20,50,0,0,10,0.95,8.05,214.1,0,1723.86,0
2024-05-26T04:00:00.000Z,26/5/2024,09:30 AM,Sun,1,9,663,34.4,50,0.142,4.72,243.19,20,50,0,0,10,0.95,8.23,238.47,0,1961.53,0
2024-05-26T05:00:00.000Z,26/5/2024,10:30 AM,Sun,1,10,1019,35.2,50,0.139,7.09,40.16,20,50,0,0,10,0.95,9.89,33.07,0,327,0
2024-05-26T06:00:00.000Z,26/5/2024,11:30 AM,Sun,1,11,1101,35.7,50,0.137,7.55,45.27,20,50,0,0,10,0.95,5.7,37.72,0,215,0
2024-05-26T07:00:00.000Z,26/5/2024,12:30 PM,Sun,1,12,948,35.9,50,0.136,6.47,41.66,20,50,0,0,10,0.95,5.52,35.19,0,194.3,0
2024-05-26T08:00:00.000Z,26/5/2024,01:30 PM,Sun,1,13,1035,35.7,50,0.137,7.1,43.41,20,50,0,0,10,0.95,5.58,36.31,0,202.54,0
2024-05-26T09:00:00.000Z,26/5/2024,02:30 PM,Sun,1,14,980,35.2,50,0.139,6.82,40.79,20,50,0,0,10,0.95,5.21,33.97,0,177.11,0
2024-05-26T10:00:00.000Z,26/5/2024,03:30 PM,Sun,1,15,658,34.4,50,0.142,4.68,41.52,20,50,0,0,10,0.95,6.81,36.84,0,250.81,0
2024-05-26T11:00:00.000Z,26/5/2024,04:30 PM,Sun,1,16,587,33.4,50,0.146,4.3,46.85,20,50,0,0,10,0.95,5.6,42.55,0,238.25,0
2024-05-26T12:00:00.000Z,26/5/2024,05:30 PM,Sun,1,17,307,32.2,50,0.151,2.32,42.23,20,50,0,0,10,0.95,5.13,39.91,0,204.89,0
2024-05-26T13:00:00.000Z,26/5/2024,06:30 PM,Sun,1,18,0,30.9,50,0.156,0,284.77,20,50,0,0,10,0.95,9.52,284.77,0,2710.46,0
2024-05-26T14:00:00.000Z,26/5/2024,07:30 PM,Sun,1,19,0,29.6,50,0.162,0,336.22,20,50,0,0,10,0.95,9.21,336.22,0,3095.48,0
2024-05-26T15:00:00.000Z,26/5/2024,08:30 PM,Sun,1,20,0,28.4,50,0.166,0,313.37,20,50,0,0,10,0.95,9.45,313.37,0,2960.98,0
2024-05-26T16:00:00.000Z,26/5/2024,09:30 PM,Sun,1,21,0,27.3,50,0.171,0,279.01,20,50,0,0,10,0.95,9.73,279.01,0,2714,0
2024-05-26T17:00:00.000Z,26/5/2024,10:30 PM,Sun,1,22,0,26.5,50,0.174,0,341.38,20,50,0,0,10,0.95,8.02,341.38,0,2737.12,0
2024-05-26T18:00:00.000Z,26/5/2024,11:30 PM,Sun,1,23,0,26,50,0.176,0,277.68,20,50,0,0,10,0.95,5.98,277.68,0,1661.61,0
2024-05-26T19:00:00.000Z,27/5/2024,12:30 AM,Mon,0,0,0,25.7,50,0.177,0,85.4,20,50,0,0,10,0.95,5.58,85.4,0,476.62,0
2024-05-26T20:00:00.000Z,27/5/2024,01:30 AM,Mon,0,1,0,25.9,50,0.176,0,83.38,20,50,0,0,10,0.95,6.15,83.38,0,512.81,0
2024-05-26T21:00:00.000Z,27/5/2024,02:30 AM,Mon,0,2,0,26.4,50,0.174,0,77.69,20,50,0,0,10,0.95,6.08,77.69,0,472.59,0
2024-05-26T22:00:00.000Z,27/5/2024,03:30 AM,Mon,0,3,0,27.2,50,0.171,0,84.11,20,50,0,0,10,0.95,6.8,84.11,0,572.1,0
2024-05-26T23:00:00.000Z,27/5/2024,04:30 AM,Mon,0,4,0,28.2,50,0.167,0,124.99,20,50,0,0,10,0.95,5.71,124.99,0,713.36,0
2024-05-27T00:00:00.000Z,27/5/2024,05:30 AM,Mon,0,5,0,29.4,50,0.162,0,95.35,20,50,0,0,10,0.95,5.67,95.35,0,540.49,0
2024-05-27T01:00:00.000Z,27/5/2024,06:30 AM,Mon,0,6,0,30.7,50,0.157,0,226.34,20,50,0,0,10,0.95,9.63,226.34,0,2180.6,0
2024-05-27T02:00:00.000Z,27/5/2024,07:30 AM,Mon,0,7,242,32,50,0.152,1.84,195.13,20,50,0,0,10,0.95,9.28,193.29,0,1793.57,0
2024-05-27T03:00:00.000Z,27/5/2024,08:30 AM,Mon,0,8,586,33.2,50,0.147,4.31,179.95,20,50,0,0,10,0.95,9.5,175.64,0,1668.87,0
2024-05-27T04:00:00.000Z,27/5/2024,09:30 AM,Mon,0,9,793,34.3,50,0.143,5.66,177.6,20,50,0,0,10,0.95,8.89,171.94,0,1528.44,0
2024-05-27T05:00:00.000Z,27/5/2024,10:30 AM,Mon,0,10,1009,35.1,50,0.14,7.04,37.34,20,50,0,0,10,0.95,8.28,30.3,0,250.78,0
2024-05-27T06:00:00.000Z,27/5/2024,11:30 AM,Mon,0,11,1131,35.6,50,0.138,7.78,28.79,20,50,0,0,10,0.95,5.98,21.01,0,125.63,0
2024-05-27T07:00:00.000Z,27/5/2024,12:30 PM,Mon,0,12,1100,35.7,50,0.137,7.55,42.48,20,50,0,0,10,0.95,5.76,34.93,0,201.09,0
2024-05-27T08:00:00.000Z,27/5/2024,01:30 PM,Mon,0,13,980,35.6,50,0.138,6.74,37.16,20,50,0,0,10,0.95,5.45,30.42,0,165.75,0
2024-05-27T09:00:00.000Z,27/5/2024,02:30 PM,Mon,0,14,877,35.1,50,0.14,6.12,31.86,20,50,0,0,10,0.95,6.09,25.74,0,156.68,0
2024-05-27T10:00:00.000Z,27/5/2024,03:30 PM,Mon,0,15,715,34.3,50,0.143,5.11,31.49,20,50,0,0,10,0.95,6.46,26.38,0,170.55,0
2024-05-27T11:00:00.000Z,27/5/2024,04:30 PM,Mon,0,16,460,33.2,50,0.147,3.39,37.13,20,50,0,0,10,0.95,6.28,33.74,0,211.85,0
2024-05-27T12:00:00.000Z,27/5/2024,05:30 PM,Mon,0,17,287,32,50,0.152,2.18,36.87,20,50,0,0,10,0.95,6.8,34.69,0,236.04,0
2024-05-27T13:00:00.000Z,27/5/2024,06:30 PM,Mon,0,18,0,30.7,50,0.157,0,278.21,20,50,0,0,10,0.95,9.03,278.21,0,2511.46,0
2024-05-27T14:00:00.000Z,27/5/2024,07:30 PM,Mon,0,19,0,29.4,50,0.162,0,243.9,20,50,0,0,10,0.95,9.2,243.9,0,2244.32,0
2024-05-27T15:00:00.000Z,27/5/2024,08:30 PM,Mon,0,20,0,28.2,50,0.167,0,232.18,20,50,0,0,10,0.95,8.38,232.18,0,1946.01,0
2024-05-27T16:00:00.000Z,27/5/2024,09:30 PM,Mon,0,21,0,27.2,50,0.171,0,240.18,20,50,0,0,10,0.95,9.73,240.18,0,2336.17,0
2024-05-27T17:00:00.000Z,27/5/2024,10:30 PM,Mon,0,22,0,26.4,50,0.174,0,328.73,20,50,0,0,10,0.95,9.89,328.73,0,3250.04,0
2024-05-27T18:00:00.000Z,27/5/2024,11:30 PM,Mon,0,23,0,25.9,50,0.176,0,294.1,20,50,0,0,10,0.95,6.43,294.1,0,1891.95,0
2024-05-27T19:00:00.000Z,28/5/2024,12:30 AM,Tue,0,0,0,25.6,50,0.178,0,102.84,20,50,0,0,10,0.95,5.79,102.84,0,594.93,0
2024-05-27T20:00:00.000Z,28/5/2024,01:30 AM,Tue,0,1,0,25.8,50,0.177,0,110.93,20,50,0,0,10,0.95,5.7,110.93,0,632.65,0
2024-05-27T21:00:00.000Z,28/5/2024,02:30 AM,Tue,0,2,0,26.3,50,0.175,0,64.99,20,50,0,0,10,0.95,5.84,64.99,0,379.84,0
2024-05-27T22:00:00.000Z,28/5/2024,03:30 AM,Tue,0,3,0,27.1,50,0.172,0,56.98,20,50,0,0,10,0.95,5.85,56.98,0,333.3,0
2024-05-27T23:00:00.000Z,28/5/2024,04:30 AM,Tue,0,4,0,28.1,50,0.168,0,98.12,20,50,0,0,10,0.95,6.65,98.12,0,652.49,0
2024-05-28T00:00:00.000Z,28/5/2024,05:30 AM,Tue,0,5,0,29.3,50,0.163,0,84.39,20,50,0,0,10,0.95,6.02,84.39,0,508.05,0
2024-05-28T01:00:00.000Z,28/5/2024,06:30 AM,Tue,0,6,0,30.6,50,0.158,0,206.64,20,50,0,0,10,0.95,8.45,206.64,0,1746.16,0
2024-05-28T02:00:00.000Z,28/5/2024,07:30 AM,Tue,0,7,232,31.9,50,0.152,1.77,157.37,20,50,0,0,10,0.95,9.65,155.6,0,1501.21,0
2024-05-28T03:00:00.000Z,28/5/2024,08:30 AM,Tue,0,8,528,33.1,50,0.148,3.9,154.36,20,50,0,0,10,0.95,8.82,150.46,0,1327.63,0
2024-05-28T04:00:00.000Z,28/5/2024,09:30 AM,Tue,0,9,626,34.1,50,0.144,4.49,194.72,20,50,0,0,10,0.95,8.37,190.23,0,1593,0
2024-05-28T05:00:00.000Z,28/5/2024,10:30 AM,Tue,0,10,971,34.9,50,0.14,6.82,37.95,20,50,0,0,10,0.95,9.21,31.13,0,286.68,0
2024-05-28T06:00:00.000Z,28/5/2024,11:30 AM,Tue,0,11,1040,35.4,50,0.138,7.2,38.26,20,50,0,0,10,0.95,6.6,31.06,0,205.09,0
2024-05-28T07:00:00.000Z,28/5/2024,12:30 PM,Tue,0,12,1099,35.6,50,0.138,7.56,35.14,20,50,0,0,10,0.95,5.25,27.58,0,144.69,0
2024-05-28T08:00:00.000Z,28/5/2024,01:30 PM,Tue,0,13,990,35.4,50,0.138,6.85,35.91,20,50,0,0,10,0.95,6.83,29.06,0,198.53,0
2024-05-28T09:00:00.000Z,28/5/2024,02:30 PM,Tue,0,14,863,34.9,50,0.14,6.06,39.57,20,50,0,0,10,0.95,6.43,33.51,0,215.61,0
2024-05-28T10:00:00.000Z,28/5/2024,03:30 PM,Tue,0,15,766,34.1,50,0.144,5.5,34.89,20,50,0,0,10,0.95,6.64,29.39,0,195.18,0
2024-05-28T11:00:00.000Z,28/5/2024,04:30 PM,Tue,0,16,565,33.1,50,0.148,4.17,34.31,20,50,0,0,10,0.95,6.83,30.14,0,205.77,0
2024-05-28T12:00:00.000Z,28/5/2024,05:30 PM,Tue,0,17,255,31.9,50,0.152,1.94,34.99,20,50,0,0,10,0.95,6.51,33.05,0,215.21,0
2024-05-28T13:00:00.000Z,28/5/2024,06:30 PM,Tue,0,18,0,30.6,50,0.158,0,237.34,20,50,0,0,10,0.95,8.06,237.34,0,1913.27,0
2024-05-28T14:00:00.000Z,28/5/2024,07:30 PM,Tue,0,19,0,29.3,50,0.163,0,221.67,20,50,0,0,10,0.95,9.15,221.67,0,2029.29,0
2024-05-28T15:00:00.000Z,28/5/2024,08:30 PM,Tue,0,20,0,28.1,50,0.168,0,212.38,20,50,0,0,10,0.95,8.25,212.38,0,1752.85,0
2024-05-28T16:00:00.000Z,28/5/2024,09:30 PM,Tue,0,21,0,27.1,50,0.172,0,238.53,20,50,0,0,10,0.95,8.08,238.53,0,1926.77,0
2024-05-28T17:00:00.000Z,28/5/2024,10:30 PM,Tue,0,22,0,26.3,50,0.175,0,272.26,20,50,0,0,10,0.95,9.75,272.26,0,2655.53,0
2024-05-28T18:00:00.000Z,28/5/2024,11:30 PM,Tue,0,23,0,25.8,50,0.177,0,290.36,20,50,0,0,10,0.95,6.75,290.36,0,1959.96,0
2024-05-28T19:00:00.000Z,29/5/2024,12:30 AM,Wed,0,0,0,25.5,50,0.178,0,111.57,20,50,0,0,10,0.95,6.54,111.57,0,729.16,0
2024-05-28T20:00:00.000Z,29/5/2024,01:30 AM,Wed,0,1,0,25.6,50,0.178,0,90.67,20,50,0,0,10,0.95,5.52,90.67,0,500.92,0
2024-05-28T21:00:00.000Z,29/5/2024,02:30 AM,Wed,0,2,0,26.1,50,0.176,0,92.79,20,50,0,0,10,0.95,5.76,92.79,0,534.3,0
2024-05-28T22:00:00.000Z,29/5/2024,03:30 AM,Wed,0,3,0,26.9,50,0.172,0,79.69,20,50,0,0,10,0.95,6.58,79.69,0,524.32,0
2024-05-28T23:00:00.000Z,29/5/2024,04:30 AM,Wed,0,4,0,28,50,0.168,0,105.99,20,50,0,0,10,0.95,6.15,105.99,0,651.47,0
2024-05-29T00:00:00.000Z,29/5/2024,05:30 AM,Wed,0,5,0,29.2,50,0.163,0,99.91,20,50,0,0,10,0.95,6.59,99.91,0,658.76,0
2024-05-29T01:00:00.000Z,29/5/2024,06:30 AM,Wed,0,6,0,30.5,50,0.158,0,235.35,20,50,0,0,10,0.95,8.84,235.35,0,2080.35,0
2024-05-29T02:00:00.000Z,29/5/2024,07:30 AM,Wed,0,7,298,31.7,50,0.153,2.28,191.44,20,50,0,0,10,0.95,9.71,189.16,0,1836.98,0
2024-05-29T03:00:00.000Z,29/5/2024,08:30 AM,Wed,0,8,538,33,50,0.148,3.98,164.28,20,50,0,0,10,0.95,9.73,160.3,0,1560.46,0
2024-05-29T04:00:00.000Z,29/5/2024,09:30 AM,Wed,0,9,659,34,50,0.144,4.74,176.24,20,50,0,0,10,0.95,8.11,171.5,0,1390.09,0
2024-05-29T05:00:00.000Z,29/5/2024,10:30 AM,Wed,0,10,850,34.8,50,0.141,5.98,33.36,20,50,0,0,10,0.95,8.42,27.38,0,230.62,0
2024-05-29T06:00:00.000Z,29/5/2024,11:30 AM,Wed,0,11,1125,35.3,50,0.139,7.81,32.03,20,50,0,0,10,0.95,5.93,24.22,0,143.74,0
2024-05-29T07:00:00.000Z,29/5/2024,12:30 PM,Wed,0,12,923,35.5,50,0.138,6.37,33.24,20,50,0,0,10,0.95,5.14,26.87,0,138.17,0
2024-05-29T08:00:00.000Z,29/5/2024,01:30 PM,Wed,0,13,929,35.3,50,0.139,6.45,37.1,20,50,0,0,10,0.95,5.81,30.65,0,178.17,0
2024-05-29T09:00:00.000Z,29/5/2024,02:30 PM,Wed,0,14,864,34.8,50,0.141,6.08,34.58,20,50,0,0,10,0.95,5.05,28.5,0,144.02,0
2024-05-29T10:00:00.000Z,29/5/2024,03:30 PM,Wed,0,15,692,34,50,0.144,4.98,30.11,20,50,0,0,10,0.95,5.71,25.13,0,143.47,0
2024-05-29T11:00:00.000Z,29/5/2024,04:30 PM,Wed,0,16,527,33,50,0.148,3.9,37.05,20,50,0,0,10,0.95,6.37,33.15,0,211.23,0
2024-05-29T12:00:00.000Z,29/5/2024,05:30 PM,Wed,0,17,299,31.7,50,0.153,2.29,34.91,20,50,0,0,10,0.95,6.47,32.62,0,211.02,0
2024-05-29T13:00:00.000Z,29/5/2024,06:30 PM,Wed,0,18,0,30.5,50,0.158,0,251.9,20,50,0,0,10,0.95,8.88,251.9,0,2237.89,0
2024-05-29T14:00:00.000Z,29/5/2024,07:30 PM,Wed,0,19,0,29.2,50,0.163,0,252.8,20,50,0,0,10,0.95,8.2,252.8,0,2073.94,0
2024-05-29T15:00:00.000Z,29/5/2024,08:30 PM,Wed,0,20,0,28,50,0.168,0,267.55,20,50,0,0,10,0.95,8.48,267.55,0,2269.35,0
2024-05-29T16:00:00.000Z,29/5/2024,09:30 PM,Wed,0,21,0,26.9,50,0.172,0,284.84,20,50,0,0,10,0.95,8.88,284.84,0,2530.26,0
2024-05-29T17:00:00.000Z,29/5/2024,10:30 PM,Wed,0,22,0,26.1,50,0.176,0,265.71,20,50,0,0,10,0.95,8.28,265.71,0,2199.45,0
2024-05-29T18:00:00.000Z,29/5/2024,11:30 PM,Wed,0,23,0,25.6,50,0.178,0,262.52,20,50,0,0,10,0.95,5.38,262.52,0,1412.43,0